date,market_id,crop,arrivals_t,min_price_kg,max_price_kg,modal_price_kg,source
2022-01-01,kolar,tomato,945,10.306,36.232,22.24,ceda_agmarknet
2022-01-02,kolar,tomato,1027,9.1425,35.1225,21.14,ceda_agmarknet
2022-01-03,kolar,tomato,929,7.226,32.18,18.58,ceda_agmarknet
2022-01-04,kolar,tomato,1108,9.372,27.146,16.358,ceda_agmarknet
2022-01-05,kolar,tomato,1140,8.12,24.372,16.22,ceda_agmarknet
2022-01-06,kolar,tomato,1008,8.118,23.574,15.434000000000001,ceda_agmarknet
2022-01-07,kolar,tomato,731,9.6675,29.3325,18.0,ceda_agmarknet
2022-01-08,kolar,tomato,533,7.666666666666666,22.953333333333333,13.953333333333333,ceda_agmarknet
2022-01-09,kolar,tomato,650,7.776666666666666,24.89,15.113333333333333,ceda_agmarknet
2022-01-10,kolar,tomato,1013,10.921666666666667,26.3,17.461666666666666,ceda_agmarknet
2022-01-11,kolar,tomato,1098,7.46,24.445999999999998,15.245999999999999,ceda_agmarknet
2022-01-12,kolar,tomato,1108,8.716666666666667,22.461666666666666,14.11,ceda_agmarknet
2022-01-13,kolar,tomato,1096,4.593999999999999,16.906,9.852,ceda_agmarknet
2022-01-14,kolar,tomato,980,4.2325,14.9975,9.165,ceda_agmarknet
2022-01-15,kolar,tomato,155,6.1,14.1,10.3,ceda_agmarknet
2022-01-16,kolar,tomato,416,10.223333333333334,29.776666666666664,17.31,ceda_agmarknet
2022-01-17,kolar,tomato,839,9.466000000000001,25.24,18.3,ceda_agmarknet
2022-01-18,kolar,tomato,995,3.8433333333333333,12.98,9.553333333333335,ceda_agmarknet
2022-01-19,kolar,tomato,897,4.3075,14.0825,9.75,ceda_agmarknet
2022-01-20,kolar,tomato,778,4.31,13.866666666666667,8.886666666666667,ceda_agmarknet
2022-01-21,kolar,tomato,839,5.11,13.666666666666668,8.666666666666666,ceda_agmarknet
2022-01-22,kolar,tomato,392,4.0,10.6,8.0,ceda_agmarknet
2022-01-23,kolar,tomato,581,5.3,15.3,10.0,ceda_agmarknet
2022-01-24,kolar,tomato,446,4.8,14.1,10.0,ceda_agmarknet
2022-01-25,kolar,tomato,604,5.176666666666666,13.533333333333333,9.11,ceda_agmarknet
2022-01-26,kolar,tomato,545,6.1,16.3,10.65,ceda_agmarknet
2022-01-27,kolar,tomato,768,6.1,15.0,10.65,ceda_agmarknet
2022-01-28,kolar,tomato,766,5.3825,13.1575,9.4375,ceda_agmarknet
2022-01-29,kolar,tomato,751,3.8433333333333333,10.22,7.176666666666666,ceda_agmarknet
2022-01-30,kolar,tomato,764,3.665,8.33,5.98,ceda_agmarknet
2022-01-31,kolar,tomato,840,3.276666666666667,8.4,5.666666666666666,ceda_agmarknet
2022-02-01,kolar,tomato,864,3.065,6.7325,4.9,ceda_agmarknet
2022-02-02,kolar,tomato,739,3.1475,7.4325,5.0825,ceda_agmarknet
2022-02-03,kolar,tomato,715,3.8825,9.6575,6.8325,ceda_agmarknet
2022-02-04,kolar,tomato,851,4.065,11.5825,9.4325,ceda_agmarknet
2022-02-05,kolar,tomato,902,4.665,12.75,9.0075,ceda_agmarknet
2022-02-06,kolar,tomato,1114,4.22,11.776666666666667,7.543333333333334,ceda_agmarknet
2022-02-07,kolar,tomato,984,3.665,10.0075,6.9325,ceda_agmarknet
2022-02-08,kolar,tomato,1087,5.7860000000000005,12.614,8.427999999999999,ceda_agmarknet
2022-02-09,kolar,tomato,1155,3.2325,8.9975,6.1,ceda_agmarknet
2022-02-10,kolar,tomato,1212,3.065,7.9975,5.765,ceda_agmarknet
2022-02-11,kolar,tomato,1033,3.065,8.1,5.5825,ceda_agmarknet
2022-02-12,kolar,tomato,864,3.065,8.175,5.7575,ceda_agmarknet
2022-02-13,kolar,tomato,974,3.0966666666666667,8.23,5.333333333333334,ceda_agmarknet
2022-02-14,kolar,tomato,1140,4.466,8.146,5.892,ceda_agmarknet
2022-02-15,kolar,tomato,999,3.49,7.675,5.0,ceda_agmarknet
2022-02-16,kolar,tomato,1006,3.0725,6.59,4.25,ceda_agmarknet
2022-02-17,kolar,tomato,1027,2.9975,6.515,4.35,ceda_agmarknet
2022-02-18,kolar,tomato,935,3.21,6.566666666666666,4.32,ceda_agmarknet
2022-02-19,kolar,tomato,1042,3.1475,6.5725,4.7225,ceda_agmarknet
2022-02-20,kolar,tomato,933,3.32,6.676666666666666,4.9,ceda_agmarknet
2022-02-21,kolar,tomato,986,3.6519999999999997,7.704,5.917999999999999,ceda_agmarknet
2022-02-22,kolar,tomato,944,3.398,7.438,5.614,ceda_agmarknet
2022-02-23,kolar,tomato,996,3.5260000000000002,7.146,5.5,ceda_agmarknet
2022-02-24,kolar,tomato,895,2.6575,5.6825,3.9325,ceda_agmarknet
2022-02-25,kolar,tomato,1042,2.998,6.932,5.432,ceda_agmarknet
2022-02-26,kolar,tomato,794,2.8325,5.4175,4.15,ceda_agmarknet
2022-02-27,kolar,tomato,834,2.996666666666667,5.556666666666667,4.1,ceda_agmarknet
2022-02-28,kolar,tomato,836,2.5825,5.4325,3.7325,ceda_agmarknet
2022-03-01,kolar,tomato,902,2.776666666666667,5.456666666666666,3.776666666666667,ceda_agmarknet
2022-03-02,kolar,tomato,889,2.776666666666667,6.881666666666666,5.288333333333334,ceda_agmarknet
2022-03-03,kolar,tomato,801,2.658,6.132000000000001,4.34,ceda_agmarknet
2022-03-04,kolar,tomato,1256,2.858,5.932,4.486000000000001,ceda_agmarknet
2022-03-05,kolar,tomato,1183,2.6660000000000004,5.7860000000000005,4.252,ceda_agmarknet
2022-03-06,kolar,tomato,1232,2.3225,5.325,3.5675,ceda_agmarknet
2022-03-07,kolar,tomato,1111,2.715,6.333333333333334,4.773333333333333,ceda_agmarknet
2022-03-08,kolar,tomato,1062,2.4383333333333335,5.776666666666666,4.3933333333333335,ceda_agmarknet
2022-03-09,kolar,tomato,903,2.6675,5.175,3.665,ceda_agmarknet
2022-03-10,kolar,tomato,858,2.5,4.5,3.325,ceda_agmarknet
2022-03-11,kolar,tomato,1012,2.0,4.58,3.054,ceda_agmarknet
2022-03-12,kolar,tomato,936,2.2,4.071666666666667,3.061666666666667,ceda_agmarknet
2022-03-13,kolar,tomato,1025,1.8325,4.24,2.99,ceda_agmarknet
2022-03-14,kolar,tomato,912,1.926,4.466,3.252,ceda_agmarknet
2022-03-15,kolar,tomato,785,2.4675,4.825,3.4175,ceda_agmarknet
2022-03-16,kolar,tomato,1064,2.032,4.954,3.4539999999999997,ceda_agmarknet
2022-03-17,kolar,tomato,1223,2.1,4.666,3.3939999999999997,ceda_agmarknet
2022-03-18,kolar,tomato,1194,1.966,4.58,3.22,ceda_agmarknet
2022-03-19,kolar,tomato,1016,2.106,5.406000000000001,3.792,ceda_agmarknet
2022-03-20,kolar,tomato,1017,2.165,5.9225,3.9825,ceda_agmarknet
2022-03-21,kolar,tomato,1189,2.332,6.112,4.06,ceda_agmarknet
2022-03-22,kolar,tomato,1503,2.394,6.2,4.34,ceda_agmarknet
2022-03-23,kolar,tomato,1617,2.532,6.212000000000001,4.0,ceda_agmarknet
2022-03-24,kolar,tomato,1476,2.198,5.398,3.4,ceda_agmarknet
2022-03-25,kolar,tomato,1480,2.4983333333333335,5.7716666666666665,4.101666666666667,ceda_agmarknet
2022-03-26,kolar,tomato,1102,2.0980000000000003,4.332,2.92,ceda_agmarknet
2022-03-27,kolar,tomato,957,2.425,5.3925,3.8325,ceda_agmarknet
2022-03-28,kolar,tomato,843,2.238,5.654,3.6519999999999997,ceda_agmarknet
2022-03-29,kolar,tomato,833,2.492,6.386,4.126,ceda_agmarknet
2022-03-30,kolar,tomato,966,2.266,6.638,4.34,ceda_agmarknet
2022-03-31,kolar,tomato,1158,2.392,7.106,4.82,ceda_agmarknet
2022-04-01,kolar,tomato,1263,2.572,7.392,4.452,ceda_agmarknet
2022-04-02,kolar,tomato,1207,2.86,8.66,5.586,ceda_agmarknet
2022-04-03,kolar,tomato,669,3.075,11.9925,7.6425,ceda_agmarknet
2022-04-04,kolar,tomato,734,3.5260000000000002,12.186,7.726,ceda_agmarknet
2022-04-05,kolar,tomato,1416,3.06,11.514000000000001,7.072,ceda_agmarknet
2022-04-06,kolar,tomato,1306,2.986,11.38,7.132000000000001,ceda_agmarknet
2022-04-07,kolar,tomato,1241,2.5660000000000003,8.4,5.026,ceda_agmarknet
2022-04-08,kolar,tomato,1096,2.7939999999999996,10.454,6.0520000000000005,ceda_agmarknet
2022-04-09,kolar,tomato,1032,2.86,11.386,7.186,ceda_agmarknet
2022-04-10,kolar,tomato,968,3.325,12.315,7.8325,ceda_agmarknet
2022-04-11,kolar,tomato,807,3.4539999999999997,12.786,7.932,ceda_agmarknet
2022-04-12,kolar,tomato,1016,4.2,14.655,8.611666666666666,ceda_agmarknet
2022-04-13,kolar,tomato,1019,3.8539999999999996,14.998,9.0,ceda_agmarknet
2022-04-14,kolar,tomato,1069,4.046,14.458,9.126,ceda_agmarknet
2022-04-15,kolar,tomato,894,3.714,15.4,8.926,ceda_agmarknet
2022-04-16,kolar,tomato,1001,3.6519999999999997,14.585999999999999,8.406,ceda_agmarknet
2022-04-17,kolar,tomato,891,4.25,18.6575,11.65,ceda_agmarknet
2022-04-18,kolar,tomato,967,5.532,20.631999999999998,11.454,ceda_agmarknet
2022-04-19,kolar,tomato,941,5.666,23.934,13.392000000000001,ceda_agmarknet
2022-04-20,kolar,tomato,796,5.6,22.925,11.2475,ceda_agmarknet
2022-04-21,kolar,tomato,881,5.666,23.206,15.2,ceda_agmarknet
2022-04-22,kolar,tomato,848,6.4,24.658,14.854000000000001,ceda_agmarknet
2022-04-23,kolar,tomato,789,7.132000000000001,26.46,16.252,ceda_agmarknet
2022-04-24,kolar,tomato,771,7.49,26.9925,17.4975,ceda_agmarknet
2022-04-25,kolar,tomato,852,8.126,29.052,18.594,ceda_agmarknet
2022-04-26,kolar,tomato,1284,7.006,23.494,13.792,ceda_agmarknet
2022-04-27,kolar,tomato,789,7.266,30.366,18.3,ceda_agmarknet
2022-04-28,kolar,tomato,854,7.794,31.86,19.646,ceda_agmarknet
2022-04-29,kolar,tomato,747,9.448,37.34,21.605999999999998,ceda_agmarknet
2022-04-30,kolar,tomato,774,10.58,42.92,24.272,ceda_agmarknet
2022-05-01,kolar,tomato,783,9.1575,37.0075,23.25,ceda_agmarknet
2022-05-02,kolar,tomato,734,9.186,34.272,18.468,ceda_agmarknet
2022-05-03,kolar,tomato,672,11.106,38.254,25.831999999999997,ceda_agmarknet
2022-05-04,kolar,tomato,715,11.106,41.372,25.938000000000002,ceda_agmarknet
2022-05-05,kolar,tomato,820,11.706,40.638000000000005,25.066,ceda_agmarknet
2022-05-06,kolar,tomato,804,11.526,41.034,24.2,ceda_agmarknet
2022-05-07,kolar,tomato,786,11.585999999999999,39.254,25.0,ceda_agmarknet
2022-05-08,kolar,tomato,764,11.475,40.1475,23.815,ceda_agmarknet
2022-05-09,kolar,tomato,629,13.325999999999999,42.468,27.268,ceda_agmarknet
2022-05-10,kolar,tomato,723,15.485,44.6,27.415,ceda_agmarknet
2022-05-11,kolar,tomato,615,14.254000000000001,46.18,28.2,ceda_agmarknet
2022-05-12,kolar,tomato,757,17.326,48.458,31.06,ceda_agmarknet
2022-05-13,kolar,tomato,553,17.86,50.254,30.191999999999997,ceda_agmarknet
2022-05-14,kolar,tomato,790,21.2575,48.24,30.325,ceda_agmarknet
2022-05-15,kolar,tomato,764,22.3325,46.5075,31.4075,ceda_agmarknet
2022-05-16,kolar,tomato,758,17.06,50.938,34.066,ceda_agmarknet
2022-05-17,kolar,tomato,773,20.125999999999998,53.88,33.205999999999996,ceda_agmarknet
2022-05-18,kolar,tomato,664,18.465999999999998,52.266000000000005,34.746,ceda_agmarknet
2022-05-19,kolar,tomato,866,18.8,47.406000000000006,29.465999999999998,ceda_agmarknet
2022-05-20,kolar,tomato,731,22.12,57.406000000000006,35.652,ceda_agmarknet
2022-05-21,kolar,tomato,702,23.92,68.27199999999999,46.446000000000005,ceda_agmarknet
2022-05-22,kolar,tomato,742,27.6575,60.4925,42.825,ceda_agmarknet
2022-05-23,kolar,tomato,750,26.386,61.794,44.63399999999999,ceda_agmarknet
2022-05-24,kolar,tomato,849,15.594000000000001,52.926,33.594,ceda_agmarknet
2022-05-25,kolar,tomato,860,16.66,51.6,35.046,ceda_agmarknet
2022-05-26,kolar,tomato,738,15.458,49.588,32.512,ceda_agmarknet
2022-05-27,kolar,tomato,1139,16.134,42.926,29.894000000000002,ceda_agmarknet
2022-05-28,kolar,tomato,707,18.0,57.5075,36.665,ceda_agmarknet
2022-05-29,kolar,tomato,868,14.443333333333333,57.76666666666667,35.56666666666666,ceda_agmarknet
2022-05-30,kolar,tomato,1020,14.9825,49.825,31.525,ceda_agmarknet
2022-05-31,kolar,tomato,1085,16.53333333333333,51.86666666666667,34.96666666666667,ceda_agmarknet
2022-06-01,kolar,tomato,85,5.33,36.66,21.0,ceda_agmarknet
2022-06-02,kolar,tomato,1681,15.065999999999999,41.934,27.726,ceda_agmarknet
2022-06-03,kolar,tomato,1674,16.526,43.398,28.392,ceda_agmarknet
2022-06-04,kolar,tomato,1611,15.466,43.114,28.785999999999998,ceda_agmarknet
2022-06-05,kolar,tomato,1554,16.3225,44.665,28.3075,ceda_agmarknet
2022-06-06,kolar,tomato,1486,16.12,49.052,33.111999999999995,ceda_agmarknet
2022-06-07,kolar,tomato,1429,16.386,50.644,32.306,ceda_agmarknet
2022-06-08,kolar,tomato,1282,18.3325,50.8075,33.4075,ceda_agmarknet
2022-06-09,kolar,tomato,1447,14.852,49.652,31.712,ceda_agmarknet
2022-06-10,kolar,tomato,1806,17.5675,46.3325,32.7425,ceda_agmarknet
2022-06-11,kolar,tomato,1552,12.786,41.52,26.598000000000003,ceda_agmarknet
2022-06-12,kolar,tomato,2021,14.3175,43.34,27.9175,ceda_agmarknet
2022-06-13,kolar,tomato,2161,13.585999999999999,43.598,27.798000000000002,ceda_agmarknet
2022-06-14,kolar,tomato,2529,14.517999999999999,42.266000000000005,27.718000000000004,ceda_agmarknet
2022-06-15,kolar,tomato,2741,12.784,41.604,24.93,ceda_agmarknet
2022-06-16,kolar,tomato,2902,11.4925,35.9925,26.0,ceda_agmarknet
2022-06-17,kolar,tomato,2952,7.78,33.518,21.392,ceda_agmarknet
2022-06-18,kolar,tomato,3080,10.052,32.4,21.586,ceda_agmarknet
2022-06-19,kolar,tomato,2967,8.8075,31.825,20.1475,ceda_agmarknet
2022-06-20,kolar,tomato,3044,11.645999999999999,32.934,22.778000000000002,ceda_agmarknet
2022-06-21,kolar,tomato,3052,8.918,32.14,20.598000000000003,ceda_agmarknet
2022-06-22,kolar,tomato,3713,9.918,36.926,23.465999999999998,ceda_agmarknet
2022-06-23,kolar,tomato,3045,9.2575,36.315,21.18,ceda_agmarknet
2022-06-24,kolar,tomato,5153,7.926,27.866,20.125999999999998,ceda_agmarknet
2022-06-25,kolar,tomato,3101,8.075,27.3325,17.1575,ceda_agmarknet
2022-06-26,kolar,tomato,5624,7.475,27.5825,18.99,ceda_agmarknet
2022-06-27,kolar,tomato,6562,6.332000000000001,25.326,16.526,ceda_agmarknet
2022-06-28,kolar,tomato,6761,5.726,22.014,14.725999999999999,ceda_agmarknet
2022-06-29,kolar,tomato,7697,5.1979999999999995,18.918,12.412,ceda_agmarknet
2022-06-30,kolar,tomato,7510,3.6519999999999997,16.054000000000002,10.132,ceda_agmarknet
2022-07-01,kolar,tomato,6460,3.4075,12.725,7.05,ceda_agmarknet
2022-07-02,kolar,tomato,552,3.33,16.66,8.0,ceda_agmarknet
2022-07-03,kolar,tomato,6374,4.315,17.99,10.175,ceda_agmarknet
2022-07-04,kolar,tomato,6623,4.332,19.866,11.72,ceda_agmarknet
2022-07-05,kolar,tomato,7149,4.672,21.026,11.78,ceda_agmarknet
2022-07-06,kolar,tomato,7005,3.866,15.452,8.92,ceda_agmarknet
2022-07-07,kolar,tomato,7460,4.532,12.985999999999999,8.132,ceda_agmarknet
2022-07-08,kolar,tomato,6708,3.6719999999999997,12.18,7.672000000000001,ceda_agmarknet
2022-07-09,kolar,tomato,6569,3.532,13.132,7.78,ceda_agmarknet
2022-07-10,kolar,tomato,5996,3.665,11.6575,7.49,ceda_agmarknet
2022-07-11,kolar,tomato,6421,3.6719999999999997,12.592,7.732,ceda_agmarknet
2022-07-12,kolar,tomato,6707,3.792,13.392000000000001,8.406,ceda_agmarknet
2022-07-13,kolar,tomato,6993,3.6719999999999997,12.578,8.274,ceda_agmarknet
2022-07-14,kolar,tomato,7338,3.5260000000000002,11.306,7.492000000000001,ceda_agmarknet
2022-07-15,kolar,tomato,4517,3.74,11.3075,7.1975,ceda_agmarknet
2022-07-16,kolar,tomato,4500,2.9925,9.825,6.3825,ceda_agmarknet
2022-07-17,kolar,tomato,5525,4.14,17.1575,11.2575,ceda_agmarknet
2022-07-18,kolar,tomato,6923,3.932,11.732000000000001,7.906000000000001,ceda_agmarknet
2022-07-19,kolar,tomato,7360,3.532,11.798,8.066,ceda_agmarknet
2022-07-20,kolar,tomato,7450,3.52,11.585999999999999,7.8260000000000005,ceda_agmarknet
2022-07-21,kolar,tomato,7138,3.398,11.32,7.212000000000001,ceda_agmarknet
2022-07-22,kolar,tomato,7311,3.386,10.26,7.166,ceda_agmarknet
2022-07-23,kolar,tomato,7172,2.986,9.72,6.164,ceda_agmarknet
2022-07-24,kolar,tomato,7252,2.9,10.34,7.1575,ceda_agmarknet
2022-07-25,kolar,tomato,6971,2.986,9.332,6.022,ceda_agmarknet
2022-07-26,kolar,tomato,7386,2.9,10.5075,6.6575,ceda_agmarknet
2022-07-27,kolar,tomato,6828,2.86,9.597999999999999,5.957999999999999,ceda_agmarknet
2022-07-28,kolar,tomato,6556,2.926,8.792,5.568,ceda_agmarknet
2022-07-29,kolar,tomato,5986,2.926,9.326,5.284,ceda_agmarknet
2022-07-30,kolar,tomato,6570,3.32,10.652000000000001,6.892,ceda_agmarknet
2022-07-31,kolar,tomato,6250,2.99,11.9825,7.1675,ceda_agmarknet
2022-08-01,kolar,tomato,6228,3.266666666666667,10.31,5.971666666666667,ceda_agmarknet
2022-08-02,kolar,tomato,7051,3.0380000000000003,12.505999999999998,7.76,ceda_agmarknet
2022-08-03,kolar,tomato,6313,3.433333333333333,11.66,6.8933333333333335,ceda_agmarknet
2022-08-04,kolar,tomato,6535,3.155,10.87,6.585,ceda_agmarknet
2022-08-05,kolar,tomato,6321,3.55,10.205,6.913333333333334,ceda_agmarknet
2022-08-06,kolar,tomato,5447,3.271666666666667,10.326666666666668,6.6033333333333335,ceda_agmarknet
2022-08-07,kolar,tomato,5126,3.1860000000000004,10.118,6.794,ceda_agmarknet
2022-08-08,kolar,tomato,5695,3.655,10.766666666666667,7.1,ceda_agmarknet
2022-08-09,kolar,tomato,4909,2.986,11.18,6.8260000000000005,ceda_agmarknet
2022-08-10,kolar,tomato,5340,3.266666666666667,12.783333333333333,7.793333333333334,ceda_agmarknet
2022-08-11,kolar,tomato,5305,4.1,14.205,8.656666666666666,ceda_agmarknet
2022-08-12,kolar,tomato,5534,3.938333333333333,14.665,8.693333333333333,ceda_agmarknet
2022-08-13,kolar,tomato,5555,3.1860000000000004,13.52,7.797999999999999,ceda_agmarknet
2022-08-14,kolar,tomato,4709,3.9939999999999998,14.005999999999998,8.794,ceda_agmarknet
2022-08-15,kolar,tomato,4701,3.8833333333333333,13.655,8.433333333333334,ceda_agmarknet
2022-08-16,kolar,tomato,4603,3.46,13.985999999999999,8.66,ceda_agmarknet
2022-08-17,kolar,tomato,4753,4.05,11.55,7.645,ceda_agmarknet
2022-08-18,kolar,tomato,2955,3.86,10.526,6.706,ceda_agmarknet
2022-08-19,kolar,tomato,4216,3.933333333333333,12.445,8.305,ceda_agmarknet
2022-08-20,kolar,tomato,3913,4.045,11.993333333333332,8.35,ceda_agmarknet
2022-08-21,kolar,tomato,3559,4.186,13.132,8.392000000000001,ceda_agmarknet
2022-08-22,kolar,tomato,4077,4.05,12.655,7.805,ceda_agmarknet
2022-08-23,kolar,tomato,4066,3.325,12.1675,7.5,ceda_agmarknet
2022-08-24,kolar,tomato,3644,4.211666666666667,10.655,7.248333333333334,ceda_agmarknet
2022-08-25,kolar,tomato,3782,3.825,10.481666666666667,6.631666666666666,ceda_agmarknet
2022-08-26,kolar,tomato,3226,4.211666666666667,10.766666666666667,7.5216666666666665,ceda_agmarknet
2022-08-27,kolar,tomato,2736,3.6,11.538333333333332,7.41,ceda_agmarknet
2022-08-28,kolar,tomato,2658,3.52,11.845999999999998,6.966,ceda_agmarknet
2022-08-29,kolar,tomato,2266,3.194,15.32,8.026,ceda_agmarknet
2022-08-30,kolar,tomato,2131,3.592,16.392,9.398,ceda_agmarknet
2022-08-31,kolar,tomato,2057,3.392,18.124000000000002,10.02,ceda_agmarknet
2022-09-01,kolar,tomato,1284,6.46,22.646,13.892000000000001,ceda_agmarknet
2022-09-02,kolar,tomato,1321,5.92,25.726,15.095999999999998,ceda_agmarknet
2022-09-03,kolar,tomato,2189,4.984,28.18,15.31,ceda_agmarknet
2022-09-04,kolar,tomato,2505,4.98,23.186,13.492,ceda_agmarknet
2022-09-05,kolar,tomato,1889,5.1,29.215,15.168333333333333,ceda_agmarknet
2022-09-06,kolar,tomato,1763,6.053999999999999,38.986,17.662,ceda_agmarknet
2022-09-07,kolar,tomato,1627,6.3116666666666665,28.043333333333337,16.063333333333333,ceda_agmarknet
2022-09-08,kolar,tomato,1616,5.876666666666666,25.215,13.655,ceda_agmarknet
2022-09-09,kolar,tomato,1451,5.988333333333333,26.893333333333334,14.91,ceda_agmarknet
2022-09-10,kolar,tomato,1470,4.6,27.731666666666666,12.326666666666668,ceda_agmarknet
2022-09-11,kolar,tomato,1633,5.986000000000001,26.32,13.065999999999999,ceda_agmarknet
2022-09-12,kolar,tomato,1637,4.16,26.943333333333335,11.321666666666667,ceda_agmarknet
2022-09-13,kolar,tomato,1666,4.8175,27.99,15.3425,ceda_agmarknet
2022-09-14,kolar,tomato,1552,5.548333333333334,26.6,13.505,ceda_agmarknet
2022-09-15,kolar,tomato,1414,6.2716666666666665,28.11,14.388333333333332,ceda_agmarknet
2022-09-16,kolar,tomato,1564,6.043333333333334,26.938333333333336,15.321666666666667,ceda_agmarknet
2022-09-17,kolar,tomato,1472,4.7860000000000005,28.386,16.066,ceda_agmarknet
2022-09-18,kolar,tomato,1224,6.3175,27.8175,13.9975,ceda_agmarknet
2022-09-19,kolar,tomato,1513,4.986000000000001,29.32,15.86,ceda_agmarknet
2022-09-20,kolar,tomato,1683,4.734,28.334,14.398,ceda_agmarknet
2022-09-21,kolar,tomato,1581,4.926,26.112,14.8,ceda_agmarknet
2022-09-22,kolar,tomato,1321,4.675,25.6575,13.5725,ceda_agmarknet
2022-09-23,kolar,tomato,1307,4.0,22.3425,12.0,ceda_agmarknet
2022-09-24,kolar,tomato,1727,4.7780000000000005,22.846,13.798,ceda_agmarknet
2022-09-25,kolar,tomato,1482,4.5675,25.15,13.4825,ceda_agmarknet
2022-09-26,kolar,tomato,635,5.4925,27.1675,15.7325,ceda_agmarknet
2022-09-27,kolar,tomato,928,4.6575,29.1575,16.2575,ceda_agmarknet
2022-09-28,kolar,tomato,1244,4.986000000000001,27.334,14.446,ceda_agmarknet
2022-09-29,kolar,tomato,1315,4.9825,26.165,13.8175,ceda_agmarknet
2022-09-30,kolar,tomato,1156,4.4,27.006,14.652000000000001,ceda_agmarknet
2022-10-01,kolar,tomato,1090,5.854,27.534000000000002,15.585999999999999,ceda_agmarknet
2022-10-02,kolar,tomato,1127,5.1475,28.8325,14.665,ceda_agmarknet
2022-10-03,kolar,tomato,1182,5.8,28.8,14.854000000000001,ceda_agmarknet
2022-10-04,kolar,tomato,1285,4.9319999999999995,28.112,14.864,ceda_agmarknet
2022-10-05,kolar,tomato,1033,5.5,28.38,16.125999999999998,ceda_agmarknet
2022-10-06,kolar,tomato,1146,6.332000000000001,30.526,17.066,ceda_agmarknet
2022-10-07,kolar,tomato,1258,5.386,28.406,15.386,ceda_agmarknet
2022-10-08,kolar,tomato,1201,5.7860000000000005,28.0,15.665999999999999,ceda_agmarknet
2022-10-09,kolar,tomato,1220,4.6475,27.1325,14.15,ceda_agmarknet
2022-10-10,kolar,tomato,1300,6.066,28.78,16.458,ceda_agmarknet
2022-10-11,kolar,tomato,1475,5.254,33.786,15.52,ceda_agmarknet
2022-10-12,kolar,tomato,1345,5.254,29.726,16.726,ceda_agmarknet
2022-10-13,kolar,tomato,994,6.74,30.34,16.255,ceda_agmarknet
2022-10-14,kolar,tomato,1381,5.266,30.534000000000002,17.6,ceda_agmarknet
2022-10-15,kolar,tomato,1499,6.066,31.206,17.052,ceda_agmarknet
2022-10-16,kolar,tomato,1568,6.0,28.9725,17.3175,ceda_agmarknet
2022-10-17,kolar,tomato,1453,6.943333333333333,30.493333333333336,17.36,ceda_agmarknet
2022-10-18,kolar,tomato,2076,5.513999999999999,30.66,17.125999999999998,ceda_agmarknet
2022-10-19,kolar,tomato,1898,5.18,28.791999999999998,15.512,ceda_agmarknet
2022-10-20,kolar,tomato,2450,5.1339999999999995,28.406,15.0,ceda_agmarknet
2022-10-21,kolar,tomato,2718,4.792,26.791999999999998,13.985999999999999,ceda_agmarknet
2022-10-22,kolar,tomato,2658,4.252,25.406,14.126,ceda_agmarknet
2022-10-23,kolar,tomato,2902,3.315,19.165,11.65,ceda_agmarknet
2022-10-24,kolar,tomato,1816,10.857999999999999,24.798000000000002,18.592,ceda_agmarknet
2022-10-25,kolar,tomato,1522,3.992,26.252,14.334000000000001,ceda_agmarknet
2022-10-26,kolar,tomato,2166,3.92,25.592,13.258,ceda_agmarknet
2022-10-27,kolar,tomato,2978,3.72,22.454,13.058,ceda_agmarknet
2022-10-28,kolar,tomato,2931,3.252,19.192,12.064,ceda_agmarknet
2022-10-29,kolar,tomato,1541,3.252,19.317999999999998,12.12,ceda_agmarknet
2022-10-30,kolar,tomato,1922,3.4825,18.825,10.325,ceda_agmarknet
2022-10-31,kolar,tomato,2238,3.6519999999999997,15.86,11.134,ceda_agmarknet
2022-11-01,kolar,tomato,2396,3.386,15.872,9.192,ceda_agmarknet
2022-11-02,kolar,tomato,1856,4.058,16.272000000000002,9.86,ceda_agmarknet
2022-11-03,kolar,tomato,1962,3.386,14.732000000000001,9.198,ceda_agmarknet
2022-11-04,kolar,tomato,1861,3.252,13.672,8.252,ceda_agmarknet
2022-11-05,kolar,tomato,1417,3.3325,14.7475,7.08,ceda_agmarknet
2022-11-06,kolar,tomato,1814,3.325,13.7575,7.9925,ceda_agmarknet
2022-11-07,kolar,tomato,1920,3.5180000000000002,14.452,8.666,ceda_agmarknet
2022-11-08,kolar,tomato,1991,3.5860000000000003,14.0,8.672,ceda_agmarknet
2022-11-09,kolar,tomato,1343,3.21,14.776666666666667,8.22,ceda_agmarknet
2022-11-10,kolar,tomato,883,3.1260000000000003,12.725999999999999,7.138,ceda_agmarknet
2022-11-11,kolar,tomato,1784,3.392,11.065999999999999,6.33,ceda_agmarknet
2022-11-12,kolar,tomato,1636,3.26,10.585999999999999,6.994,ceda_agmarknet
2022-11-13,kolar,tomato,925,3.4925,13.84,7.8325,ceda_agmarknet
2022-11-14,kolar,tomato,1588,3.32,11.985999999999999,7.126,ceda_agmarknet
2022-11-15,kolar,tomato,1914,3.1260000000000003,11.526,6.532,ceda_agmarknet
2022-11-16,kolar,tomato,2250,2.9939999999999998,8.866,5.734,ceda_agmarknet
2022-11-17,kolar,tomato,2072,2.99,9.4825,6.0,ceda_agmarknet
2022-11-18,kolar,tomato,1655,2.674,9.246,6.126,ceda_agmarknet
2022-11-19,kolar,tomato,1587,2.7260000000000004,9.986,5.792000000000001,ceda_agmarknet
2022-11-20,kolar,tomato,1778,2.8325,10.1475,5.905,ceda_agmarknet
2022-11-21,kolar,tomato,1742,3.3939999999999997,10.134,6.472,ceda_agmarknet
2022-11-22,kolar,tomato,1579,3.252,11.192,6.606,ceda_agmarknet
2022-11-23,kolar,tomato,1768,3.26,11.46,6.854,ceda_agmarknet
2022-11-24,kolar,tomato,1499,3.252,12.252,6.992000000000001,ceda_agmarknet
2022-11-25,kolar,tomato,1674,2.7939999999999996,11.046,6.4,ceda_agmarknet
2022-11-26,kolar,tomato,2292,2.7319999999999998,10.2,5.5920000000000005,ceda_agmarknet
2022-11-27,kolar,tomato,1874,2.6675,10.075,6.15,ceda_agmarknet
2022-11-28,kolar,tomato,1497,2.912,12.392000000000001,6.912000000000001,ceda_agmarknet
2022-11-29,kolar,tomato,1610,3.392,12.857999999999999,7.986000000000001,ceda_agmarknet
2022-11-30,kolar,tomato,680,3.543333333333333,12.666666666666668,7.53,ceda_agmarknet
2022-12-01,kolar,tomato,1796,3.1860000000000004,11.325999999999999,6.874,ceda_agmarknet
2022-12-02,kolar,tomato,1711,3.252,10.592,6.066,ceda_agmarknet
2022-12-03,kolar,tomato,1709,3.252,11.074000000000002,6.992000000000001,ceda_agmarknet
2022-12-04,kolar,tomato,1289,2.9075,11.8225,6.675,ceda_agmarknet
2022-12-05,kolar,tomato,1297,2.992,10.54,6.718,ceda_agmarknet
2022-12-06,kolar,tomato,1181,2.926,10.265999999999998,6.332000000000001,ceda_agmarknet
2022-12-07,kolar,tomato,1309,2.866,9.452,5.726,ceda_agmarknet
2022-12-08,kolar,tomato,1178,2.866,9.586,6.26,ceda_agmarknet
2022-12-09,kolar,tomato,1089,2.932,9.932,6.392,ceda_agmarknet
2022-12-10,kolar,tomato,923,3.592,12.258,7.872000000000001,ceda_agmarknet
2022-12-11,kolar,tomato,501,4.1475,17.4825,11.1575,ceda_agmarknet
2022-12-12,kolar,tomato,647,3.8,16.52,10.006,ceda_agmarknet
2022-12-13,kolar,tomato,1247,3.452,15.594000000000001,9.34,ceda_agmarknet
2022-12-14,kolar,tomato,937,3.0660000000000003,13.992,7.178,ceda_agmarknet
2022-12-15,kolar,tomato,1010,3.252,13.325999999999999,7.792000000000001,ceda_agmarknet
2022-12-16,kolar,tomato,978,3.326,14.857999999999999,8.674,ceda_agmarknet
2022-12-17,kolar,tomato,910,3.493333333333333,16.555,9.665,ceda_agmarknet
2022-12-18,kolar,tomato,1327,3.815,15.6575,10.4925,ceda_agmarknet
2022-12-19,kolar,tomato,1069,3.386,16.458,10.4,ceda_agmarknet
2022-12-20,kolar,tomato,1167,2.926,13.517999999999999,7.72,ceda_agmarknet
2022-12-21,kolar,tomato,1229,2.986,10.332,6.132000000000001,ceda_agmarknet
2022-12-22,kolar,tomato,1053,2.866,7.534,4.8,ceda_agmarknet
2022-12-23,kolar,tomato,1013,2.866,8.318,5.598,ceda_agmarknet
2022-12-24,kolar,tomato,866,3.0460000000000003,8.732000000000001,5.18,ceda_agmarknet
2022-12-25,kolar,tomato,889,3.2325,10.315,5.99,ceda_agmarknet
2022-12-26,kolar,tomato,937,3.0460000000000003,10.38,6.332000000000001,ceda_agmarknet
2022-12-27,kolar,tomato,850,2.992,10.0,5.72,ceda_agmarknet
2022-12-28,kolar,tomato,996,3.1060000000000003,9.92,6.386,ceda_agmarknet
2022-12-29,kolar,tomato,823,3.0460000000000003,9.652000000000001,6.058,ceda_agmarknet
2022-12-30,kolar,tomato,907,3.052,10.26,5.997999999999999,ceda_agmarknet
2022-12-31,kolar,tomato,917,3.112,10.665999999999999,6.532,ceda_agmarknet
2023-01-01,kolar,tomato,849,3.0825,11.825,6.8175,ceda_agmarknet
2023-01-02,kolar,tomato,731,3.46,12.265999999999998,7.58,ceda_agmarknet
2023-01-03,kolar,tomato,750,3.415,14.175,8.74,ceda_agmarknet
2023-01-04,kolar,tomato,1088,3.452,13.386,8.346,ceda_agmarknet
2023-01-05,kolar,tomato,943,2.99,9.8225,5.64,ceda_agmarknet
2023-01-06,kolar,tomato,1003,3.06,11.06,6.332000000000001,ceda_agmarknet
2023-01-07,kolar,tomato,713,3.1860000000000004,11.466,6.6579999999999995,ceda_agmarknet
2023-01-08,kolar,tomato,721,3.315,12.9825,7.65,ceda_agmarknet
2023-01-09,kolar,tomato,856,3.32,12.126,7.732,ceda_agmarknet
2023-01-10,kolar,tomato,709,3.1860000000000004,12.798,7.8660000000000005,ceda_agmarknet
2023-01-11,kolar,tomato,787,3.858,13.34,8.932,ceda_agmarknet
2023-01-12,kolar,tomato,732,3.992,16.4,9.998,ceda_agmarknet
2023-01-13,kolar,tomato,728,4.598,26.526,13.06,ceda_agmarknet
2023-01-14,kolar,tomato,518,4.49,22.165,12.6575,ceda_agmarknet
2023-01-15,kolar,tomato,362,5.566666666666666,25.096666666666664,14.22,ceda_agmarknet
2023-01-16,kolar,tomato,257,6.2575,24.3325,14.5075,ceda_agmarknet
2023-01-17,kolar,tomato,420,5.138,24.732,13.738,ceda_agmarknet
2023-01-18,kolar,tomato,658,5.606,24.474,13.792,ceda_agmarknet
2023-01-19,kolar,tomato,606,5.825,25.6725,15.0075,ceda_agmarknet
2023-01-20,kolar,tomato,713,5.98,24.06,14.46,ceda_agmarknet
2023-01-21,kolar,tomato,846,4.986000000000001,22.651999999999997,13.332,ceda_agmarknet
2023-01-22,kolar,tomato,790,4.653333333333333,19.776666666666667,12.22,ceda_agmarknet
2023-01-23,kolar,tomato,693,4.2575,17.6725,9.2475,ceda_agmarknet
2023-01-24,kolar,tomato,823,3.846,16.926,9.458,ceda_agmarknet
2023-01-25,kolar,tomato,807,4.334,14.18,9.6,ceda_agmarknet
2023-01-26,kolar,tomato,752,4.6325,17.165,11.1575,ceda_agmarknet
2023-01-27,kolar,tomato,689,3.658,15.318,8.54,ceda_agmarknet
2023-01-28,kolar,tomato,600,4.25,16.1725,10.24,ceda_agmarknet
2023-01-29,kolar,tomato,543,4.325,15.59,9.9075,ceda_agmarknet
2023-01-30,kolar,tomato,599,3.9739999999999998,14.866,10.466,ceda_agmarknet
2023-01-31,kolar,tomato,595,3.7939999999999996,16.266,11.072000000000001,ceda_agmarknet
2023-02-01,kolar,tomato,720,3.6660000000000004,15.474,9.912,ceda_agmarknet
2023-02-02,kolar,tomato,767,3.8325,14.8225,9.315,ceda_agmarknet
2023-02-03,kolar,tomato,701,3.7319999999999998,14.658,8.992,ceda_agmarknet
2023-02-04,kolar,tomato,658,3.26,13.606,8.652000000000001,ceda_agmarknet
2023-02-05,kolar,tomato,604,3.5,13.815,8.4075,ceda_agmarknet
2023-02-06,kolar,tomato,630,4.2,15.06,9.312000000000001,ceda_agmarknet
2023-02-07,kolar,tomato,501,3.792,15.718,9.466000000000001,ceda_agmarknet
2023-02-08,kolar,tomato,571,4.42,18.125999999999998,11.072000000000001,ceda_agmarknet
2023-02-09,kolar,tomato,621,4.518,17.992,11.192,ceda_agmarknet
2023-02-10,kolar,tomato,543,4.06,16.794,10.4,ceda_agmarknet
2023-02-11,kolar,tomato,547,5.06,18.246,10.74,ceda_agmarknet
2023-02-12,kolar,tomato,585,4.8175,19.4725,11.3325,ceda_agmarknet
2023-02-13,kolar,tomato,607,5.186,20.531999999999996,11.798,ceda_agmarknet
2023-02-14,kolar,tomato,590,5.66,19.992,12.005999999999998,ceda_agmarknet
2023-02-15,kolar,tomato,585,5.2325,19.915,11.99,ceda_agmarknet
2023-02-16,kolar,tomato,531,5.66,18.518,10.806,ceda_agmarknet
2023-02-17,kolar,tomato,536,4.74,18.8325,12.34,ceda_agmarknet
2023-02-18,kolar,tomato,539,6.386,25.46,12.592,ceda_agmarknet
2023-02-19,kolar,tomato,550,8.15,23.665,14.4825,ceda_agmarknet
2023-02-20,kolar,tomato,509,7.534,23.326,14.674000000000001,ceda_agmarknet
2023-02-21,kolar,tomato,658,10.26,24.272,17.492,ceda_agmarknet
2023-02-22,kolar,tomato,668,4.986000000000001,21.058000000000003,12.534,ceda_agmarknet
2023-02-23,kolar,tomato,709,4.5825,18.2575,10.5,ceda_agmarknet
2023-02-24,kolar,tomato,716,11.0,25.471999999999998,17.266,ceda_agmarknet
2023-02-25,kolar,tomato,581,4.575,17.5,9.74,ceda_agmarknet
2023-02-26,kolar,tomato,582,4.89,17.55333333333333,10.89,ceda_agmarknet
2023-02-27,kolar,tomato,503,4.4,16.024,10.932,ceda_agmarknet
2023-02-28,kolar,tomato,445,4.16,16.534000000000002,10.325999999999999,ceda_agmarknet
2023-03-01,kolar,tomato,432,4.526,16.8,10.597999999999999,ceda_agmarknet
2023-03-02,kolar,tomato,468,4.654,18.792,12.134,ceda_agmarknet
2023-03-03,kolar,tomato,582,4.986000000000001,18.926,12.124,ceda_agmarknet
2023-03-04,kolar,tomato,555,14.2,26.34,20.531999999999996,ceda_agmarknet
2023-03-05,kolar,tomato,510,3.99,16.49,10.7475,ceda_agmarknet
2023-03-06,kolar,tomato,514,3.952,15.806,10.386,ceda_agmarknet
2023-03-07,kolar,tomato,503,4.458,16.66,11.312000000000001,ceda_agmarknet
2023-03-08,kolar,tomato,465,4.06,16.92,10.466,ceda_agmarknet
2023-03-09,kolar,tomato,435,3.792,17.052,10.532,ceda_agmarknet
2023-03-10,kolar,tomato,512,3.92,16.652,12.005999999999998,ceda_agmarknet
2023-03-11,kolar,tomato,520,3.926,16.658,11.198,ceda_agmarknet
2023-03-12,kolar,tomato,461,3.99,15.6575,10.0725,ceda_agmarknet
2023-03-13,kolar,tomato,538,3.92,15.118,9.658,ceda_agmarknet
2023-03-14,kolar,tomato,558,3.9075,12.6575,8.7575,ceda_agmarknet
2023-03-15,kolar,tomato,509,3.786,12.918,9.258,ceda_agmarknet
2023-03-16,kolar,tomato,574,3.92,12.065999999999999,8.058,ceda_agmarknet
2023-03-17,kolar,tomato,469,3.92,11.852,7.872000000000001,ceda_agmarknet
2023-03-18,kolar,tomato,468,3.658,12.386,7.244,ceda_agmarknet
2023-03-19,kolar,tomato,479,3.6475,12.165,7.1575,ceda_agmarknet
2023-03-20,kolar,tomato,645,3.452,11.857999999999999,7.126,ceda_agmarknet
2023-03-21,kolar,tomato,821,3.06,10.4,5.984,ceda_agmarknet
2023-03-22,kolar,tomato,620,3.06,9.8,6.192,ceda_agmarknet
2023-03-23,kolar,tomato,447,3.1260000000000003,11.58,6.978,ceda_agmarknet
2023-03-24,kolar,tomato,465,3.32,10.265999999999998,6.466,ceda_agmarknet
2023-03-25,kolar,tomato,868,2.866,9.8,6.332000000000001,ceda_agmarknet
2023-03-26,kolar,tomato,890,2.8325,8.4825,5.565,ceda_agmarknet
2023-03-27,kolar,tomato,740,2.866,8.14,5.246,ceda_agmarknet
2023-03-28,kolar,tomato,818,2.986,7.584,5.3260000000000005,ceda_agmarknet
2023-03-29,kolar,tomato,835,2.866,7.932,5.386,ceda_agmarknet
2023-03-30,kolar,tomato,781,2.866,7.986000000000001,5.3260000000000005,ceda_agmarknet
2023-03-31,kolar,tomato,524,3.0,8.74,5.5920000000000005,ceda_agmarknet
2023-04-01,kolar,tomato,823,3.06,8.046,5.24,ceda_agmarknet
2023-04-02,kolar,tomato,846,2.8325,7.6475,5.155,ceda_agmarknet
2023-04-03,kolar,tomato,996,2.986,7.792000000000001,5.332000000000001,ceda_agmarknet
2023-04-04,kolar,tomato,868,2.866,7.932,5.172000000000001,ceda_agmarknet
2023-04-05,kolar,tomato,889,2.6660000000000004,6.986000000000001,4.44,ceda_agmarknet
2023-04-06,kolar,tomato,917,2.932,6.806,4.6739999999999995,ceda_agmarknet
2023-04-07,kolar,tomato,957,2.866,6.598,4.386,ceda_agmarknet
2023-04-08,kolar,tomato,852,2.986,6.932,5.066,ceda_agmarknet
2023-04-09,kolar,tomato,769,3.0825,7.5075,5.175,ceda_agmarknet
2023-04-10,kolar,tomato,850,2.986,7.252000000000001,4.918,ceda_agmarknet
2023-04-11,kolar,tomato,932,2.386,6.78,4.86,ceda_agmarknet
2023-04-12,kolar,tomato,961,2.86,7.266,5.186,ceda_agmarknet
2023-04-13,kolar,tomato,985,2.7319999999999998,7.124,4.72,ceda_agmarknet
2023-04-14,kolar,tomato,696,2.9175,6.34,4.51,ceda_agmarknet
2023-04-15,kolar,tomato,757,2.6675,6.575,4.59,ceda_agmarknet
2023-04-16,kolar,tomato,908,2.74,7.005,4.5,ceda_agmarknet
2023-04-17,kolar,tomato,799,2.734,6.3260000000000005,4.4719999999999995,ceda_agmarknet
2023-04-18,kolar,tomato,1077,2.7319999999999998,7.186,4.8,ceda_agmarknet
2023-04-19,kolar,tomato,1109,2.8325,7.075,4.84,ceda_agmarknet
2023-04-20,kolar,tomato,962,2.5,5.915,4.1,ceda_agmarknet
2023-04-21,kolar,tomato,1071,2.5980000000000003,6.452000000000001,4.266,ceda_agmarknet
2023-04-22,kolar,tomato,918,2.532,6.064,4.204,ceda_agmarknet
2023-04-23,kolar,tomato,780,2.665,6.5,4.34,ceda_agmarknet
2023-04-24,kolar,tomato,970,2.7319999999999998,6.724,4.792,ceda_agmarknet
2023-04-25,kolar,tomato,1131,2.532,6.3839999999999995,4.4639999999999995,ceda_agmarknet
2023-04-26,kolar,tomato,1281,2.4,5.532,3.734,ceda_agmarknet
2023-04-27,kolar,tomato,1350,2.334,5.386,3.654,ceda_agmarknet
2023-04-28,kolar,tomato,1184,2.5340000000000003,5.792000000000001,3.6,ceda_agmarknet
2023-04-29,kolar,tomato,1028,2.798,6.0520000000000005,3.992,ceda_agmarknet
2023-04-30,kolar,tomato,925,2.665,7.1575,4.575,ceda_agmarknet
2023-05-01,kolar,tomato,788,2.866,7.406000000000001,4.872,ceda_agmarknet
2023-05-02,kolar,tomato,1069,2.7319999999999998,6.26,4.526,ceda_agmarknet
2023-05-03,kolar,tomato,1392,2.532,6.192,4.072,ceda_agmarknet
2023-05-04,kolar,tomato,1567,2.4,5.858,4.06,ceda_agmarknet
2023-05-05,kolar,tomato,1337,2.334,5.66,3.7939999999999996,ceda_agmarknet
2023-05-06,kolar,tomato,712,3.0,6.5,4.65,ceda_agmarknet
2023-05-07,kolar,tomato,985,2.776666666666667,8.233333333333334,5.2,ceda_agmarknet
2023-05-08,kolar,tomato,626,2.766666666666667,10.1,5.9,ceda_agmarknet
2023-05-09,kolar,tomato,1005,2.9075,10.325,6.3075,ceda_agmarknet
2023-05-10,kolar,tomato,1225,3.052,10.786,6.5920000000000005,ceda_agmarknet
2023-05-11,kolar,tomato,1142,2.858,11.252,6.852,ceda_agmarknet
2023-05-12,kolar,tomato,1605,2.792,11.725999999999999,6.912000000000001,ceda_agmarknet
2023-05-13,kolar,tomato,1342,3.26,11.06,6.98,ceda_agmarknet
2023-05-14,kolar,tomato,1434,3.4075,12.3175,8.3225,ceda_agmarknet
2023-05-15,kolar,tomato,1165,3.2325,13.815,8.74,ceda_agmarknet
2023-05-16,kolar,tomato,1712,3.12,12.932,8.118,ceda_agmarknet
2023-05-17,kolar,tomato,1296,3.25,11.165,6.59,ceda_agmarknet
2023-05-18,kolar,tomato,1440,4.1675,8.9975,6.665,ceda_agmarknet
2023-05-19,kolar,tomato,1180,2.3075,8.0,5.1325,ceda_agmarknet
2023-05-20,kolar,tomato,1270,2.8325,9.825,6.165,ceda_agmarknet
2023-05-21,kolar,tomato,1408,3.0,11.825,7.1575,ceda_agmarknet
2023-05-22,kolar,tomato,955,3.5675,11.975,7.5575,ceda_agmarknet
2023-05-23,kolar,tomato,1234,3.075,11.325,7.155,ceda_agmarknet
2023-05-24,kolar,tomato,1378,3.315,10.665,7.0075,ceda_agmarknet
2023-05-25,kolar,tomato,1297,2.7475,10.165,6.815,ceda_agmarknet
2023-05-26,kolar,tomato,1342,2.9939999999999998,11.585999999999999,7.4,ceda_agmarknet
2023-05-27,kolar,tomato,1289,3.1919999999999997,11.206,7.064,ceda_agmarknet
2023-05-28,kolar,tomato,1177,3.9825,13.34,8.315,ceda_agmarknet
2023-05-29,kolar,tomato,1217,4.718,17.604,10.325999999999999,ceda_agmarknet
2023-05-30,kolar,tomato,1040,4.74,17.99,11.25,ceda_agmarknet
2023-05-31,kolar,tomato,1108,5.78,22.26,14.052,ceda_agmarknet
2023-06-01,kolar,tomato,1589,3.386,19.718,11.72,ceda_agmarknet
2023-06-02,kolar,tomato,1435,3.4,18.325,10.915,ceda_agmarknet
2023-06-03,kolar,tomato,1623,3.15,17.3325,10.0825,ceda_agmarknet
2023-06-04,kolar,tomato,1710,4.65,20.305,13.165,ceda_agmarknet
2023-06-05,kolar,tomato,1881,4.466,19.326,12.538,ceda_agmarknet
2023-06-06,kolar,tomato,1454,5.0,19.766666666666666,12.1,ceda_agmarknet
2023-06-07,kolar,tomato,1718,4.7325,20.825,13.9925,ceda_agmarknet
2023-06-08,kolar,tomato,1745,4.8325,21.1575,13.6575,ceda_agmarknet
2023-06-09,kolar,tomato,1593,6.25,22.8175,15.2425,ceda_agmarknet
2023-06-10,kolar,tomato,1976,4.998,21.718000000000004,13.918,ceda_agmarknet
2023-06-11,kolar,tomato,1877,4.443333333333333,22.2,13.0,ceda_agmarknet
2023-06-12,kolar,tomato,2012,5.532,32.786,15.192,ceda_agmarknet
2023-06-13,kolar,tomato,5085,4.806,22.866,14.594000000000001,ceda_agmarknet
2023-06-14,kolar,tomato,1973,7.524,29.718000000000004,16.198,ceda_agmarknet
2023-06-15,kolar,tomato,2301,6.053999999999999,27.734,17.206,ceda_agmarknet
2023-06-16,kolar,tomato,2126,6.5,25.565,15.9,ceda_agmarknet
2023-06-17,kolar,tomato,2220,7.0520000000000005,27.334,17.326,ceda_agmarknet
2023-06-18,kolar,tomato,1369,6.35,26.0,15.35,ceda_agmarknet
2023-06-19,kolar,tomato,2619,8.18,30.131999999999998,19.26,ceda_agmarknet
2023-06-20,kolar,tomato,2439,10.245999999999999,32.666,20.926,ceda_agmarknet
2023-06-21,kolar,tomato,2239,9.18,32.266,21.191999999999997,ceda_agmarknet
2023-06-22,kolar,tomato,2808,10.526,33.86,21.592,ceda_agmarknet
2023-06-23,kolar,tomato,2422,10.25,38.7325,22.84,ceda_agmarknet
2023-06-24,kolar,tomato,2329,22.8,59.738,40.272,ceda_agmarknet
2023-06-25,kolar,tomato,1586,13.11,54.45333333333333,36.876666666666665,ceda_agmarknet
2023-06-26,kolar,tomato,1391,19.3325,58.5075,36.74,ceda_agmarknet
2023-06-27,kolar,tomato,1961,14.134,61.46,40.854,ceda_agmarknet
2023-06-28,kolar,tomato,1862,13.665,59.325,36.075,ceda_agmarknet
2023-06-29,kolar,tomato,1592,16.398,63.58,39.986,ceda_agmarknet
2023-06-30,kolar,tomato,1622,24.058000000000003,80.27199999999999,49.066,ceda_agmarknet
2023-07-01,kolar,tomato,1734,19.165,75.26666666666667,46.105,ceda_agmarknet
2023-07-02,kolar,tomato,1825,18.726,68.98,41.66,ceda_agmarknet
2023-07-03,kolar,tomato,1989,16.93166666666667,75.815,43.605,ceda_agmarknet
2023-07-04,kolar,tomato,1963,21.331999999999997,81.05199999999999,45.986000000000004,ceda_agmarknet
2023-07-05,kolar,tomato,1801,22.221666666666664,79.43166666666667,45.82666666666667,ceda_agmarknet
2023-07-06,kolar,tomato,1956,20.888333333333335,76.105,45.605,ceda_agmarknet
2023-07-07,kolar,tomato,1946,17.77166666666667,69.43833333333333,43.32666666666667,ceda_agmarknet
2023-07-08,kolar,tomato,1793,18.6,71.66666666666667,41.99333333333333,ceda_agmarknet
2023-07-09,kolar,tomato,1894,21.32,77.32600000000001,47.994,ceda_agmarknet
2023-07-10,kolar,tomato,1651,21.888333333333335,81.545,49.71166666666667,ceda_agmarknet
2023-07-11,kolar,tomato,1634,19.334,95.32600000000001,58.992,ceda_agmarknet
2023-07-12,kolar,tomato,1563,30.761666666666667,98.88833333333334,63.05,ceda_agmarknet
2023-07-13,kolar,tomato,1596,30.883333333333336,97.21,64.77166666666668,ceda_agmarknet
2023-07-14,kolar,tomato,1476,32.105,92.22166666666666,58.6,ceda_agmarknet
2023-07-15,kolar,tomato,1532,30.783333333333335,91.66666666666666,57.27166666666667,ceda_agmarknet
2023-07-16,kolar,tomato,2142,33.592,90.406,61.666000000000004,ceda_agmarknet
2023-07-17,kolar,tomato,2049,32.538333333333334,95.53833333333334,64.17166666666667,ceda_agmarknet
2023-07-18,kolar,tomato,1994,32.711999999999996,105.99799999999999,65.172,ceda_agmarknet
2023-07-19,kolar,tomato,2192,32.312,91.986,58.0,ceda_agmarknet
2023-07-20,kolar,tomato,2021,31.381666666666664,84.995,54.71666666666667,ceda_agmarknet
2023-07-21,kolar,tomato,1960,27.991999999999997,86.646,56.992,ceda_agmarknet
2023-07-22,kolar,tomato,1825,30.826666666666664,82.21666666666665,55.83333333333333,ceda_agmarknet
2023-07-23,kolar,tomato,1879,30.326,85.32600000000001,57.333999999999996,ceda_agmarknet
2023-07-24,kolar,tomato,1610,30.928333333333335,86.655,58.11666666666667,ceda_agmarknet
2023-07-25,kolar,tomato,1474,31.318,104.0,64.32600000000001,ceda_agmarknet
2023-07-26,kolar,tomato,1297,34.43333333333334,107.77166666666666,65.27166666666668,ceda_agmarknet
2023-07-27,kolar,tomato,1248,33.876666666666665,107.77166666666666,71.38833333333334,ceda_agmarknet
2023-07-28,kolar,tomato,1411,34.765,108.33833333333334,69.98833333333333,ceda_agmarknet
2023-07-29,kolar,tomato,1285,37.77166666666667,118.33333333333334,78.32833333333333,ceda_agmarknet
2023-07-30,kolar,tomato,1326,38.658,126.654,74.67399999999999,ceda_agmarknet
2023-07-31,kolar,tomato,1486,45.332,131.734,89.32600000000001,ceda_agmarknet
2023-08-01,kolar,tomato,1490,38.332,152.66,85.986,ceda_agmarknet
2023-08-02,kolar,tomato,1614,31.383333333333336,118.88833333333334,70.12666666666667,ceda_agmarknet
2023-08-03,kolar,tomato,1195,27.771666666666665,104.93833333333333,62.42166666666667,ceda_agmarknet
2023-08-04,kolar,tomato,1293,23.728333333333335,91.66666666666666,57.695,ceda_agmarknet
2023-08-05,kolar,tomato,266,22.9075,75.8325,46.8575,ceda_agmarknet
2023-08-06,kolar,tomato,1469,24.326,85.666,60.172,ceda_agmarknet
2023-08-07,kolar,tomato,1488,23.06,86.88166666666666,54.031666666666666,ceda_agmarknet
2023-08-08,kolar,tomato,1386,21.123333333333335,87.77666666666666,61.12,ceda_agmarknet
2023-08-09,kolar,tomato,1563,20.8,71.312,44.74,ceda_agmarknet
2023-08-10,kolar,tomato,1620,15.452,53.58,34.046,ceda_agmarknet
2023-08-11,kolar,tomato,1687,15.658,49.992,31.054000000000002,ceda_agmarknet
2023-08-12,kolar,tomato,1641,14.992,49.983999999999995,32.006,ceda_agmarknet
2023-08-13,kolar,tomato,1531,14.443333333333333,55.56333333333333,29.54,ceda_agmarknet
2023-08-14,kolar,tomato,1921,15.725999999999999,55.34,35.94,ceda_agmarknet
2023-08-15,kolar,tomato,1,15.0,50.0,32.0,ceda_agmarknet
2023-08-16,kolar,tomato,,15.0,50.0,32.0,ceda_agmarknet
2023-08-17,kolar,tomato,2177,11.064,34.391999999999996,20.511999999999997,ceda_agmarknet
2023-08-18,kolar,tomato,2117,12.771666666666668,35.43833333333333,22.21,ceda_agmarknet
2023-08-19,kolar,tomato,2069,10.66,33.06,21.198,ceda_agmarknet
2023-08-20,kolar,tomato,2209,9.6425,32.4825,20.99,ceda_agmarknet
2023-08-21,kolar,tomato,2368,9.475,31.5075,19.325,ceda_agmarknet
2023-08-22,kolar,tomato,2704,9.165,28.49,17.49,ceda_agmarknet
2023-08-23,kolar,tomato,2733,6.65,23.3075,14.65,ceda_agmarknet
2023-08-24,kolar,tomato,2585,5.49,19.3325,12.1575,ceda_agmarknet
2023-08-25,kolar,tomato,1897,20.738000000000003,41.592,31.392,ceda_agmarknet
2023-08-26,kolar,tomato,2439,7.0075,23.64,14.9825,ceda_agmarknet
2023-08-27,kolar,tomato,2451,7.4975,26.325,15.8075,ceda_agmarknet
2023-08-28,kolar,tomato,2807,7.452000000000001,24.791999999999998,15.712,ceda_agmarknet
2023-08-29,kolar,tomato,2762,8.426666666666666,23.988333333333333,16.621666666666666,ceda_agmarknet
2023-08-30,kolar,tomato,3057,3.926,17.398,11.0,ceda_agmarknet
2023-08-31,kolar,tomato,2862,3.252,17.317999999999998,10.006,ceda_agmarknet
2023-09-01,kolar,tomato,2896,3.2325,17.325,9.49,ceda_agmarknet
2023-09-02,kolar,tomato,2180,3.21,16.233333333333334,9.443333333333333,ceda_agmarknet
2023-09-03,kolar,tomato,2872,3.31,14.443333333333333,9.31,ceda_agmarknet
2023-09-04,kolar,tomato,3080,3.2325,13.65,8.825,ceda_agmarknet
2023-09-05,kolar,tomato,3054,3.2325,13.9825,9.475,ceda_agmarknet
2023-09-06,kolar,tomato,3078,2.9075,11.175,6.64,ceda_agmarknet
2023-09-07,kolar,tomato,288,4.886666666666667,10.556666666666667,7.11,ceda_agmarknet
2023-09-08,kolar,tomato,2729,2.926,9.2,6.194,ceda_agmarknet
2023-09-09,kolar,tomato,2571,2.9075,11.49,7.7575,ceda_agmarknet
2023-09-10,kolar,tomato,1973,3.0766666666666667,15.1,9.343333333333334,ceda_agmarknet
2023-09-11,kolar,tomato,2825,2.98,11.065999999999999,7.406000000000001,ceda_agmarknet
2023-09-12,kolar,tomato,2811,2.98,10.134,6.34,ceda_agmarknet
2023-09-13,kolar,tomato,3083,3.333333333333333,8.776666666666666,5.721666666666667,ceda_agmarknet
2023-09-14,kolar,tomato,2732,3.5260000000000002,9.452,6.5920000000000005,ceda_agmarknet
2023-09-15,kolar,tomato,1905,3.776666666666667,8.0,5.876666666666666,ceda_agmarknet
2023-09-16,kolar,tomato,1529,3.0,8.7,6.0,ceda_agmarknet
2023-09-17,kolar,tomato,1472,3.3,10.0,6.0,ceda_agmarknet
2023-09-18,kolar,tomato,2047,2.9,9.25,6.425,ceda_agmarknet
2023-09-19,kolar,tomato,1647,2.9075,10.175,6.24,ceda_agmarknet
2023-09-20,kolar,tomato,1870,2.86,8.92,5.74,ceda_agmarknet
2023-09-21,kolar,tomato,2652,3.12,8.392000000000001,5.666,ceda_agmarknet
2023-09-22,kolar,tomato,1973,3.532,7.466,5.12,ceda_agmarknet
2023-09-23,kolar,tomato,2553,3.111666666666667,7.483333333333333,5.2,ceda_agmarknet
2023-09-24,kolar,tomato,2031,3.266,8.266,5.834,ceda_agmarknet
2023-09-25,kolar,tomato,2114,3.2616666666666667,9.995,6.91,ceda_agmarknet
2023-09-26,kolar,tomato,2239,2.9825,11.325,7.9825,ceda_agmarknet
2023-09-27,kolar,tomato,2100,2.95,10.15,7.1,ceda_agmarknet
2023-09-28,kolar,tomato,2434,2.96,10.0,6.812,ceda_agmarknet
2023-09-29,kolar,tomato,2835,2.888333333333333,8.605,5.971666666666667,ceda_agmarknet
2023-09-30,kolar,tomato,2639,3.05,7.995,5.433333333333334,ceda_agmarknet
2023-10-01,kolar,tomato,2288,3.315,8.98,6.0,ceda_agmarknet
2023-10-02,kolar,tomato,2577,3.0,8.666666666666666,6.1,ceda_agmarknet
2023-10-03,kolar,tomato,2892,2.876666666666667,10.1,7.12,ceda_agmarknet
2023-10-04,kolar,tomato,2402,2.9575,8.925,5.95,ceda_agmarknet
2023-10-05,kolar,tomato,2650,3.16,8.666,6.026,ceda_agmarknet
2023-10-06,kolar,tomato,2586,3.3433333333333333,9.888333333333334,6.255,ceda_agmarknet
2023-10-07,kolar,tomato,2547,3.286,9.2,6.06,ceda_agmarknet
2023-10-08,kolar,tomato,2211,3.2825,9.325,6.49,ceda_agmarknet
2023-10-09,kolar,tomato,2193,3.288333333333333,9.445,6.648333333333333,ceda_agmarknet
2023-10-10,kolar,tomato,2090,3.1919999999999997,10.654000000000002,6.992000000000001,ceda_agmarknet
2023-10-11,kolar,tomato,2310,3.16,9.438333333333334,6.098333333333334,ceda_agmarknet
2023-10-12,kolar,tomato,2354,3.6460000000000004,10.392000000000001,7.072,ceda_agmarknet
2023-10-13,kolar,tomato,2547,3.4433333333333334,9.776666666666666,6.4383333333333335,ceda_agmarknet
2023-10-14,kolar,tomato,1586,3.926,9.872,6.457999999999999,ceda_agmarknet
2023-10-15,kolar,tomato,2225,3.6660000000000004,9.992,6.646,ceda_agmarknet
2023-10-16,kolar,tomato,1769,3.0575,11.325,6.89,ceda_agmarknet
2023-10-17,kolar,tomato,2326,3.386,11.452,7.132000000000001,ceda_agmarknet
2023-10-18,kolar,tomato,2115,4.2,11.766666666666667,7.633333333333334,ceda_agmarknet
2023-10-19,kolar,tomato,2491,3.786,11.6,7.204,ceda_agmarknet
2023-10-20,kolar,tomato,2250,3.4883333333333333,10.545,6.578333333333334,ceda_agmarknet
2023-10-21,kolar,tomato,1922,3.46,9.986,6.72,ceda_agmarknet
2023-10-22,kolar,tomato,1177,3.3,12.7,6.7,ceda_agmarknet
2023-10-24,kolar,tomato,941,3.24,12.675,7.5,ceda_agmarknet
2023-10-25,kolar,tomato,1074,4.06,15.065999999999999,8.86,ceda_agmarknet
2023-10-26,kolar,tomato,1568,3.905,16.438333333333333,9.305,ceda_agmarknet
2023-10-27,kolar,tomato,1881,3.8216666666666668,16.66,10.055,ceda_agmarknet
2023-10-28,kolar,tomato,1657,3.71,19.888333333333332,10.771666666666668,ceda_agmarknet
2023-10-29,kolar,tomato,1759,3.986,20.54,12.186,ceda_agmarknet
2023-10-30,kolar,tomato,1519,4.292,18.94,10.96,ceda_agmarknet
2023-10-31,kolar,tomato,1497,3.876666666666667,18.666666666666668,9.886666666666667,ceda_agmarknet
2023-11-01,kolar,tomato,1398,4.694,17.326,9.66,ceda_agmarknet
2023-11-02,kolar,tomato,1412,4.192,16.874000000000002,11.206,ceda_agmarknet
2023-11-03,kolar,tomato,1426,4.465,18.995,10.776666666666667,ceda_agmarknet
2023-11-04,kolar,tomato,1312,3.92,18.654,10.665999999999999,ceda_agmarknet
2023-11-06,kolar,tomato,1245,4.9825,21.3325,12.85,ceda_agmarknet
2023-11-07,kolar,tomato,1380,3.4075,25.325,12.225,ceda_agmarknet
2023-11-08,kolar,tomato,1601,4.876666666666667,24.1,13.043333333333333,ceda_agmarknet
2023-11-09,kolar,tomato,1473,4.186,22.52,12.52,ceda_agmarknet
2023-11-10,kolar,tomato,1593,4.186,24.052,13.265999999999998,ceda_agmarknet
2023-11-11,kolar,tomato,1397,4.1575,21.84,10.675,ceda_agmarknet
2023-11-12,kolar,tomato,1349,4.876666666666667,19.543333333333333,11.0,ceda_agmarknet
2023-11-13,kolar,tomato,985,3.4433333333333334,26.876666666666665,12.986666666666668,ceda_agmarknet
2023-11-14,kolar,tomato,1095,3.7325,31.15,16.1675,ceda_agmarknet
2023-11-15,kolar,tomato,1647,4.6,25.216666666666665,13.928333333333333,ceda_agmarknet
2023-11-16,kolar,tomato,2153,4.46,23.216666666666665,13.16,ceda_agmarknet
2023-11-17,kolar,tomato,1713,4.683333333333334,23.543333333333337,13.628333333333332,ceda_agmarknet
2023-11-18,kolar,tomato,1527,4.576666666666667,24.383333333333336,13.916666666666668,ceda_agmarknet
2023-11-19,kolar,tomato,1194,4.615,22.165,12.9075,ceda_agmarknet
2023-11-20,kolar,tomato,1475,4.716666666666667,23.895,13.711666666666668,ceda_agmarknet
2023-11-21,kolar,tomato,1071,4.565,28.5,14.8325,ceda_agmarknet
2023-11-22,kolar,tomato,1568,4.72,29.311999999999998,17.734,ceda_agmarknet
2023-11-23,kolar,tomato,1142,4.66,25.976666666666667,15.1,ceda_agmarknet
2023-11-24,kolar,tomato,1321,4.526,25.592,14.392000000000001,ceda_agmarknet
2023-11-25,kolar,tomato,1199,3.665,29.0,14.315,ceda_agmarknet
2023-11-26,kolar,tomato,1403,3.665,30.65,15.5,ceda_agmarknet
2023-11-27,kolar,tomato,1157,5.586,24.594,14.325999999999999,ceda_agmarknet
2023-11-28,kolar,tomato,1403,4.32,25.072,13.92,ceda_agmarknet
2023-11-29,kolar,tomato,1239,5.186,23.266,13.325999999999999,ceda_agmarknet
2023-11-30,kolar,tomato,1054,6.323333333333334,22.556666666666665,12.656666666666668,ceda_agmarknet
2023-12-01,kolar,tomato,,5.12,23.252,13.2,ceda_agmarknet
2023-12-02,kolar,tomato,,3.2,23.566666666666666,12.766666666666667,ceda_agmarknet
2023-12-03,kolar,tomato,,4.653333333333333,24.01,13.11,ceda_agmarknet
2023-12-04,kolar,tomato,,3.852,24.12,12.725999999999999,ceda_agmarknet
2023-12-05,kolar,tomato,,3.52,24.32,13.192,ceda_agmarknet
2023-12-06,kolar,tomato,,5.726,23.866,14.12,ceda_agmarknet
2023-12-07,kolar,tomato,,5.15,24.0,14.325,ceda_agmarknet
2023-12-08,kolar,tomato,,6.386,21.186,13.46,ceda_agmarknet
2023-12-09,kolar,tomato,,6.254,21.994,13.126,ceda_agmarknet
2023-12-10,kolar,tomato,,5.4825,22.3175,15.255,ceda_agmarknet
2023-12-11,kolar,tomato,,4.6,20.55,12.326666666666668,ceda_agmarknet
2023-12-12,kolar,tomato,,3.9075,19.1675,10.9075,ceda_agmarknet
2023-12-13,kolar,tomato,,4.91,17.78,10.888333333333332,ceda_agmarknet
2023-12-14,kolar,tomato,,5.392,17.605999999999998,10.966,ceda_agmarknet
2023-12-15,kolar,tomato,1102,4.493333333333333,16.226666666666667,10.376666666666667,ceda_agmarknet
2023-12-16,kolar,tomato,943,4.493333333333333,16.331666666666667,10.333333333333332,ceda_agmarknet
2023-12-17,kolar,tomato,981,4.6575,17.1725,10.09,ceda_agmarknet
2023-12-18,kolar,tomato,978,4.9383333333333335,19.22833333333333,12.11,ceda_agmarknet
2023-12-19,kolar,tomato,1120,3.66,17.206,10.405999999999999,ceda_agmarknet
2023-12-20,kolar,tomato,1140,4.493333333333333,18.555,11.5,ceda_agmarknet
2023-12-21,kolar,tomato,937,6.26,19.458,12.798,ceda_agmarknet
2023-12-22,kolar,tomato,1073,2.9075,18.5,10.9225,ceda_agmarknet
2023-12-23,kolar,tomato,682,3.3,18.7,12.0,ceda_agmarknet
2023-12-24,kolar,tomato,682,3.3,18.7,12.0,ceda_agmarknet
2023-12-25,kolar,tomato,1042,3.075,16.165,10.49,ceda_agmarknet
2023-12-26,kolar,tomato,1090,3.392,16.918,10.665999999999999,ceda_agmarknet
2023-12-27,kolar,tomato,1054,5.216666666666666,18.831666666666667,11.276666666666667,ceda_agmarknet
2023-12-28,kolar,tomato,974,4.586,18.132,11.14,ceda_agmarknet
2023-12-29,kolar,tomato,993,4.186,16.592,10.26,ceda_agmarknet
2023-12-30,kolar,tomato,876,4.586,18.532,11.34,ceda_agmarknet
2023-12-31,kolar,tomato,966,3.33,17.33,10.0,ceda_agmarknet
2024-01-01,kolar,tomato,180,3.876666666666667,18.656666666666666,11.766666666666667,ceda_agmarknet
2024-01-02,kolar,tomato,734,4.32,21.465999999999998,11.992,ceda_agmarknet
2024-01-03,kolar,tomato,776,3.15,24.15,13.5,ceda_agmarknet
2024-01-04,kolar,tomato,1083,3.92,18.534000000000002,11.14,ceda_agmarknet
2024-01-05,kolar,tomato,915,3.9,18.4925,12.0575,ceda_agmarknet
2024-01-06,kolar,tomato,741,3.976666666666667,17.076666666666668,10.876666666666667,ceda_agmarknet
2024-01-07,kolar,tomato,849,3.976666666666667,18.433333333333334,12.223333333333333,ceda_agmarknet
2024-01-08,kolar,tomato,1054,3.786,17.334,10.658,ceda_agmarknet
2024-01-09,kolar,tomato,735,3.2,16.766666666666666,10.9,ceda_agmarknet
2024-01-10,kolar,tomato,870,3.5675,16.4925,10.5075,ceda_agmarknet
2024-01-11,kolar,tomato,1098,4.46,16.11,10.828333333333333,ceda_agmarknet
2024-01-12,kolar,tomato,690,3.15,17.0,10.0,ceda_agmarknet
2024-01-13,kolar,tomato,770,3.3,18.7,10.0,ceda_agmarknet
2024-01-14,kolar,tomato,608,3.3,18.6,10.0,ceda_agmarknet
2024-01-15,kolar,tomato,812,3.2325,17.65,10.65,ceda_agmarknet
2024-01-16,kolar,tomato,503,3.2325,18.175,10.5,ceda_agmarknet
2024-01-17,kolar,tomato,475,3.2,18.666666666666668,11.333333333333332,ceda_agmarknet
2024-01-18,kolar,tomato,161,2.8,15.8,11.0,ceda_agmarknet
2024-01-19,kolar,tomato,1234,3.31,17.32,10.866666666666667,ceda_agmarknet
2024-01-20,kolar,tomato,634,3.3,20.0,12.7,ceda_agmarknet
2024-01-21,kolar,tomato,750,3.3,17.95,11.3,ceda_agmarknet
2024-01-22,kolar,tomato,926,3.986,15.6,10.392000000000001,ceda_agmarknet
2024-01-23,kolar,tomato,639,3.433333333333333,20.0,11.766666666666667,ceda_agmarknet
2024-01-24,kolar,tomato,754,4.325,16.675,11.075,ceda_agmarknet
2024-01-25,kolar,tomato,808,4.25,15.475,10.575,ceda_agmarknet
2024-01-26,kolar,tomato,944,4.06,15.972000000000001,10.74,ceda_agmarknet
2024-01-27,kolar,tomato,769,3.926,15.46,10.732000000000001,ceda_agmarknet
2024-01-28,kolar,tomato,685,4.1,16.0,10.666666666666668,ceda_agmarknet
2024-01-29,kolar,tomato,629,4.075,16.5,10.825,ceda_agmarknet
2024-01-30,kolar,tomato,687,2.766666666666667,18.0,11.566666666666668,ceda_agmarknet
2024-01-31,kolar,tomato,886,4.3260000000000005,17.18,11.52,ceda_agmarknet
2024-02-01,kolar,tomato,865,4.543333333333333,17.665,11.326666666666668,ceda_agmarknet
2024-02-02,kolar,tomato,948,4.371666666666667,17.778333333333332,11.543333333333333,ceda_agmarknet
2024-02-03,kolar,tomato,733,5.46,22.465999999999998,12.725999999999999,ceda_agmarknet
2024-02-04,kolar,tomato,845,4.9075,21.665,13.74,ceda_agmarknet
2024-02-05,kolar,tomato,911,4.316666666666666,16.888333333333332,10.776666666666667,ceda_agmarknet
2024-02-06,kolar,tomato,952,3.512,22.926,13.06,ceda_agmarknet
2024-02-07,kolar,tomato,936,5.26,18.555,12.21,ceda_agmarknet
2024-02-08,kolar,tomato,975,4.383333333333333,17.21666666666667,10.995,ceda_agmarknet
2024-02-09,kolar,tomato,933,4.483333333333333,16.55,11.055,ceda_agmarknet
2024-02-10,kolar,tomato,921,4.36,15.194,9.64,ceda_agmarknet
2024-02-11,kolar,tomato,861,4.592,17.32,11.192,ceda_agmarknet
2024-02-12,kolar,tomato,1015,4.65,16.555,10.426666666666668,ceda_agmarknet
2024-02-13,kolar,tomato,1074,3.24,15.674000000000001,9.526,ceda_agmarknet
2024-02-14,kolar,tomato,1097,4.055,12.495,8.321666666666665,ceda_agmarknet
2024-02-15,kolar,tomato,986,4.11,12.261666666666667,7.881666666666666,ceda_agmarknet
2024-02-16,kolar,tomato,953,4.433333333333334,13.433333333333332,9.276666666666666,ceda_agmarknet
2024-02-17,kolar,tomato,976,4.055,13.205,8.105,ceda_agmarknet
2024-02-18,kolar,tomato,977,4.46,13.386,9.2,ceda_agmarknet
2024-02-19,kolar,tomato,821,3.776666666666667,13.761666666666667,8.666666666666666,ceda_agmarknet
2024-02-20,kolar,tomato,1089,3.992,14.645999999999999,9.392000000000001,ceda_agmarknet
2024-02-21,kolar,tomato,1103,4.21,13.705,9.433333333333334,ceda_agmarknet
2024-02-22,kolar,tomato,1030,4.2716666666666665,12.605,8.56,ceda_agmarknet
2024-02-23,kolar,tomato,1037,4.16,13.166666666666668,7.493333333333334,ceda_agmarknet
2024-02-24,kolar,tomato,1036,4.221666666666667,10.776666666666667,7.215,ceda_agmarknet
2024-02-25,kolar,tomato,954,3.932,11.18,7.252000000000001,ceda_agmarknet
2024-02-26,kolar,tomato,936,3.7319999999999998,12.005999999999998,7.872000000000001,ceda_agmarknet
2024-02-27,kolar,tomato,716,3.2425,12.3425,7.3425,ceda_agmarknet
2024-02-28,kolar,tomato,1292,3.66,11.428333333333333,7.55,ceda_agmarknet
2024-02-29,kolar,tomato,898,3.534,10.134,6.86,ceda_agmarknet
2024-03-01,kolar,tomato,890,3.7216666666666667,9.55,6.671666666666666,ceda_agmarknet
2024-03-02,kolar,tomato,794,3.8266666666666667,10.871666666666668,7.098333333333334,ceda_agmarknet
2024-03-03,kolar,tomato,923,4.066,11.454,7.5120000000000005,ceda_agmarknet
2024-03-04,kolar,tomato,833,4.038333333333333,13.205,8.283333333333333,ceda_agmarknet
2024-03-05,kolar,tomato,868,3.52,16.54,9.666,ceda_agmarknet
2024-03-06,kolar,tomato,1045,4.312,14.526,8.666,ceda_agmarknet
2024-03-07,kolar,tomato,1080,4.05,14.216666666666667,9.0,ceda_agmarknet
2024-03-08,kolar,tomato,828,4.4783333333333335,14.493333333333332,9.16,ceda_agmarknet
2024-03-09,kolar,tomato,643,4.106,16.118,10.64,ceda_agmarknet
2024-03-10,kolar,tomato,561,4.686,18.46,11.052,ceda_agmarknet
2024-03-11,kolar,tomato,1040,3.71,16.438333333333333,9.221666666666666,ceda_agmarknet
2024-03-12,kolar,tomato,863,3.665,14.59,8.0,ceda_agmarknet
2024-03-13,kolar,tomato,949,4.11,13.443333333333333,8.388333333333334,ceda_agmarknet
2024-03-14,kolar,tomato,850,4.431666666666667,16.281666666666666,9.381666666666666,ceda_agmarknet
2024-03-15,kolar,tomato,854,3.71,15.371666666666668,9.393333333333334,ceda_agmarknet
2024-03-16,kolar,tomato,800,4.186,15.8,9.597999999999999,ceda_agmarknet
2024-03-17,kolar,tomato,921,3.3075,17.3075,9.9075,ceda_agmarknet
2024-03-18,kolar,tomato,767,3.8266666666666667,14.61,10.693333333333333,ceda_agmarknet
2024-03-19,kolar,tomato,865,3.1260000000000003,16.066,10.006,ceda_agmarknet
2024-03-20,kolar,tomato,880,4.2716666666666665,14.048333333333332,9.5,ceda_agmarknet
2024-03-21,kolar,tomato,873,3.992,12.4,8.6,ceda_agmarknet
2024-03-22,kolar,tomato,784,3.8216666666666668,12.15,7.9366666666666665,ceda_agmarknet
2024-03-23,kolar,tomato,787,3.326,13.706,8.332,ceda_agmarknet
2024-03-24,kolar,tomato,781,3.5575,14.14,8.6475,ceda_agmarknet
2024-03-25,kolar,tomato,821,3.0460000000000003,13.992,9.06,ceda_agmarknet
2024-03-26,kolar,tomato,467,3.725,15.59,9.0,ceda_agmarknet
2024-03-27,kolar,tomato,786,4.26,14.398,8.86,ceda_agmarknet
2024-03-28,kolar,tomato,602,4.512,14.78,9.38,ceda_agmarknet
2024-03-29,kolar,tomato,700,4.821666666666667,15.498333333333333,9.766666666666666,ceda_agmarknet
2024-03-30,kolar,tomato,670,4.99,15.565714285714286,10.371428571428572,ceda_agmarknet
2024-03-31,kolar,tomato,711,3.0766666666666667,18.2,10.666666666666668,ceda_agmarknet
2024-04-01,kolar,tomato,,4.065,19.3325,12.99,ceda_agmarknet
2024-04-02,kolar,tomato,,4.72,20.98,12.538,ceda_agmarknet
2024-04-03,kolar,tomato,,3.225,21.65,11.475,ceda_agmarknet
2024-04-04,kolar,tomato,822,4.475,22.6425,13.3325,ceda_agmarknet
2024-04-05,kolar,tomato,746,5.766666666666667,21.655,12.71,ceda_agmarknet
2024-04-06,kolar,tomato,670,5.186,19.8,12.254000000000001,ceda_agmarknet
2024-04-07,kolar,tomato,144,6.21,20.89,13.2,ceda_agmarknet
2024-04-08,kolar,tomato,625,4.0675,19.65,11.9,ceda_agmarknet
2024-04-12,kolar,tomato,428,2.95,14.965,9.3,ceda_agmarknet
2024-04-13,kolar,tomato,464,3.565,13.8175,9.4825,ceda_agmarknet
2024-04-14,kolar,tomato,1121,3.475,12.325,8.0075,ceda_agmarknet
2024-04-15,kolar,tomato,1013,3.6460000000000004,12.386,7.7379999999999995,ceda_agmarknet
2024-04-16,kolar,tomato,871,3.3925,11.9925,8.5075,ceda_agmarknet
2024-04-17,kolar,tomato,838,4.512,12.992,8.46,ceda_agmarknet
2024-04-18,kolar,tomato,678,4.846,13.245999999999999,9.466000000000001,ceda_agmarknet
2024-04-19,kolar,tomato,1115,4.371666666666667,13.816666666666668,8.876666666666667,ceda_agmarknet
2024-04-20,kolar,tomato,1139,5.038333333333333,15.1,10.705,ceda_agmarknet
2024-04-21,kolar,tomato,1094,5.586,18.992,11.58,ceda_agmarknet
2024-04-22,kolar,tomato,1115,5.145,17.983333333333334,11.988333333333333,ceda_agmarknet
2024-04-23,kolar,tomato,1381,3.778,16.392,11.32,ceda_agmarknet
2024-04-24,kolar,tomato,1060,4.593333333333333,17.215,11.1,ceda_agmarknet
2024-04-25,kolar,tomato,843,7.9075,19.59,14.25,ceda_agmarknet
2024-04-26,kolar,tomato,968,5.586,16.586,12.14,ceda_agmarknet
2024-04-27,kolar,tomato,937,4.586,17.465999999999998,11.32,ceda_agmarknet
2024-04-28,kolar,tomato,1037,5.966666666666666,17.766666666666666,12.1,ceda_agmarknet
2024-04-29,kolar,tomato,917,6.15,18.9,12.975,ceda_agmarknet
2024-04-30,kolar,tomato,1315,4.65,15.825,11.175,ceda_agmarknet
2024-05-01,kolar,tomato,1286,3.0575,16.165,10.4,ceda_agmarknet
2024-05-02,kolar,tomato,1622,3.26,15.265999999999998,10.0,ceda_agmarknet
2024-05-03,kolar,tomato,1460,5.048333333333333,15.448333333333332,10.438333333333333,ceda_agmarknet
2024-05-04,kolar,tomato,1001,4.446000000000001,16.58,11.052,ceda_agmarknet
2024-05-05,kolar,tomato,1278,7.21,16.653333333333332,11.333333333333332,ceda_agmarknet
2024-05-06,kolar,tomato,1515,2.876666666666667,14.42,8.653333333333334,ceda_agmarknet
2024-05-07,kolar,tomato,1197,3.986666666666667,13.776666666666667,8.876666666666667,ceda_agmarknet
2024-05-08,kolar,tomato,1524,5.961666666666666,15.788333333333332,9.771666666666667,ceda_agmarknet
2024-05-09,kolar,tomato,905,7.186,20.392,13.792,ceda_agmarknet
2024-05-10,kolar,tomato,2427,8.32,18.386,12.734000000000002,ceda_agmarknet
2024-05-11,kolar,tomato,2043,8.172,17.726,12.6,ceda_agmarknet
2024-05-12,kolar,tomato,1914,3.6325,14.84,9.4075,ceda_agmarknet
2024-05-13,kolar,tomato,1953,9.431666666666667,19.99833333333333,14.838333333333333,ceda_agmarknet
2024-05-14,kolar,tomato,1209,7.4,20.225,14.15,ceda_agmarknet
2024-05-15,kolar,tomato,1295,6.2325,17.1325,11.15,ceda_agmarknet
2024-05-16,kolar,tomato,1750,3.815,16.3225,9.3175,ceda_agmarknet
2024-05-17,kolar,tomato,1593,6.452000000000001,18.532,11.872,ceda_agmarknet
2024-05-18,kolar,tomato,1222,8.986,21.331999999999997,15.2,ceda_agmarknet
2024-05-19,kolar,tomato,1257,7.4825,24.315,15.575,ceda_agmarknet
2024-05-20,kolar,tomato,1391,9.548333333333334,26.933333333333334,18.705,ceda_agmarknet
2024-05-21,kolar,tomato,1534,7.858,27.112,16.386,ceda_agmarknet
2024-05-22,kolar,tomato,1296,8.825,30.1675,23.2325,ceda_agmarknet
2024-05-23,kolar,tomato,636,10.575,28.3325,17.7325,ceda_agmarknet
2024-05-24,kolar,tomato,1461,10.126,32.786,22.058000000000003,ceda_agmarknet
2024-05-25,kolar,tomato,975,9.333333333333334,31.1,20.3,ceda_agmarknet
2024-05-26,kolar,tomato,1115,4.65,36.65,19.3,ceda_agmarknet
2024-05-27,kolar,tomato,1206,10.66,33.32,21.052,ceda_agmarknet
2024-05-28,kolar,tomato,1439,6.21,32.2,16.85333333333333,ceda_agmarknet
2024-05-29,kolar,tomato,1413,13.725999999999999,31.2,21.712,ceda_agmarknet
2024-05-30,kolar,tomato,1367,12.32,27.74,20.46,ceda_agmarknet
2024-05-31,kolar,tomato,1312,11.12,27.04,18.78,ceda_agmarknet
2024-06-01,kolar,tomato,,11.26,27.72,19.172,ceda_agmarknet
2024-06-02,kolar,tomato,,9.1,31.1,19.2,ceda_agmarknet
2024-06-03,kolar,tomato,,12.4,32.391999999999996,21.846,ceda_agmarknet
2024-06-04,kolar,tomato,,11.433333333333332,34.43333333333334,21.866666666666664,ceda_agmarknet
2024-06-05,kolar,tomato,,11.66,33.986,21.846,ceda_agmarknet
2024-06-06,kolar,tomato,,10.52,35.071999999999996,22.12,ceda_agmarknet
2024-06-07,kolar,tomato,,8.075,34.1575,20.25,ceda_agmarknet
2024-06-08,kolar,tomato,,10.5,36.6575,22.415,ceda_agmarknet
2024-06-09,kolar,tomato,,4.433333333333334,38.86666666666667,20.0,ceda_agmarknet
2024-06-10,kolar,tomato,,11.3,39.65,24.225,ceda_agmarknet
2024-06-11,kolar,tomato,,14.225,48.9825,33.075,ceda_agmarknet
2024-06-12,kolar,tomato,,10.975,43.825,25.2325,ceda_agmarknet
2024-06-13,kolar,tomato,,11.18,41.571999999999996,25.386,ceda_agmarknet
2024-06-14,kolar,tomato,,10.825,42.5,26.025,ceda_agmarknet
2024-06-15,kolar,tomato,,11.475,43.825,27.0575,ceda_agmarknet
2024-06-17,kolar,tomato,,18.433333333333334,48.86666666666667,33.43333333333334,ceda_agmarknet
2024-06-18,kolar,tomato,,24.423333333333336,57.75666666666667,40.656666666666666,ceda_agmarknet
2024-06-19,kolar,tomato,,20.8175,59.9925,41.0,ceda_agmarknet
2024-06-20,kolar,tomato,,28.3175,61.65,43.335,ceda_agmarknet
2024-06-21,kolar,tomato,,27.7,58.766000000000005,43.132,ceda_agmarknet
2024-06-22,kolar,tomato,,22.651999999999997,56.653999999999996,39.666,ceda_agmarknet
2024-06-23,kolar,tomato,,18.3175,52.0,34.3175,ceda_agmarknet
2024-06-24,kolar,tomato,,23.986,50.652,37.126,ceda_agmarknet
2024-06-25,kolar,tomato,,22.15,48.4925,34.9075,ceda_agmarknet
2024-06-26,kolar,tomato,,21.155,46.99333333333333,31.655,ceda_agmarknet
2024-06-27,kolar,tomato,,22.386,46.666000000000004,33.92,ceda_agmarknet
2024-06-28,kolar,tomato,,20.8175,45.3175,31.25,ceda_agmarknet
2024-06-29,kolar,tomato,,25.533333333333335,46.64333333333333,35.21,ceda_agmarknet
2024-06-30,kolar,tomato,,13.3,43.315,28.65,ceda_agmarknet
2024-07-01,kolar,tomato,,20.15,44.4925,31.24,ceda_agmarknet
2024-07-02,kolar,tomato,,20.8325,42.99,30.15,ceda_agmarknet
2024-07-03,kolar,tomato,,20.32,43.72,31.252,ceda_agmarknet
2024-07-04,kolar,tomato,,20.92,44.12,31.726,ceda_agmarknet
2024-07-05,kolar,tomato,,18.326666666666668,44.445,31.1,ceda_agmarknet
2024-07-06,kolar,tomato,,21.32,44.26,32.732,ceda_agmarknet
2024-07-07,kolar,tomato,,17.9,43.0,29.815,ceda_agmarknet
2024-07-08,kolar,tomato,,21.32,45.652,33.12,ceda_agmarknet
2024-07-09,kolar,tomato,,19.9825,49.65,36.2175,ceda_agmarknet
2024-07-10,kolar,tomato,,24.5,49.125,35.475,ceda_agmarknet
2024-07-11,kolar,tomato,,21.888333333333335,47.66,35.88166666666667,ceda_agmarknet
2024-07-12,kolar,tomato,,24.26,48.26,34.94,ceda_agmarknet
2024-07-13,kolar,tomato,,15.0,51.65,39.2325,ceda_agmarknet
2024-07-14,kolar,tomato,,14.433333333333332,53.3,30.42,ceda_agmarknet
2024-07-15,kolar,tomato,,20.5,53.5,34.565,ceda_agmarknet
2024-07-16,kolar,tomato,,26.666666666666664,63.3,41.63333333333333,ceda_agmarknet
2024-07-17,kolar,tomato,,22.216666666666665,51.66666666666667,37.545,ceda_agmarknet
2024-07-18,kolar,tomato,,21.105,50.26666666666667,32.88166666666667,ceda_agmarknet
2024-07-19,kolar,tomato,,23.0,59.178000000000004,37.385999999999996,ceda_agmarknet
2024-07-20,kolar,tomato,,21.665,56.9825,37.2475,ceda_agmarknet
2024-07-21,kolar,tomato,,20.0,60.0,36.7,ceda_agmarknet
2024-07-22,kolar,tomato,,21.25,55.5,35.85,ceda_agmarknet
2024-07-23,kolar,tomato,,19.326,49.714,34.326,ceda_agmarknet
2024-07-24,kolar,tomato,,17.15,39.72666666666667,26.098333333333336,ceda_agmarknet
2024-07-25,kolar,tomato,,13.711666666666668,33.765,23.255,ceda_agmarknet
2024-07-26,kolar,tomato,,14.786,34.38,23.86,ceda_agmarknet
2024-07-27,kolar,tomato,,15.386,34.992,25.06,ceda_agmarknet
2024-07-28,kolar,tomato,,8.3075,30.75,19.615,ceda_agmarknet
2024-07-29,kolar,tomato,,16.78,37.406,26.56,ceda_agmarknet
2024-07-30,kolar,tomato,,12.433333333333332,32.43333333333334,21.633333333333336,ceda_agmarknet
2024-07-31,kolar,tomato,,11.654000000000002,28.994,21.246,ceda_agmarknet
2024-08-04,kolar,tomato,,7.2,25.2,16.633333333333333,ceda_agmarknet
2024-08-05,kolar,tomato,4191,9.792,26.125999999999998,17.72,ceda_agmarknet
2024-08-06,kolar,tomato,4429,8.186,27.074,18.052,ceda_agmarknet
2024-08-07,kolar,tomato,4368,9.986,24.92,16.726,ceda_agmarknet
2024-08-08,kolar,tomato,4117,10.4,25.825,17.325,ceda_agmarknet
2024-08-09,kolar,tomato,4410,8.438333333333334,24.888333333333335,15.1,ceda_agmarknet
2024-08-10,kolar,tomato,4266,9.383333333333333,26.381666666666664,17.383333333333333,ceda_agmarknet
2024-08-11,kolar,tomato,3931,4.15,25.6325,14.4925,ceda_agmarknet
2024-08-12,kolar,tomato,4245,4.9075,23.4825,13.575,ceda_agmarknet
2024-08-13,kolar,tomato,2851,11.553333333333333,25.31,16.12,ceda_agmarknet
2024-08-14,kolar,tomato,4026,8.825,23.8175,15.475,ceda_agmarknet
2024-08-15,kolar,tomato,3202,11.65,28.35,19.15,ceda_agmarknet
2024-08-16,kolar,tomato,3679,8.786,25.072,15.98,ceda_agmarknet
2024-08-17,kolar,tomato,3224,9.78,25.72,18.06,ceda_agmarknet
2024-08-18,kolar,tomato,3933,3.21,24.533333333333335,12.433333333333332,ceda_agmarknet
2024-08-19,kolar,tomato,4179,3.3,23.95,12.65,ceda_agmarknet
2024-08-20,kolar,tomato,3576,3.876666666666667,20.423333333333332,11.533333333333333,ceda_agmarknet
2024-08-21,kolar,tomato,3638,2.976666666666667,21.1,11.52,ceda_agmarknet
2024-08-22,kolar,tomato,3719,3.2,19.543333333333333,11.533333333333333,ceda_agmarknet
2024-08-23,kolar,tomato,3422,4.92,18.866,11.284,ceda_agmarknet
2024-08-24,kolar,tomato,3375,5.186,18.86,11.824000000000002,ceda_agmarknet
2024-08-25,kolar,tomato,3114,5.052,20.052,11.48,ceda_agmarknet
2024-08-26,kolar,tomato,3466,4.86,19.646,11.514000000000001,ceda_agmarknet
2024-08-27,kolar,tomato,3354,3.8075,20.3225,10.9825,ceda_agmarknet
2024-08-28,kolar,tomato,3462,7.426666666666666,18.44333333333333,12.631666666666668,ceda_agmarknet
2024-08-29,kolar,tomato,2106,5.766666666666667,16.766666666666666,10.82,ceda_agmarknet
2024-08-30,kolar,tomato,2509,6.92,16.594,11.485999999999999,ceda_agmarknet
2024-08-31,kolar,tomato,1934,7.653333333333333,17.1,11.866666666666667,ceda_agmarknet
2024-09-01,kolar,tomato,1641,3.3,22.65,13.3,ceda_agmarknet
2024-09-02,kolar,tomato,2325,7.186,21.791999999999998,13.984000000000002,ceda_agmarknet
2024-09-03,kolar,tomato,2381,3.753333333333333,21.086666666666666,10.866666666666667,ceda_agmarknet
2024-09-04,kolar,tomato,2092,3.976666666666667,21.31,11.323333333333332,ceda_agmarknet
2024-09-05,kolar,tomato,2400,9.186,21.734,14.494000000000002,ceda_agmarknet
2024-09-06,kolar,tomato,2672,8.376666666666667,20.27166666666667,14.133333333333333,ceda_agmarknet
2024-09-07,kolar,tomato,2398,3.815,22.0675,12.4,ceda_agmarknet
2024-09-08,kolar,tomato,1562,3.2,23.966666666666665,13.2,ceda_agmarknet
2024-09-09,kolar,tomato,2085,3.9825,21.4175,11.4,ceda_agmarknet
2024-09-10,kolar,tomato,2430,6.917999999999999,19.666,12.725999999999999,ceda_agmarknet
2024-09-11,kolar,tomato,1664,5.4825,19.4,12.2675,ceda_agmarknet
2024-09-12,kolar,tomato,1800,8.265,22.26,14.51,ceda_agmarknet
2024-09-13,kolar,tomato,1915,8.7325,27.8,17.5575,ceda_agmarknet
2024-09-14,kolar,tomato,1383,3.3,28.7,14.6,ceda_agmarknet
2024-09-16,kolar,tomato,1517,9.2325,24.49,15.9175,ceda_agmarknet
2024-09-17,kolar,tomato,1751,10.533333333333333,29.966666666666665,18.96666666666667,ceda_agmarknet
2024-09-18,kolar,tomato,1449,11.876666666666667,37.2,21.4,ceda_agmarknet
2024-09-19,kolar,tomato,1550,13.9,31.9,21.475,ceda_agmarknet
2024-09-20,kolar,tomato,1677,9.883333333333333,31.06,18.721666666666668,ceda_agmarknet
2024-09-21,kolar,tomato,1815,11.786,37.12,22.791999999999998,ceda_agmarknet
2024-09-22,kolar,tomato,1428,6.65,32.1325,16.2425,ceda_agmarknet
2024-09-23,kolar,tomato,1675,12.65,36.65,22.5,ceda_agmarknet
2024-09-24,kolar,tomato,1576,13.7,40.63333333333333,24.1,ceda_agmarknet
2024-09-25,kolar,tomato,1792,10.645999999999999,35.46,21.38,ceda_agmarknet
2024-09-26,kolar,tomato,1329,6.433333333333334,33.333333333333336,16.96666666666667,ceda_agmarknet
2024-09-27,kolar,tomato,1740,13.72,40.246,25.794,ceda_agmarknet
2024-09-28,kolar,tomato,1551,4.2,41.06666666666667,19.733333333333334,ceda_agmarknet
2024-09-29,kolar,tomato,1592,6.815,41.165,21.64,ceda_agmarknet
2024-09-30,kolar,tomato,1290,12.975,42.8075,26.7175,ceda_agmarknet
2024-10-01,kolar,tomato,1679,12.766666666666667,48.86666666666667,26.3,ceda_agmarknet
2024-10-02,kolar,tomato,1214,15.475,51.3,29.075,ceda_agmarknet
2024-10-03,kolar,tomato,1371,17.975,50.825,31.725,ceda_agmarknet
2024-10-04,kolar,tomato,1395,17.05,47.9,29.05,ceda_agmarknet
2024-10-05,kolar,tomato,1421,17.974,50.78,34.974000000000004,ceda_agmarknet
2024-10-06,kolar,tomato,1331,12.733333333333333,53.4,28.2,ceda_agmarknet
2024-10-07,kolar,tomato,1968,14.18,48.332,28.64,ceda_agmarknet
2024-10-08,kolar,tomato,1650,13.92,44.986000000000004,26.986,ceda_agmarknet
2024-10-09,kolar,tomato,1617,16.225,42.9,27.9,ceda_agmarknet
2024-10-10,kolar,tomato,1255,15.15,39.15,25.0,ceda_agmarknet
2024-10-11,kolar,tomato,1434,4.95,42.65,20.0,ceda_agmarknet
2024-10-12,kolar,tomato,1102,5.95,44.6,20.65,ceda_agmarknet
2024-10-13,kolar,tomato,1279,5.95,46.65,22.3,ceda_agmarknet
2024-10-14,kolar,tomato,1244,15.712,40.986000000000004,26.26,ceda_agmarknet
2024-10-15,kolar,tomato,1427,10.1425,42.9825,24.4925,ceda_agmarknet
2024-10-16,kolar,tomato,1203,5.086666666666667,39.54333333333334,18.22,ceda_agmarknet
2024-10-17,kolar,tomato,788,4.0,46.6,20.6,ceda_agmarknet
2024-10-18,kolar,tomato,2125,8.52,36.644,20.132,ceda_agmarknet
2024-10-19,kolar,tomato,1771,8.66,37.18,22.6,ceda_agmarknet
2024-10-20,kolar,tomato,1373,7.315,41.005,21.8325,ceda_agmarknet
2024-10-21,kolar,tomato,1621,15.854000000000001,44.394,29.4,ceda_agmarknet
2024-10-22,kolar,tomato,1538,15.65,45.0,28.0825,ceda_agmarknet
2024-10-23,kolar,tomato,1346,17.0,41.65,27.5,ceda_agmarknet
2024-10-24,kolar,tomato,1382,14.792,39.332,24.706,ceda_agmarknet
2024-10-25,kolar,tomato,1542,14.786,37.066,25.32,ceda_agmarknet
2024-10-26,kolar,tomato,1686,9.3,34.0,20.533333333333335,ceda_agmarknet
2024-10-27,kolar,tomato,1708,9.3,31.766666666666666,19.4,ceda_agmarknet
2024-10-28,kolar,tomato,1541,12.12,32.0,20.906,ceda_agmarknet
2024-10-29,kolar,tomato,1570,12.2,33.3,22.1,ceda_agmarknet
2024-10-30,kolar,tomato,1451,8.766666666666666,25.1,16.1,ceda_agmarknet
2024-11-01,kolar,tomato,1228,11.925999999999998,25.88,19.22,ceda_agmarknet
2024-11-02,kolar,tomato,1042,7.4075,26.2,16.2575,ceda_agmarknet
2024-11-03,kolar,tomato,1785,7.4075,26.215,16.59,ceda_agmarknet
2024-11-04,kolar,tomato,312,9.543333333333333,24.976666666666667,18.59,ceda_agmarknet
2024-11-05,kolar,tomato,2105,6.32,24.443333333333335,14.42,ceda_agmarknet
2024-11-06,kolar,tomato,2121,8.1675,23.2325,16.45,ceda_agmarknet
2024-11-07,kolar,tomato,2056,13.26,27.386,20.292,ceda_agmarknet
2024-11-08,kolar,tomato,2335,10.5675,26.6675,19.6675,ceda_agmarknet
2024-11-09,kolar,tomato,2004,8.0675,22.6675,15.415,ceda_agmarknet
2024-11-10,kolar,tomato,2253,3.776666666666667,22.643333333333334,14.423333333333332,ceda_agmarknet
2024-11-11,kolar,tomato,2039,11.443333333333333,24.82,18.155,ceda_agmarknet
2024-11-12,kolar,tomato,1789,8.666666666666666,23.766666666666666,16.766666666666666,ceda_agmarknet
2024-11-13,kolar,tomato,1589,9.0,20.325,15.35,ceda_agmarknet
2024-11-14,kolar,tomato,1994,9.0,23.9825,16.89,ceda_agmarknet
2024-11-15,kolar,tomato,2012,9.2,23.06,15.725999999999999,ceda_agmarknet
2024-11-16,kolar,tomato,1951,9.075,23.65,18.65,ceda_agmarknet
2024-11-18,kolar,tomato,2140,5.32,22.726,15.845999999999998,ceda_agmarknet
2024-11-19,kolar,tomato,2004,6.986000000000001,24.785999999999998,15.66,ceda_agmarknet
2024-11-20,kolar,tomato,1561,7.2,23.966666666666665,14.966666666666667,ceda_agmarknet
2024-11-21,kolar,tomato,1,15.0,20.0,17.0,ceda_agmarknet
2024-11-25,kolar,tomato,1097,,,,ceda_agmarknet
2024-11-26,kolar,tomato,1252,8.325,35.64,19.65,ceda_agmarknet
2024-11-27,kolar,tomato,1186,8.6575,35.39,19.65,ceda_agmarknet
2024-11-28,kolar,tomato,1145,5.3,40.0,16.6,ceda_agmarknet
2024-12-01,kolar,tomato,943,5.3,40.0,18.6,ceda_agmarknet
2024-12-02,kolar,tomato,31,21.665,44.835,30.0,ceda_agmarknet
2024-12-03,kolar,tomato,673,12.65,44.6575,22.9,ceda_agmarknet
2024-12-04,kolar,tomato,1431,15.5,40.8175,26.2325,ceda_agmarknet
2024-12-05,kolar,tomato,1069,15.1575,41.3075,27.05,ceda_agmarknet
2024-12-06,kolar,tomato,1108,11.114,41.98,25.054000000000002,ceda_agmarknet
2024-12-07,kolar,tomato,1165,13.89,38.89,22.666666666666664,ceda_agmarknet
2024-12-08,kolar,tomato,197,4.98,19.33,10.3,ceda_agmarknet
2024-12-09,kolar,tomato,1364,4.825,16.3075,10.075,ceda_agmarknet
2024-12-10,kolar,tomato,1136,11.65,25.0,18.5,ceda_agmarknet
2024-12-12,kolar,tomato,1484,3.7325,18.3175,11.325,ceda_agmarknet
2024-12-13,kolar,tomato,1336,6.792000000000001,16.386,11.78,ceda_agmarknet
2024-12-14,kolar,tomato,1250,,,,ceda_agmarknet
2024-12-15,kolar,tomato,1178,,,,ceda_agmarknet
2024-12-16,kolar,tomato,1039,,,,ceda_agmarknet
2024-12-17,kolar,tomato,1053,,,,ceda_agmarknet
2024-12-18,kolar,tomato,1166,,,,ceda_agmarknet
2024-12-19,kolar,tomato,1026,,,,ceda_agmarknet
2024-12-20,kolar,tomato,1269,,,,ceda_agmarknet
2024-12-21,kolar,tomato,895,,,,ceda_agmarknet
2024-12-22,kolar,tomato,1068,,,,ceda_agmarknet
2024-12-23,kolar,tomato,1119,,,,ceda_agmarknet
2024-12-24,kolar,tomato,1415,4.2325,14.975,9.825,ceda_agmarknet
2024-12-25,kolar,tomato,952,3.0,16.7,10.0,ceda_agmarknet
2024-12-26,kolar,tomato,1018,11.5,22.65,17.15,ceda_agmarknet
2024-12-27,kolar,tomato,726,4.46,15.86,10.46,ceda_agmarknet
2024-12-28,kolar,tomato,656,4.526,17.112000000000002,10.8,ceda_agmarknet
2024-12-29,kolar,tomato,1556,4.75,15.15,9.575,ceda_agmarknet
2024-12-30,kolar,tomato,1567,9.805,17.655,13.371666666666668,ceda_agmarknet
2024-12-31,kolar,tomato,867,2.666666666666667,9.333333333333334,6.1,ceda_agmarknet
2025-01-01,kolar,tomato,786,9.594,17.866,13.325999999999999,ceda_agmarknet
2025-01-02,kolar,tomato,905,4.718,11.998,7.726,ceda_agmarknet
2025-01-03,kolar,tomato,1143,10.265999999999998,16.866,13.094000000000001,ceda_agmarknet
2025-01-04,kolar,tomato,1065,9.1,16.77166666666667,12.433333333333332,ceda_agmarknet
2025-01-05,kolar,tomato,969,3.3233333333333333,10.0,5.99,ceda_agmarknet
2025-01-06,kolar,tomato,821,3.6519999999999997,9.132,5.526,ceda_agmarknet
2025-01-07,kolar,tomato,931,3.2425,9.4675,5.5575,ceda_agmarknet
2025-01-08,kolar,tomato,89,2.8,9.3,6.0,ceda_agmarknet
2025-01-09,kolar,tomato,978,3.26,9.0,5.66,ceda_agmarknet
2025-01-10,kolar,tomato,605,4.8325,9.0,6.5675,ceda_agmarknet
2025-01-11,kolar,tomato,700,4.666666666666667,10.22,7.033333333333334,ceda_agmarknet
2025-01-12,kolar,tomato,1039,4.315,10.33,6.965,ceda_agmarknet
2025-01-13,kolar,tomato,1080,3.5566666666666666,7.0,5.31,ceda_agmarknet
2025-01-14,kolar,tomato,635,3.11,8.666666666666666,5.486666666666666,ceda_agmarknet
2025-01-15,kolar,tomato,242,3.0,8.5,4.65,ceda_agmarknet
2025-01-16,kolar,tomato,529,3.0,13.3,6.6,ceda_agmarknet
2025-01-17,kolar,tomato,872,4.575,11.825,7.565,ceda_agmarknet
2025-01-18,kolar,tomato,990,3.915,10.825,7.025,ceda_agmarknet
2025-01-19,kolar,tomato,945,3.0,12.0,6.0,ceda_agmarknet
2025-01-20,kolar,tomato,676,3.333333333333333,8.866666666666667,5.5,ceda_agmarknet
2025-01-21,kolar,tomato,731,3.5566666666666666,9.556666666666667,5.1,ceda_agmarknet
2025-01-22,kolar,tomato,811,4.993333333333333,10.65,7.166666666666666,ceda_agmarknet
2025-01-23,kolar,tomato,625,3.5533333333333332,10.966666666666667,5.31,ceda_agmarknet
2025-01-24,kolar,tomato,646,5.0,11.65,7.3,ceda_agmarknet
2025-01-25,kolar,tomato,722,3.0,9.8,5.65,ceda_agmarknet
2025-01-26,kolar,tomato,632,3.3,15.3,8.0,ceda_agmarknet
2025-01-27,kolar,tomato,698,4.433333333333334,10.1,6.833333333333334,ceda_agmarknet
2025-01-28,kolar,tomato,860,3.5260000000000002,12.24,7.34,ceda_agmarknet
2025-01-29,kolar,tomato,810,5.225,13.4,8.6,ceda_agmarknet
2025-01-30,kolar,tomato,723,4.475,11.825,7.75,ceda_agmarknet
2025-01-31,kolar,tomato,1041,3.5860000000000003,11.852,7.766,ceda_agmarknet
2025-02-01,kolar,tomato,672,2.766666666666667,11.176666666666668,6.483333333333333,ceda_agmarknet
2025-02-02,kolar,tomato,770,3.15,14.3,8.3,ceda_agmarknet
2025-02-03,kolar,tomato,668,3.1333333333333333,11.366666666666667,6.8,ceda_agmarknet
2025-02-04,kolar,tomato,732,3.85,10.675,7.375,ceda_agmarknet
2025-02-05,kolar,tomato,144,3.433333333333333,16.586666666666666,9.11,ceda_agmarknet
2025-02-06,kolar,tomato,731,5.7825,14.575,9.85,ceda_agmarknet
2025-02-07,kolar,tomato,673,3.033333333333333,13.3,7.366666666666666,ceda_agmarknet
2025-02-08,kolar,tomato,622,3.7,15.333333333333332,9.0,ceda_agmarknet
2025-02-09,kolar,tomato,738,3.3,16.6,9.0,ceda_agmarknet
2025-02-10,kolar,tomato,694,3.433333333333333,15.266666666666667,9.1,ceda_agmarknet
2025-02-11,kolar,tomato,750,3.833333333333333,11.1,7.433333333333334,ceda_agmarknet
2025-02-12,kolar,tomato,904,3.0,12.0,6.7,ceda_agmarknet
2025-02-13,kolar,tomato,791,4.65,11.075,7.875,ceda_agmarknet
2025-02-14,kolar,tomato,672,3.575,12.775,7.4075,ceda_agmarknet
2025-02-15,kolar,tomato,663,3.825,13.475,7.215,ceda_agmarknet
2025-02-16,kolar,tomato,794,3.0,13.3,7.3,ceda_agmarknet
2025-02-17,kolar,tomato,734,4.3325,11.5,7.5,ceda_agmarknet
2025-02-18,kolar,tomato,668,3.5,12.5,7.55,ceda_agmarknet
2025-02-19,kolar,tomato,1,4.0,12.0,7.5,ceda_agmarknet
2025-02-20,kolar,tomato,772,13.0,20.75,16.15,ceda_agmarknet
2025-02-21,kolar,tomato,682,5.666666666666666,12.666666666666668,7.666666666666666,ceda_agmarknet
2025-02-22,kolar,tomato,612,4.666666666666667,12.1,6.5,ceda_agmarknet
2025-02-23,kolar,tomato,620,5.5,10.0,7.5,ceda_agmarknet
2025-02-24,kolar,tomato,694,5.32,11.32,7.5,ceda_agmarknet
2025-02-25,kolar,tomato,707,2.8666666666666667,12.166666666666668,5.5,ceda_agmarknet
2025-02-26,kolar,tomato,572,4.375,9.75,6.075,ceda_agmarknet
2025-02-27,kolar,tomato,52,4.666666666666667,9.766666666666666,6.766666666666667,ceda_agmarknet
2025-02-28,kolar,tomato,489,4.075,9.725,6.35,ceda_agmarknet
2025-03-01,kolar,tomato,694,2.766666666666667,10.866666666666667,5.466666666666666,ceda_agmarknet
2025-03-03,kolar,tomato,60,2.65,10.3,6.0,ceda_agmarknet
2025-03-04,kolar,tomato,67,2.3,8.0,5.3,ceda_agmarknet
2025-03-12,kolar,tomato,763,2.65,8.3,5.3,ceda_agmarknet
2025-03-13,kolar,tomato,686,2.65,8.0,4.95,ceda_agmarknet
2025-03-14,kolar,tomato,616,2.65,8.0,5.3,ceda_agmarknet
2025-03-15,kolar,tomato,472,3.3,10.0,5.3,ceda_agmarknet
2025-03-16,kolar,tomato,535,3.3,9.3,5.3,ceda_agmarknet
2025-03-17,kolar,tomato,677,3.165,9.65,5.65,ceda_agmarknet
2025-03-18,kolar,tomato,842,3.165,9.3,5.3,ceda_agmarknet
2025-03-19,kolar,tomato,542,3.0,8.6,4.6,ceda_agmarknet
2025-03-21,kolar,tomato,571,3.0,9.3,5.3,ceda_agmarknet
2025-03-22,kolar,tomato,573,3.0,10.6,6.0,ceda_agmarknet
2025-03-23,kolar,tomato,527,3.3,10.6,6.0,ceda_agmarknet
2025-03-24,kolar,tomato,574,2.65,8.3,5.3,ceda_agmarknet
2025-03-25,kolar,tomato,557,2.5,7.15,4.6,ceda_agmarknet
2025-03-26,kolar,tomato,689,2.5,7.3,4.95,ceda_agmarknet
2025-03-27,kolar,tomato,597,4.0,8.633333333333333,5.733333333333333,ceda_agmarknet
2025-03-28,kolar,tomato,619,2.5,8.3,4.95,ceda_agmarknet
2025-03-29,kolar,tomato,515,3.3,10.0,5.3,ceda_agmarknet
2025-03-30,kolar,tomato,477,3.3,13.3,7.3,ceda_agmarknet
2025-03-31,kolar,tomato,72,5.65,13.3,9.0,ceda_agmarknet
2025-04-02,kolar,tomato,489,3.3,10.0,6.6,ceda_agmarknet
2025-04-03,kolar,tomato,810,3.0,8.0,4.6,ceda_agmarknet
2025-04-04,kolar,tomato,650,2.65,8.65,5.65,ceda_agmarknet
2025-04-05,kolar,tomato,705,2.65,9.6,6.0,ceda_agmarknet
2025-04-06,kolar,tomato,592,2.95,10.3,6.6,ceda_agmarknet
2025-04-07,kolar,tomato,633,2.8,9.6,6.3,ceda_agmarknet
2025-04-08,kolar,tomato,244,2.815,10.0,6.33,ceda_agmarknet
2025-04-09,kolar,tomato,764,3.315,10.3,6.63,ceda_agmarknet
2025-04-10,kolar,tomato,494,3.3,11.3,7.3,ceda_agmarknet
2025-04-11,kolar,tomato,663,3.3,8.0,6.6,ceda_agmarknet
2025-04-12,kolar,tomato,524,3.3,8.0,6.6,ceda_agmarknet
2025-04-13,kolar,tomato,653,3.3,10.66,6.0,ceda_agmarknet
2025-04-14,kolar,tomato,567,2.65,9.0,6.0,ceda_agmarknet
2025-04-15,kolar,tomato,740,2.5,7.95,4.95,ceda_agmarknet
2025-04-16,kolar,tomato,68,2.0,13.3,6.0,ceda_agmarknet
2025-04-18,kolar,tomato,837,3.5825,9.25,6.265,ceda_agmarknet
2025-04-19,kolar,tomato,937,3.6575,9.825,6.75,ceda_agmarknet
2025-04-20,kolar,tomato,639,3.3,10.0,6.0,ceda_agmarknet
2025-04-21,kolar,tomato,719,2.65,10.0,5.65,ceda_agmarknet
2025-04-22,kolar,tomato,745,2.5,8.95,5.3,ceda_agmarknet
2025-04-23,kolar,tomato,771,2.5,8.95,4.95,ceda_agmarknet
2025-04-24,kolar,tomato,840,2.5,7.95,4.6,ceda_agmarknet
2025-04-25,kolar,tomato,849,2.5,7.95,4.6,ceda_agmarknet
2025-04-26,kolar,tomato,674,3.0,8.3,4.6,ceda_agmarknet
2025-04-27,kolar,tomato,798,3.0,8.6,5.3,ceda_agmarknet
2025-04-28,kolar,tomato,753,2.5,9.3,5.65,ceda_agmarknet
2025-05-01,kolar,tomato,1178,2.5,8.6,5.65,ceda_agmarknet
2025-05-02,kolar,tomato,128,2.0,6.6,5.0,ceda_agmarknet
2025-05-03,kolar,tomato,148,4.0,7.3,5.8,ceda_agmarknet
2025-05-05,kolar,tomato,894,3.0,8.0,5.3,ceda_agmarknet
2025-05-06,kolar,tomato,1294,3.0,8.0,5.315,ceda_agmarknet
2025-05-07,kolar,tomato,1822,2.5,7.9,4.425,ceda_agmarknet
2025-05-08,kolar,tomato,1210,2.5,7.95,5.3,ceda_agmarknet
2025-05-09,kolar,tomato,1313,2.835,7.3,4.985,ceda_agmarknet
2025-05-10,kolar,tomato,1353,3.165,7.0,4.98,ceda_agmarknet
2025-05-11,kolar,tomato,1310,3.165,7.635,5.665,ceda_agmarknet
2025-05-12,kolar,tomato,1371,3.21,8.22,5.543333333333334,ceda_agmarknet
2025-05-13,kolar,tomato,1265,5.3,10.0,6.0,ceda_agmarknet
2025-05-14,kolar,tomato,1561,2.65,47.0,5.3,ceda_agmarknet
2025-05-15,kolar,tomato,1862,3.666666666666667,9.766666666666666,6.733333333333333,ceda_agmarknet
2025-05-16,kolar,tomato,1545,4.0,9.0,6.4,ceda_agmarknet
2025-05-17,kolar,tomato,1579,2.8,10.3,6.0,ceda_agmarknet
2025-05-19,kolar,tomato,1089,3.3,11.3,6.0,ceda_agmarknet
2025-05-20,kolar,tomato,1317,3.65,11.635,6.3,ceda_agmarknet
2025-05-21,kolar,tomato,1745,3.21,10.866666666666667,6.456666666666666,ceda_agmarknet
2025-05-22,kolar,tomato,613,2.5,8.98,6.13,ceda_agmarknet
2025-05-23,kolar,tomato,542,2.335,8.665,5.965,ceda_agmarknet
2025-05-24,kolar,tomato,421,2.0,10.0,6.6,ceda_agmarknet
2025-05-25,kolar,tomato,473,2.3,11.3,6.6,ceda_agmarknet
2025-05-26,kolar,tomato,398,2.815,9.635,6.965,ceda_agmarknet
2025-05-27,kolar,tomato,2361,1.915,5.25,3.165,ceda_agmarknet
2025-05-28,kolar,tomato,2534,3.11,11.966666666666667,6.41,ceda_agmarknet
2025-05-29,kolar,tomato,3234,3.2425,9.8175,6.7325,ceda_agmarknet
2025-05-30,kolar,tomato,2527,3.543333333333333,10.553333333333333,6.983333333333333,ceda_agmarknet
2025-05-31,kolar,tomato,207,4.165,9.0,7.585,ceda_agmarknet
2025-06-01,kolar,tomato,268,4.0,10.0,6.0,ceda_agmarknet
2025-06-02,kolar,tomato,2915,3.2,12.633333333333333,8.456666666666667,ceda_agmarknet
2025-06-03,kolar,tomato,2558,3.3,18.6,11.0,ceda_agmarknet
2025-06-04,kolar,tomato,3118,3.7325,15.8075,10.325,ceda_agmarknet
2025-06-05,kolar,tomato,2773,3.65,18.3,11.3,ceda_agmarknet
2025-06-06,kolar,tomato,2981,4.2,13.966666666666667,10.433333333333332,ceda_agmarknet
2025-06-07,kolar,tomato,2286,5.533333333333334,16.3,11.533333333333333,ceda_agmarknet
2025-06-08,kolar,tomato,2468,3.3,18.3,12.6,ceda_agmarknet
2025-06-09,kolar,tomato,2321,3.31,17.776666666666667,13.32,ceda_agmarknet
2025-06-10,kolar,tomato,2994,4.3,24.15,14.95,ceda_agmarknet
2025-06-11,kolar,tomato,3907,4.665,20.9075,12.965,ceda_agmarknet
2025-06-12,kolar,tomato,4468,3.825,20.4175,13.725,ceda_agmarknet
2025-06-13,kolar,tomato,4576,4.1575,19.48,10.325,ceda_agmarknet
2025-06-14,kolar,tomato,4598,3.31,16.653333333333332,10.2,ceda_agmarknet
2025-06-15,kolar,tomato,3985,3.31,18.42,11.32,ceda_agmarknet
2025-06-16,kolar,tomato,4222,4.9075,15.7325,11.15,ceda_agmarknet
2025-06-17,kolar,tomato,4216,2.976666666666667,17.28666666666667,11.1,ceda_agmarknet
2025-06-18,kolar,tomato,4511,3.0766666666666667,16.42,11.086666666666668,ceda_agmarknet
2025-06-19,kolar,tomato,917,4.15,11.65,8.55,ceda_agmarknet
2025-06-20,kolar,tomato,3884,4.9825,14.9,10.915,ceda_agmarknet
2025-06-21,kolar,tomato,1287,5.543333333333334,14.543333333333333,10.5,ceda_agmarknet
2025-06-22,kolar,tomato,1394,3.315,16.63,10.3,ceda_agmarknet
2025-06-23,kolar,tomato,3602,5.2325,18.315,12.275,ceda_agmarknet
2025-06-24,kolar,tomato,3838,3.31,20.42,13.086666666666668,ceda_agmarknet
2025-06-25,kolar,tomato,1287,3.315,18.98,13.3,ceda_agmarknet
2025-06-26,kolar,tomato,1448,3.315,20.33,13.315,ceda_agmarknet
2025-06-27,kolar,tomato,3864,3.433333333333333,21.086666666666666,13.31,ceda_agmarknet
2025-06-28,kolar,tomato,3475,3.95,24.3,15.95,ceda_agmarknet
2025-06-29,kolar,tomato,3316,4.15,24.95,16.3,ceda_agmarknet
2025-06-30,kolar,tomato,3457,3.65,25.3,16.3,ceda_agmarknet
2022-01-01,chintamani,tomato,17,8.0,46.0,27.0,ceda_agmarknet
2022-01-02,chintamani,tomato,25,8.0,38.0,23.0,ceda_agmarknet
2022-01-03,chintamani,tomato,31,8.0,38.0,23.0,ceda_agmarknet
2022-01-04,chintamani,tomato,19,10.0,38.0,28.0,ceda_agmarknet
2022-01-05,chintamani,tomato,24,8.0,31.0,19.0,ceda_agmarknet
2022-01-07,chintamani,tomato,16,7.7,29.0,18.5,ceda_agmarknet
2022-01-08,chintamani,tomato,6,7.7,29.0,18.5,ceda_agmarknet
2022-01-09,chintamani,tomato,17,7.7,28.5,18.0,ceda_agmarknet
2022-01-10,chintamani,tomato,22,7.7,27.0,17.0,ceda_agmarknet
2022-01-11,chintamani,tomato,29,7.7,28.0,17.5,ceda_agmarknet
2022-01-12,chintamani,tomato,17,8.0,28.0,17.0,ceda_agmarknet
2022-01-14,chintamani,tomato,29,8.0,19.0,13.0,ceda_agmarknet
2022-01-15,chintamani,tomato,4,8.0,19.0,13.0,ceda_agmarknet
2022-01-16,chintamani,tomato,17,8.0,19.0,13.0,ceda_agmarknet
2022-01-17,chintamani,tomato,21,8.0,19.0,13.0,ceda_agmarknet
2022-01-18,chintamani,tomato,28,7.7,23.0,15.0,ceda_agmarknet
2022-01-19,chintamani,tomato,14,8.0,20.0,14.0,ceda_agmarknet
2022-01-20,chintamani,tomato,22,8.0,22.0,15.0,ceda_agmarknet
2022-01-21,chintamani,tomato,22,8.0,22.0,15.0,ceda_agmarknet
2022-01-22,chintamani,tomato,16,7.7,22.0,15.0,ceda_agmarknet
2022-01-23,chintamani,tomato,19,8.0,23.0,15.0,ceda_agmarknet
2022-01-24,chintamani,tomato,25,8.0,25.0,16.0,ceda_agmarknet
2022-01-25,chintamani,tomato,22,8.0,25.0,16.0,ceda_agmarknet
2022-01-26,chintamani,tomato,19,8.0,24.0,15.0,ceda_agmarknet
2022-01-28,chintamani,tomato,32,5.3,18.5,12.0,ceda_agmarknet
2022-01-29,chintamani,tomato,34,5.0,17.0,11.0,ceda_agmarknet
2022-01-30,chintamani,tomato,42,5.0,19.0,12.0,ceda_agmarknet
2022-01-31,chintamani,tomato,19,7.0,19.0,13.0,ceda_agmarknet
2022-02-01,chintamani,tomato,15,7.0,15.0,11.5,ceda_agmarknet
2022-02-02,chintamani,tomato,19,7.0,15.0,11.0,ceda_agmarknet
2022-02-04,chintamani,tomato,19,7.0,17.0,12.0,ceda_agmarknet
2022-02-05,chintamani,tomato,31,7.0,20.0,13.5,ceda_agmarknet
2022-02-06,chintamani,tomato,23,7.0,20.0,14.0,ceda_agmarknet
2022-02-07,chintamani,tomato,21,4.0,12.3,8.0,ceda_agmarknet
2022-02-08,chintamani,tomato,19,4.0,12.0,7.7,ceda_agmarknet
2022-02-09,chintamani,tomato,21,4.0,12.0,8.0,ceda_agmarknet
2022-02-11,chintamani,tomato,23,4.0,12.0,8.0,ceda_agmarknet
2022-02-12,chintamani,tomato,45,4.0,12.0,7.7,ceda_agmarknet
2022-02-13,chintamani,tomato,44,4.0,11.0,7.5,ceda_agmarknet
2022-02-15,chintamani,tomato,46,4.0,12.0,8.0,ceda_agmarknet
2022-02-16,chintamani,tomato,48,4.0,12.0,8.0,ceda_agmarknet
2022-02-18,chintamani,tomato,58,4.0,10.0,7.0,ceda_agmarknet
2022-02-19,chintamani,tomato,50,4.0,11.5,7.7,ceda_agmarknet
2022-02-20,chintamani,tomato,53,4.0,12.0,7.7,ceda_agmarknet
2022-02-21,chintamani,tomato,30,4.0,12.0,7.7,ceda_agmarknet
2022-02-22,chintamani,tomato,40,4.0,8.0,5.5,ceda_agmarknet
2022-02-23,chintamani,tomato,51,4.0,8.0,6.0,ceda_agmarknet
2022-02-25,chintamani,tomato,45,4.0,8.0,6.0,ceda_agmarknet
2022-02-26,chintamani,tomato,63,3.0,7.0,5.0,ceda_agmarknet
2022-02-27,chintamani,tomato,56,3.0,7.0,5.0,ceda_agmarknet
2022-02-28,chintamani,tomato,70,3.0,7.0,5.0,ceda_agmarknet
2022-03-01,chintamani,tomato,29,4.0,7.0,5.5,ceda_agmarknet
2022-03-02,chintamani,tomato,24,3.0,7.0,5.0,ceda_agmarknet
2022-03-04,chintamani,tomato,24,3.0,7.0,5.0,ceda_agmarknet
2022-03-05,chintamani,tomato,33,3.0,7.0,5.0,ceda_agmarknet
2022-03-06,chintamani,tomato,38,3.0,7.0,5.0,ceda_agmarknet
2022-03-07,chintamani,tomato,34,3.0,7.0,5.0,ceda_agmarknet
2022-03-08,chintamani,tomato,31,3.0,7.0,5.0,ceda_agmarknet
2022-03-09,chintamani,tomato,36,3.0,7.0,5.0,ceda_agmarknet
2022-03-11,chintamani,tomato,33,3.0,7.0,5.0,ceda_agmarknet
2022-03-12,chintamani,tomato,39,3.0,8.0,5.5,ceda_agmarknet
2022-03-13,chintamani,tomato,32,3.0,7.0,5.0,ceda_agmarknet
2022-03-14,chintamani,tomato,34,3.0,7.0,5.0,ceda_agmarknet
2022-03-15,chintamani,tomato,33,3.0,7.5,5.0,ceda_agmarknet
2022-03-16,chintamani,tomato,32,3.0,7.0,5.0,ceda_agmarknet
2022-03-18,chintamani,tomato,26,3.0,8.0,5.0,ceda_agmarknet
2022-03-19,chintamani,tomato,28,3.0,8.0,5.0,ceda_agmarknet
2022-03-20,chintamani,tomato,29,3.0,8.0,5.0,ceda_agmarknet
2022-03-21,chintamani,tomato,41,4.0,7.0,5.0,ceda_agmarknet
2022-03-22,chintamani,tomato,34,4.0,8.0,6.0,ceda_agmarknet
2022-03-23,chintamani,tomato,39,4.0,8.0,6.0,ceda_agmarknet
2022-03-25,chintamani,tomato,40,4.0,8.0,6.0,ceda_agmarknet
2022-03-26,chintamani,tomato,33,4.0,8.0,6.0,ceda_agmarknet
2022-03-27,chintamani,tomato,36,4.0,8.0,6.0,ceda_agmarknet
2022-03-28,chintamani,tomato,39,4.0,8.0,6.0,ceda_agmarknet
2022-03-29,chintamani,tomato,34,3.0,9.0,6.0,ceda_agmarknet
2022-03-30,chintamani,tomato,31,3.0,10.0,6.5,ceda_agmarknet
2022-04-01,chintamani,tomato,75,3.0,10.0,7.0,ceda_agmarknet
2022-04-02,chintamani,tomato,32,3.0,10.0,7.0,ceda_agmarknet
2022-04-03,chintamani,tomato,8,3.0,10.0,7.0,ceda_agmarknet
2022-04-04,chintamani,tomato,24,3.0,13.0,8.0,ceda_agmarknet
2022-04-05,chintamani,tomato,49,3.0,15.0,9.0,ceda_agmarknet
2022-04-09,chintamani,tomato,49,3.0,15.0,9.0,ceda_agmarknet
2022-04-10,chintamani,tomato,17,3.0,15.0,9.0,ceda_agmarknet
2022-04-11,chintamani,tomato,16,5.0,19.0,11.0,ceda_agmarknet
2022-04-12,chintamani,tomato,25,3.0,19.0,11.0,ceda_agmarknet
2022-04-13,chintamani,tomato,38,3.0,19.0,12.0,ceda_agmarknet
2022-04-15,chintamani,tomato,29,3.0,23.0,13.0,ceda_agmarknet
2022-04-16,chintamani,tomato,23,4.0,27.0,15.5,ceda_agmarknet
2022-04-17,chintamani,tomato,24,4.0,28.5,16.0,ceda_agmarknet
2022-04-18,chintamani,tomato,15,4.0,29.0,16.6,ceda_agmarknet
2022-04-19,chintamani,tomato,21,4.0,30.7,17.0,ceda_agmarknet
2022-04-20,chintamani,tomato,27,4.0,30.0,17.0,ceda_agmarknet
2022-04-22,chintamani,tomato,26,7.0,38.0,23.0,ceda_agmarknet
2022-04-23,chintamani,tomato,15,8.0,35.0,21.0,ceda_agmarknet
2022-04-24,chintamani,tomato,12,8.0,35.0,21.0,ceda_agmarknet
2022-04-25,chintamani,tomato,15,8.0,35.0,22.0,ceda_agmarknet
2022-04-26,chintamani,tomato,13,8.0,38.0,23.0,ceda_agmarknet
2022-04-27,chintamani,tomato,16,7.0,42.0,25.0,ceda_agmarknet
2022-04-29,chintamani,tomato,38,8.0,42.0,25.0,ceda_agmarknet
2022-04-30,chintamani,tomato,38,10.0,42.0,27.0,ceda_agmarknet
2022-05-01,chintamani,tomato,16,10.0,42.0,27.0,ceda_agmarknet
2022-05-02,chintamani,tomato,15,10.0,42.0,27.0,ceda_agmarknet
2022-05-03,chintamani,tomato,19,8.0,53.8,30.7,ceda_agmarknet
2022-05-04,chintamani,tomato,20,8.0,54.0,30.0,ceda_agmarknet
2022-05-06,chintamani,tomato,27,8.0,53.0,30.0,ceda_agmarknet
2022-05-07,chintamani,tomato,18,8.0,54.0,30.0,ceda_agmarknet
2022-05-08,chintamani,tomato,16,8.0,53.0,30.0,ceda_agmarknet
2022-05-09,chintamani,tomato,13,8.0,53.0,30.0,ceda_agmarknet
2022-05-10,chintamani,tomato,19,8.0,64.0,36.0,ceda_agmarknet
2022-05-11,chintamani,tomato,17,8.0,67.0,37.0,ceda_agmarknet
2022-05-13,chintamani,tomato,18,8.0,69.0,38.0,ceda_agmarknet
2022-05-14,chintamani,tomato,15,8.0,69.0,38.0,ceda_agmarknet
2022-05-15,chintamani,tomato,14,10.0,65.0,42.0,ceda_agmarknet
2022-05-16,chintamani,tomato,15,10.0,61.0,35.5,ceda_agmarknet
2022-05-17,chintamani,tomato,17,10.0,60.0,40.0,ceda_agmarknet
2022-05-18,chintamani,tomato,12,10.0,90.0,45.0,ceda_agmarknet
2022-05-20,chintamani,tomato,10,10.0,90.0,45.0,ceda_agmarknet
2022-05-21,chintamani,tomato,10,10.0,100.0,50.0,ceda_agmarknet
2022-05-22,chintamani,tomato,10,10.0,100.0,50.0,ceda_agmarknet
2022-05-23,chintamani,tomato,12,10.0,80.0,40.0,ceda_agmarknet
2022-05-24,chintamani,tomato,14,10.0,65.0,30.0,ceda_agmarknet
2022-05-25,chintamani,tomato,26,7.0,61.0,34.5,ceda_agmarknet
2022-05-27,chintamani,tomato,31,7.0,60.0,34.0,ceda_agmarknet
2022-05-28,chintamani,tomato,27,7.0,54.0,31.0,ceda_agmarknet
2022-05-29,chintamani,tomato,25,7.0,58.0,33.0,ceda_agmarknet
2022-05-30,chintamani,tomato,18,7.0,58.0,33.0,ceda_agmarknet
2022-05-31,chintamani,tomato,29,7.0,54.0,31.0,ceda_agmarknet
2022-06-01,chintamani,tomato,23,7.0,59.0,33.0,ceda_agmarknet
2022-06-03,chintamani,tomato,30,7.0,61.0,35.0,ceda_agmarknet
2022-06-04,chintamani,tomato,35,7.0,60.0,34.0,ceda_agmarknet
2022-06-05,chintamani,tomato,31,7.0,55.0,31.0,ceda_agmarknet
2022-06-11,chintamani,tomato,28,7.0,53.0,30.0,ceda_agmarknet
2022-06-12,chintamani,tomato,14,7.0,50.0,29.0,ceda_agmarknet
2022-06-13,chintamani,tomato,13,7.0,46.0,27.0,ceda_agmarknet
2022-06-14,chintamani,tomato,18,7.0,50.0,30.0,ceda_agmarknet
2022-06-15,chintamani,tomato,41,7.0,50.0,29.0,ceda_agmarknet
2022-06-18,chintamani,tomato,66,7.0,35.0,20.8,ceda_agmarknet
2022-06-19,chintamani,tomato,23,7.0,35.0,21.0,ceda_agmarknet
2022-06-20,chintamani,tomato,42,7.0,34.0,21.0,ceda_agmarknet
2022-06-22,chintamani,tomato,73,7.0,35.0,21.0,ceda_agmarknet
2022-06-24,chintamani,tomato,95,7.0,30.0,19.0,ceda_agmarknet
2022-06-25,chintamani,tomato,94,7.0,27.0,17.0,ceda_agmarknet
2022-06-26,chintamani,tomato,60,7.0,27.0,17.0,ceda_agmarknet
2022-06-28,chintamani,tomato,80,7.0,19.0,13.5,ceda_agmarknet
2022-06-29,chintamani,tomato,56,7.7,19.0,14.0,ceda_agmarknet
2022-07-03,chintamani,tomato,53,7.0,19.0,13.0,ceda_agmarknet
2022-07-04,chintamani,tomato,50,7.0,27.0,17.0,ceda_agmarknet
2022-07-06,chintamani,tomato,84,7.0,27.0,17.0,ceda_agmarknet
2022-07-09,chintamani,tomato,77,7.0,27.0,17.0,ceda_agmarknet
2022-07-12,chintamani,tomato,169,7.0,15.0,11.0,ceda_agmarknet
2022-07-13,chintamani,tomato,177,7.0,15.0,11.5,ceda_agmarknet
2022-07-15,chintamani,tomato,194,7.0,11.5,9.5,ceda_agmarknet
2022-07-19,chintamani,tomato,158,7.0,15.0,11.0,ceda_agmarknet
2022-07-23,chintamani,tomato,190,3.0,11.5,7.3,ceda_agmarknet
2022-07-24,chintamani,tomato,97,3.0,11.5,7.3,ceda_agmarknet
2022-07-25,chintamani,tomato,201,3.0,9.0,6.0,ceda_agmarknet
2022-07-26,chintamani,tomato,225,3.0,9.0,6.0,ceda_agmarknet
2022-07-27,chintamani,tomato,157,3.0,9.0,6.2,ceda_agmarknet
2022-07-29,chintamani,tomato,151,3.0,11.0,7.0,ceda_agmarknet
2022-07-31,chintamani,tomato,115,3.0,11.0,7.0,ceda_agmarknet
2022-08-05,chintamani,tomato,113,3.0,11.5,7.0,ceda_agmarknet
2022-08-06,chintamani,tomato,99,3.0,12.0,7.0,ceda_agmarknet
2022-08-07,chintamani,tomato,126,3.0,9.0,6.0,ceda_agmarknet
2022-08-08,chintamani,tomato,144,3.0,10.0,6.5,ceda_agmarknet
2022-08-09,chintamani,tomato,104,3.0,13.0,8.0,ceda_agmarknet
2022-08-10,chintamani,tomato,93,4.0,19.0,11.0,ceda_agmarknet
2022-08-12,chintamani,tomato,147,5.0,19.0,11.0,ceda_agmarknet
2022-08-13,chintamani,tomato,127,5.0,19.0,11.0,ceda_agmarknet
2022-08-14,chintamani,tomato,104,5.0,15.0,9.5,ceda_agmarknet
2022-08-15,chintamani,tomato,80,5.0,23.0,14.0,ceda_agmarknet
2022-08-16,chintamani,tomato,115,4.0,15.0,9.7,ceda_agmarknet
2022-08-17,chintamani,tomato,123,4.0,15.0,9.6,ceda_agmarknet
2022-08-27,chintamani,tomato,26,5.0,15.0,10.0,ceda_agmarknet
2022-08-28,chintamani,tomato,21,5.0,19.0,12.0,ceda_agmarknet
2022-08-29,chintamani,tomato,23,5.0,20.0,12.5,ceda_agmarknet
2022-08-30,chintamani,tomato,16,5.0,23.0,14.0,ceda_agmarknet
2022-08-31,chintamani,tomato,18,5.0,22.0,13.0,ceda_agmarknet
2022-09-02,chintamani,tomato,19,10.0,38.0,24.0,ceda_agmarknet
2022-09-03,chintamani,tomato,23,6.0,24.0,15.0,ceda_agmarknet
2022-09-04,chintamani,tomato,91,8.0,28.0,18.0,ceda_agmarknet
2022-09-05,chintamani,tomato,58,8.0,38.0,23.0,ceda_agmarknet
2022-09-06,chintamani,tomato,55,8.0,38.0,23.0,ceda_agmarknet
2022-09-07,chintamani,tomato,55,8.0,38.0,23.0,ceda_agmarknet
2022-09-11,chintamani,tomato,37,7.0,38.0,23.0,ceda_agmarknet
2022-09-12,chintamani,tomato,32,7.0,38.0,23.0,ceda_agmarknet
2022-09-13,chintamani,tomato,38,7.0,38.0,22.0,ceda_agmarknet
2022-09-16,chintamani,tomato,42,7.0,29.0,18.0,ceda_agmarknet
2022-09-17,chintamani,tomato,44,7.0,31.0,19.0,ceda_agmarknet
2022-09-18,chintamani,tomato,45,7.0,32.0,20.0,ceda_agmarknet
2022-09-19,chintamani,tomato,35,7.0,32.0,20.0,ceda_agmarknet
2022-09-26,chintamani,tomato,33,7.0,23.0,15.0,ceda_agmarknet
2022-09-27,chintamani,tomato,30,7.0,25.0,16.0,ceda_agmarknet
2022-09-28,chintamani,tomato,35,7.0,27.0,17.0,ceda_agmarknet
2022-09-30,chintamani,tomato,41,7.0,31.0,19.0,ceda_agmarknet
2022-10-01,chintamani,tomato,29,7.0,31.0,19.0,ceda_agmarknet
2022-10-02,chintamani,tomato,32,7.0,34.0,20.0,ceda_agmarknet
2022-10-03,chintamani,tomato,26,7.0,35.0,21.0,ceda_agmarknet
2022-10-11,chintamani,tomato,21,5.0,31.0,18.0,ceda_agmarknet
2022-10-12,chintamani,tomato,20,7.0,31.0,18.0,ceda_agmarknet
2022-10-14,chintamani,tomato,17,7.0,31.0,18.0,ceda_agmarknet
2022-10-15,chintamani,tomato,35,7.0,40.0,22.0,ceda_agmarknet
2022-10-16,chintamani,tomato,30,7.0,46.0,26.0,ceda_agmarknet
2022-10-19,chintamani,tomato,25,4.0,27.0,15.0,ceda_agmarknet
2022-10-21,chintamani,tomato,33,4.0,28.0,16.0,ceda_agmarknet
2022-10-22,chintamani,tomato,69,4.0,23.0,13.0,ceda_agmarknet
2022-10-23,chintamani,tomato,51,4.0,26.0,15.0,ceda_agmarknet
2022-10-24,chintamani,tomato,53,4.0,25.0,14.0,ceda_agmarknet
2022-10-25,chintamani,tomato,47,4.0,27.0,15.0,ceda_agmarknet
2022-10-26,chintamani,tomato,56,4.0,23.0,13.0,ceda_agmarknet
2022-10-28,chintamani,tomato,45,4.0,19.0,11.0,ceda_agmarknet
2022-10-29,chintamani,tomato,47,4.0,18.0,11.0,ceda_agmarknet
2022-10-30,chintamani,tomato,37,4.0,18.0,11.0,ceda_agmarknet
2022-10-31,chintamani,tomato,55,4.0,17.0,10.0,ceda_agmarknet
2022-11-01,chintamani,tomato,42,4.0,16.0,10.0,ceda_agmarknet
2022-11-02,chintamani,tomato,49,4.0,15.0,9.0,ceda_agmarknet
2022-11-04,chintamani,tomato,28,4.0,11.0,6.5,ceda_agmarknet
2022-11-05,chintamani,tomato,71,4.0,10.0,6.5,ceda_agmarknet
2022-11-06,chintamani,tomato,59,4.0,10.0,6.5,ceda_agmarknet
2022-11-07,chintamani,tomato,26,4.0,8.0,5.5,ceda_agmarknet
2022-11-19,chintamani,tomato,58,3.0,8.5,6.0,ceda_agmarknet
2022-11-20,chintamani,tomato,40,3.0,8.0,5.5,ceda_agmarknet
2022-11-21,chintamani,tomato,25,3.0,8.0,6.0,ceda_agmarknet
2022-11-22,chintamani,tomato,29,3.0,8.0,6.0,ceda_agmarknet
2022-11-23,chintamani,tomato,47,3.0,11.5,7.5,ceda_agmarknet
2022-11-25,chintamani,tomato,52,3.0,10.0,6.5,ceda_agmarknet
2022-11-26,chintamani,tomato,44,3.0,8.0,5.5,ceda_agmarknet
2022-11-27,chintamani,tomato,49,3.0,11.0,7.0,ceda_agmarknet
2022-11-28,chintamani,tomato,46,3.0,11.5,7.5,ceda_agmarknet
2022-11-29,chintamani,tomato,31,4.0,12.0,8.0,ceda_agmarknet
2022-12-02,chintamani,tomato,36,4.0,7.7,5.9,ceda_agmarknet
2022-12-03,chintamani,tomato,34,4.0,9.5,7.0,ceda_agmarknet
2022-12-04,chintamani,tomato,31,4.0,11.5,8.0,ceda_agmarknet
2022-12-05,chintamani,tomato,35,4.0,15.5,9.7,ceda_agmarknet
2022-12-06,chintamani,tomato,33,4.0,19.5,12.0,ceda_agmarknet
2022-12-07,chintamani,tomato,53,4.0,11.5,7.8,ceda_agmarknet
2022-12-09,chintamani,tomato,35,4.0,9.5,6.5,ceda_agmarknet
2022-12-10,chintamani,tomato,32,4.0,19.0,11.5,ceda_agmarknet
2022-12-11,chintamani,tomato,2,4.0,23.0,13.5,ceda_agmarknet
2022-12-12,chintamani,tomato,31,4.0,23.0,13.5,ceda_agmarknet
2022-12-13,chintamani,tomato,30,4.0,20.0,12.0,ceda_agmarknet
2022-12-14,chintamani,tomato,38,4.0,22.0,13.0,ceda_agmarknet
2022-12-16,chintamani,tomato,31,4.0,23.0,13.5,ceda_agmarknet
2022-12-17,chintamani,tomato,30,4.0,23.0,13.5,ceda_agmarknet
2022-12-18,chintamani,tomato,38,4.0,19.0,9.8,ceda_agmarknet
2022-12-19,chintamani,tomato,31,4.0,23.0,13.0,ceda_agmarknet
2022-12-20,chintamani,tomato,28,4.0,23.0,13.0,ceda_agmarknet
2022-12-21,chintamani,tomato,60,4.0,19.0,11.5,ceda_agmarknet
2022-12-23,chintamani,tomato,46,4.0,15.0,9.5,ceda_agmarknet
2022-12-24,chintamani,tomato,44,4.0,16.0,10.0,ceda_agmarknet
2022-12-25,chintamani,tomato,42,4.0,17.0,10.0,ceda_agmarknet
2022-12-26,chintamani,tomato,34,4.0,18.0,11.0,ceda_agmarknet
2022-12-27,chintamani,tomato,36,4.0,19.0,11.0,ceda_agmarknet
2022-12-28,chintamani,tomato,33,4.0,18.0,11.0,ceda_agmarknet
2022-12-30,chintamani,tomato,31,4.0,16.0,10.0,ceda_agmarknet
2022-12-31,chintamani,tomato,30,4.0,18.0,11.0,ceda_agmarknet
2023-01-01,chintamani,tomato,35,4.0,18.0,11.0,ceda_agmarknet
2023-01-02,chintamani,tomato,34,4.0,20.0,13.0,ceda_agmarknet
2023-01-03,chintamani,tomato,33,4.0,23.0,13.5,ceda_agmarknet
2023-01-04,chintamani,tomato,38,5.0,19.0,12.0,ceda_agmarknet
2023-01-06,chintamani,tomato,22,5.0,17.0,11.0,ceda_agmarknet
2023-01-07,chintamani,tomato,27,3.0,15.0,9.2,ceda_agmarknet
2023-01-08,chintamani,tomato,20,3.0,15.0,9.2,ceda_agmarknet
2023-01-09,chintamani,tomato,25,3.0,17.0,10.0,ceda_agmarknet
2023-01-10,chintamani,tomato,33,3.0,16.0,9.2,ceda_agmarknet
2023-01-11,chintamani,tomato,26,3.0,16.0,9.2,ceda_agmarknet
2023-01-12,chintamani,tomato,22,3.0,16.0,9.2,ceda_agmarknet
2023-01-13,chintamani,tomato,20,3.0,16.0,9.6,ceda_agmarknet
2023-01-14,chintamani,tomato,23,3.0,15.0,9.2,ceda_agmarknet
2023-01-15,chintamani,tomato,25,3.0,15.0,9.2,ceda_agmarknet
2023-01-16,chintamani,tomato,27,3.0,15.0,9.0,ceda_agmarknet
2023-01-17,chintamani,tomato,20,3.0,19.0,11.0,ceda_agmarknet
2023-01-18,chintamani,tomato,36,4.0,23.0,13.5,ceda_agmarknet
2023-01-19,chintamani,tomato,26,4.0,23.0,13.0,ceda_agmarknet
2023-01-20,chintamani,tomato,30,4.0,23.0,13.5,ceda_agmarknet
2023-01-21,chintamani,tomato,31,4.0,23.0,13.0,ceda_agmarknet
2023-01-22,chintamani,tomato,33,4.0,23.0,13.0,ceda_agmarknet
2023-01-23,chintamani,tomato,27,4.0,23.0,13.0,ceda_agmarknet
2023-01-24,chintamani,tomato,26,4.0,23.0,13.0,ceda_agmarknet
2023-01-25,chintamani,tomato,23,4.0,23.0,13.0,ceda_agmarknet
2023-01-26,chintamani,tomato,22,4.0,25.0,13.0,ceda_agmarknet
2023-01-27,chintamani,tomato,36,4.0,24.0,13.5,ceda_agmarknet
2023-01-28,chintamani,tomato,26,4.0,24.0,13.5,ceda_agmarknet
2023-01-29,chintamani,tomato,30,4.0,24.0,14.0,ceda_agmarknet
2023-01-30,chintamani,tomato,31,4.0,23.0,13.0,ceda_agmarknet
2023-01-31,chintamani,tomato,33,4.0,23.0,13.0,ceda_agmarknet
2023-02-01,chintamani,tomato,27,4.0,23.0,14.0,ceda_agmarknet
2023-02-03,chintamani,tomato,23,4.0,23.0,14.0,ceda_agmarknet
2023-02-04,chintamani,tomato,22,6.0,23.0,13.5,ceda_agmarknet
2023-02-05,chintamani,tomato,36,5.0,23.0,14.0,ceda_agmarknet
2023-02-07,chintamani,tomato,30,5.0,23.0,14.0,ceda_agmarknet
2023-02-08,chintamani,tomato,31,5.0,23.0,14.0,ceda_agmarknet
2023-02-09,chintamani,tomato,33,5.0,23.0,14.0,ceda_agmarknet
2023-02-10,chintamani,tomato,27,5.0,27.0,15.0,ceda_agmarknet
2023-02-11,chintamani,tomato,26,5.0,23.0,14.0,ceda_agmarknet
2023-02-12,chintamani,tomato,23,5.0,24.0,14.0,ceda_agmarknet
2023-02-13,chintamani,tomato,22,5.0,23.0,14.0,ceda_agmarknet
2023-02-14,chintamani,tomato,36,5.0,25.0,14.0,ceda_agmarknet
2023-02-15,chintamani,tomato,26,4.0,25.0,15.0,ceda_agmarknet
2023-02-17,chintamani,tomato,31,5.0,28.0,16.0,ceda_agmarknet
2023-02-18,chintamani,tomato,33,5.0,21.0,13.0,ceda_agmarknet
2023-02-19,chintamani,tomato,27,5.0,23.0,13.0,ceda_agmarknet
2023-02-20,chintamani,tomato,25,5.0,21.0,13.0,ceda_agmarknet
2023-02-21,chintamani,tomato,24,5.0,23.0,13.0,ceda_agmarknet
2023-02-22,chintamani,tomato,22,5.0,23.0,12.5,ceda_agmarknet
2023-02-24,chintamani,tomato,26,5.0,22.0,13.0,ceda_agmarknet
2023-02-25,chintamani,tomato,28,5.0,25.0,14.0,ceda_agmarknet
2023-02-26,chintamani,tomato,31,5.0,25.0,14.0,ceda_agmarknet
2023-02-27,chintamani,tomato,34,5.0,25.0,15.0,ceda_agmarknet
2023-02-28,chintamani,tomato,29,5.0,25.0,15.0,ceda_agmarknet
2023-03-01,chintamani,tomato,34,5.0,25.0,15.0,ceda_agmarknet
2023-03-03,chintamani,tomato,40,4.0,19.0,12.0,ceda_agmarknet
2023-03-04,chintamani,tomato,38,4.0,18.0,11.0,ceda_agmarknet
2023-03-05,chintamani,tomato,39,4.0,18.0,11.0,ceda_agmarknet
2023-03-06,chintamani,tomato,44,4.0,19.0,11.0,ceda_agmarknet
2023-03-07,chintamani,tomato,42,4.0,18.0,11.16,ceda_agmarknet
2023-03-08,chintamani,tomato,40,4.0,18.0,10.0,ceda_agmarknet
2023-03-09,chintamani,tomato,38,4.0,19.0,11.5,ceda_agmarknet
2023-03-10,chintamani,tomato,39,4.0,18.0,11.1,ceda_agmarknet
2023-03-11,chintamani,tomato,44,4.0,18.0,11.0,ceda_agmarknet
2023-03-12,chintamani,tomato,42,4.0,19.0,11.5,ceda_agmarknet
2023-03-13,chintamani,tomato,40,4.0,18.0,11.5,ceda_agmarknet
2023-03-14,chintamani,tomato,38,4.0,18.0,11.0,ceda_agmarknet
2023-03-15,chintamani,tomato,39,4.0,16.0,9.5,ceda_agmarknet
2023-03-17,chintamani,tomato,38,4.0,13.0,8.5,ceda_agmarknet
2023-03-18,chintamani,tomato,46,4.0,14.0,8.8,ceda_agmarknet
2023-03-19,chintamani,tomato,39,4.0,15.0,9.2,ceda_agmarknet
2023-03-20,chintamani,tomato,35,4.0,12.0,8.0,ceda_agmarknet
2023-03-22,chintamani,tomato,36,4.0,13.0,8.5,ceda_agmarknet
2023-03-24,chintamani,tomato,46,4.0,15.0,9.2,ceda_agmarknet
2023-03-25,chintamani,tomato,39,4.0,12.0,8.0,ceda_agmarknet
2023-03-26,chintamani,tomato,35,4.0,11.5,7.7,ceda_agmarknet
2023-03-27,chintamani,tomato,31,4.0,13.0,8.5,ceda_agmarknet
2023-03-28,chintamani,tomato,36,4.0,13.0,8.8,ceda_agmarknet
2023-03-29,chintamani,tomato,38,4.0,15.0,9.2,ceda_agmarknet
2023-03-30,chintamani,tomato,39,4.0,12.0,7.7,ceda_agmarknet
2023-04-01,chintamani,tomato,35,4.0,13.0,8.5,ceda_agmarknet
2023-04-02,chintamani,tomato,31,4.0,14.0,9.0,ceda_agmarknet
2023-04-03,chintamani,tomato,36,4.0,15.0,9.0,ceda_agmarknet
2023-04-04,chintamani,tomato,38,4.0,12.0,8.0,ceda_agmarknet
2023-04-05,chintamani,tomato,46,4.0,11.5,7.7,ceda_agmarknet
2023-04-07,chintamani,tomato,35,4.0,14.0,8.8,ceda_agmarknet
2023-04-08,chintamani,tomato,31,4.0,15.0,9.0,ceda_agmarknet
2023-04-09,chintamani,tomato,36,4.0,12.0,8.0,ceda_agmarknet
2023-04-10,chintamani,tomato,38,4.0,11.5,7.7,ceda_agmarknet
2023-04-11,chintamani,tomato,46,4.0,13.0,8.5,ceda_agmarknet
2023-04-12,chintamani,tomato,39,4.0,14.0,8.8,ceda_agmarknet
2023-04-14,chintamani,tomato,31,4.0,12.0,8.0,ceda_agmarknet
2023-04-15,chintamani,tomato,36,4.0,11.5,7.7,ceda_agmarknet
2023-04-16,chintamani,tomato,38,4.0,13.0,8.5,ceda_agmarknet
2023-04-17,chintamani,tomato,45,4.0,14.0,8.4,ceda_agmarknet
2023-04-18,chintamani,tomato,21,4.0,15.5,9.6,ceda_agmarknet
2023-04-19,chintamani,tomato,35,4.0,14.0,9.0,ceda_agmarknet
2023-04-21,chintamani,tomato,39,4.0,14.0,10.0,ceda_agmarknet
2023-04-22,chintamani,tomato,36,4.0,13.0,8.0,ceda_agmarknet
2023-04-23,chintamani,tomato,30,4.0,13.0,8.5,ceda_agmarknet
2023-04-24,chintamani,tomato,30,4.0,13.0,8.0,ceda_agmarknet
2023-04-25,chintamani,tomato,29,4.0,14.0,9.0,ceda_agmarknet
2023-04-26,chintamani,tomato,29,4.0,13.0,8.0,ceda_agmarknet
2023-04-28,chintamani,tomato,18,4.0,14.0,13.0,ceda_agmarknet
2023-04-29,chintamani,tomato,22,4.0,12.0,8.0,ceda_agmarknet
2023-04-30,chintamani,tomato,38,4.0,13.0,8.5,ceda_agmarknet
2023-05-01,chintamani,tomato,40,4.0,14.0,8.9,ceda_agmarknet
2023-05-02,chintamani,tomato,46,4.0,13.0,6.9,ceda_agmarknet
2023-05-03,chintamani,tomato,40,4.0,12.0,8.0,ceda_agmarknet
2023-05-05,chintamani,tomato,38,4.0,14.5,9.2,ceda_agmarknet
2023-05-06,chintamani,tomato,36,4.0,15.0,9.6,ceda_agmarknet
2023-05-07,chintamani,tomato,17,8.0,23.0,15.0,ceda_agmarknet
2023-05-08,chintamani,tomato,10,8.0,21.0,15.0,ceda_agmarknet
2023-05-09,chintamani,tomato,11,15.0,19.0,15.0,ceda_agmarknet
2023-05-10,chintamani,tomato,14,8.0,23.0,16.0,ceda_agmarknet
2023-05-12,chintamani,tomato,15,8.0,21.0,16.0,ceda_agmarknet
2023-05-13,chintamani,tomato,24,4.0,27.0,16.0,ceda_agmarknet
2023-05-14,chintamani,tomato,21,8.0,25.0,15.0,ceda_agmarknet
2023-05-15,chintamani,tomato,22,8.0,24.0,14.0,ceda_agmarknet
2023-05-16,chintamani,tomato,12,10.0,30.0,20.0,ceda_agmarknet
2023-05-17,chintamani,tomato,24,8.0,26.0,15.5,ceda_agmarknet
2023-05-19,chintamani,tomato,25,8.0,26.0,16.0,ceda_agmarknet
2023-05-20,chintamani,tomato,23,8.0,25.0,15.0,ceda_agmarknet
2023-05-21,chintamani,tomato,20,8.0,25.0,15.0,ceda_agmarknet
2023-05-22,chintamani,tomato,22,8.0,25.0,16.0,ceda_agmarknet
2023-05-23,chintamani,tomato,28,5.0,23.0,13.5,ceda_agmarknet
2023-05-24,chintamani,tomato,23,5.0,19.0,11.5,ceda_agmarknet
2023-05-26,chintamani,tomato,25,5.0,18.5,11.0,ceda_agmarknet
2023-05-27,chintamani,tomato,20,5.0,21.0,12.0,ceda_agmarknet
2023-05-28,chintamani,tomato,22,5.0,23.0,13.5,ceda_agmarknet
2023-05-29,chintamani,tomato,21,5.0,23.0,13.5,ceda_agmarknet
2023-05-30,chintamani,tomato,19,5.0,13.0,8.0,ceda_agmarknet
2023-05-31,chintamani,tomato,23,5.0,19.0,12.0,ceda_agmarknet
2023-06-02,chintamani,tomato,34,5.0,27.0,15.0,ceda_agmarknet
2023-06-03,chintamani,tomato,52,5.0,31.0,17.0,ceda_agmarknet
2023-06-04,chintamani,tomato,28,5.0,35.0,19.0,ceda_agmarknet
2023-06-05,chintamani,tomato,18,5.0,27.0,15.0,ceda_agmarknet
2023-06-06,chintamani,tomato,33,5.0,28.0,16.0,ceda_agmarknet
2023-06-07,chintamani,tomato,35,5.0,26.0,15.0,ceda_agmarknet
2023-06-09,chintamani,tomato,34,5.0,25.0,15.0,ceda_agmarknet
2023-06-10,chintamani,tomato,39,5.0,27.0,15.0,ceda_agmarknet
2023-06-11,chintamani,tomato,34,8.0,26.0,15.0,ceda_agmarknet
2023-06-12,chintamani,tomato,37,5.0,30.0,18.0,ceda_agmarknet
2023-06-13,chintamani,tomato,45,10.0,30.0,20.0,ceda_agmarknet
2023-06-14,chintamani,tomato,45,5.0,29.0,19.0,ceda_agmarknet
2023-06-16,chintamani,tomato,52,10.0,31.0,19.0,ceda_agmarknet
2023-06-17,chintamani,tomato,36,10.0,30.0,20.0,ceda_agmarknet
2023-06-18,chintamani,tomato,27,10.0,30.0,21.0,ceda_agmarknet
2023-06-19,chintamani,tomato,30,10.0,30.0,20.0,ceda_agmarknet
2023-06-20,chintamani,tomato,41,15.0,45.0,30.0,ceda_agmarknet
2023-06-21,chintamani,tomato,31,15.0,46.0,31.0,ceda_agmarknet
2023-06-23,chintamani,tomato,36,15.0,45.0,30.0,ceda_agmarknet
2023-06-24,chintamani,tomato,38,15.0,50.0,33.0,ceda_agmarknet
2023-06-25,chintamani,tomato,23,15.0,75.0,45.0,ceda_agmarknet
2023-06-26,chintamani,tomato,26,15.0,105.0,61.0,ceda_agmarknet
2023-06-27,chintamani,tomato,38,16.0,77.0,46.0,ceda_agmarknet
2023-06-28,chintamani,tomato,41,23.0,84.0,54.0,ceda_agmarknet
2023-06-30,chintamani,tomato,28,30.0,115.0,73.0,ceda_agmarknet
2023-07-01,chintamani,tomato,31,30.0,115.0,73.0,ceda_agmarknet
2023-07-02,chintamani,tomato,36,30.0,115.0,73.0,ceda_agmarknet
2023-07-03,chintamani,tomato,29,30.0,100.0,65.0,ceda_agmarknet
2023-07-04,chintamani,tomato,36,30.0,100.0,65.0,ceda_agmarknet
2023-07-05,chintamani,tomato,46,30.0,96.0,63.0,ceda_agmarknet
2023-07-07,chintamani,tomato,31,30.0,92.0,61.0,ceda_agmarknet
2023-07-08,chintamani,tomato,24,30.0,107.0,69.0,ceda_agmarknet
2023-07-09,chintamani,tomato,28,30.0,115.0,73.0,ceda_agmarknet
2023-07-10,chintamani,tomato,22,30.0,115.0,73.0,ceda_agmarknet
2023-07-11,chintamani,tomato,27,30.0,123.0,76.0,ceda_agmarknet
2023-07-12,chintamani,tomato,22,40.0,130.0,80.0,ceda_agmarknet
2023-07-14,chintamani,tomato,44,30.0,107.0,68.0,ceda_agmarknet
2023-07-15,chintamani,tomato,32,30.0,93.0,60.0,ceda_agmarknet
2023-07-16,chintamani,tomato,32,30.0,100.0,65.0,ceda_agmarknet
2023-07-17,chintamani,tomato,30,30.0,107.0,69.0,ceda_agmarknet
2023-07-18,chintamani,tomato,33,50.0,107.0,80.0,ceda_agmarknet
2023-07-21,chintamani,tomato,41,31.0,100.0,65.0,ceda_agmarknet
2023-07-22,chintamani,tomato,29,31.0,100.0,65.0,ceda_agmarknet
2023-07-23,chintamani,tomato,18,31.0,100.0,65.0,ceda_agmarknet
2023-07-24,chintamani,tomato,36,30.0,115.0,73.0,ceda_agmarknet
2023-07-31,chintamani,tomato,21,50.0,180.0,110.0,ceda_agmarknet
2023-08-01,chintamani,tomato,34,48.0,135.0,92.0,ceda_agmarknet
2023-08-02,chintamani,tomato,37,50.0,128.0,89.0,ceda_agmarknet
2023-08-04,chintamani,tomato,38,43.0,121.0,82.0,ceda_agmarknet
2023-08-05,chintamani,tomato,46,43.0,78.0,60.7,ceda_agmarknet
2023-08-06,chintamani,tomato,37,43.0,85.0,64.0,ceda_agmarknet
2023-08-07,chintamani,tomato,40,43.0,92.0,67.0,ceda_agmarknet
2023-08-08,chintamani,tomato,42,35.0,92.0,64.0,ceda_agmarknet
2023-08-09,chintamani,tomato,35,20.0,71.0,46.0,ceda_agmarknet
2023-08-11,chintamani,tomato,36,20.0,64.0,43.0,ceda_agmarknet
2023-08-12,chintamani,tomato,35,20.0,50.0,36.0,ceda_agmarknet
2023-08-13,chintamani,tomato,32,20.0,57.0,39.0,ceda_agmarknet
2023-08-18,chintamani,tomato,43,5.0,30.0,18.0,ceda_agmarknet
2023-08-19,chintamani,tomato,55,5.0,30.0,19.0,ceda_agmarknet
2023-08-20,chintamani,tomato,41,5.0,30.0,17.0,ceda_agmarknet
2023-08-21,chintamani,tomato,38,5.0,28.0,16.0,ceda_agmarknet
2023-08-25,chintamani,tomato,40,4.0,23.0,14.0,ceda_agmarknet
2023-08-26,chintamani,tomato,43,4.0,19.0,10.0,ceda_agmarknet
2023-08-27,chintamani,tomato,41,4.0,20.0,11.8,ceda_agmarknet
2023-09-01,chintamani,tomato,34,4.0,15.0,8.9,ceda_agmarknet
2023-09-02,chintamani,tomato,35,4.0,15.0,9.0,ceda_agmarknet
2023-09-03,chintamani,tomato,19,4.0,15.0,9.0,ceda_agmarknet
2023-09-19,chintamani,tomato,11,4.0,7.0,5.4,ceda_agmarknet
2023-09-25,chintamani,tomato,35,3.0,7.0,5.0,ceda_agmarknet
2023-09-26,chintamani,tomato,23,3.0,7.0,5.0,ceda_agmarknet
2023-09-27,chintamani,tomato,36,4.0,9.0,6.0,ceda_agmarknet
2023-10-02,chintamani,tomato,34,3.0,7.2,5.0,ceda_agmarknet
2023-10-06,chintamani,tomato,36,3.0,7.0,5.0,ceda_agmarknet
2023-10-07,chintamani,tomato,36,4.0,7.0,5.0,ceda_agmarknet
2023-10-08,chintamani,tomato,30,3.0,7.0,5.0,ceda_agmarknet
2023-10-09,chintamani,tomato,32,3.0,7.0,5.0,ceda_agmarknet
2023-11-06,chintamani,tomato,25,5.0,18.0,11.0,ceda_agmarknet
2023-11-07,chintamani,tomato,26,5.0,30.7,20.3,ceda_agmarknet
2023-11-08,chintamani,tomato,41,5.0,30.7,20.3,ceda_agmarknet
2023-11-10,chintamani,tomato,25,5.0,31.0,17.8,ceda_agmarknet
2023-11-11,chintamani,tomato,31,5.0,31.0,17.8,ceda_agmarknet
2023-11-12,chintamani,tomato,36,5.0,27.0,16.0,ceda_agmarknet
2023-11-13,chintamani,tomato,21,5.0,27.0,16.0,ceda_agmarknet
2023-11-17,chintamani,tomato,41,5.0,23.0,14.0,ceda_agmarknet
2023-11-20,chintamani,tomato,28,7.0,38.5,26.0,ceda_agmarknet
2023-11-21,chintamani,tomato,30,7.0,42.0,28.0,ceda_agmarknet
2023-11-24,chintamani,tomato,38,5.0,35.0,20.0,ceda_agmarknet
2023-11-25,chintamani,tomato,39,5.0,35.0,20.0,ceda_agmarknet
2023-11-26,chintamani,tomato,17,5.0,35.0,20.0,ceda_agmarknet
2023-11-27,chintamani,tomato,24,5.0,35.0,20.0,ceda_agmarknet
2023-12-01,chintamani,tomato,,5.0,31.0,18.0,ceda_agmarknet
2023-12-02,chintamani,tomato,,5.0,31.0,18.0,ceda_agmarknet
2023-12-03,chintamani,tomato,,5.0,31.0,18.0,ceda_agmarknet
2023-12-08,chintamani,tomato,,5.0,31.0,18.0,ceda_agmarknet
2023-12-09,chintamani,tomato,,3.0,33.0,19.0,ceda_agmarknet
2023-12-10,chintamani,tomato,,5.0,35.0,20.0,ceda_agmarknet
2023-12-15,chintamani,tomato,25,5.0,31.0,18.0,ceda_agmarknet
2023-12-16,chintamani,tomato,24,5.0,31.0,18.0,ceda_agmarknet
2023-12-17,chintamani,tomato,21,5.0,31.0,18.0,ceda_agmarknet
2023-12-29,chintamani,tomato,23,6.0,31.0,18.5,ceda_agmarknet
2023-12-30,chintamani,tomato,20,6.0,30.0,18.0,ceda_agmarknet
2024-01-05,chintamani,tomato,26,6.0,27.0,16.0,ceda_agmarknet
2024-01-06,chintamani,tomato,22,6.0,27.0,17.0,ceda_agmarknet
2024-01-07,chintamani,tomato,21,4.0,23.0,13.5,ceda_agmarknet
2024-01-08,chintamani,tomato,23,4.0,23.0,13.0,ceda_agmarknet
2024-01-09,chintamani,tomato,21,4.0,23.0,13.5,ceda_agmarknet
2024-01-15,chintamani,tomato,20,4.0,20.0,13.0,ceda_agmarknet
2024-01-26,chintamani,tomato,24,4.0,22.0,12.5,ceda_agmarknet
2024-01-27,chintamani,tomato,25,4.0,23.0,13.5,ceda_agmarknet
2024-02-02,chintamani,tomato,30,5.0,27.0,15.0,ceda_agmarknet
2024-02-03,chintamani,tomato,23,5.0,31.0,17.0,ceda_agmarknet
2024-02-04,chintamani,tomato,26,5.0,31.0,17.0,ceda_agmarknet
2024-02-05,chintamani,tomato,21,7.7,38.0,23.0,ceda_agmarknet
2024-02-06,chintamani,tomato,21,7.5,30.0,19.0,ceda_agmarknet
2024-02-07,chintamani,tomato,37,7.5,27.0,17.0,ceda_agmarknet
2024-02-09,chintamani,tomato,23,5.0,27.0,17.0,ceda_agmarknet
2024-02-10,chintamani,tomato,33,7.7,27.0,17.0,ceda_agmarknet
2024-02-11,chintamani,tomato,25,7.0,27.0,17.0,ceda_agmarknet
2024-02-12,chintamani,tomato,24,8.0,27.0,17.0,ceda_agmarknet
2024-02-13,chintamani,tomato,22,7.0,27.0,17.0,ceda_agmarknet
2024-02-16,chintamani,tomato,29,5.0,19.0,12.0,ceda_agmarknet
2024-02-17,chintamani,tomato,26,7.0,23.0,15.0,ceda_agmarknet
2024-02-18,chintamani,tomato,24,7.0,23.0,15.0,ceda_agmarknet
2024-02-19,chintamani,tomato,27,6.0,20.0,13.0,ceda_agmarknet
2024-02-20,chintamani,tomato,22,6.0,20.0,13.0,ceda_agmarknet
2024-02-21,chintamani,tomato,26,6.0,21.5,14.0,ceda_agmarknet
2024-02-23,chintamani,tomato,24,6.0,20.0,13.0,ceda_agmarknet
2024-02-24,chintamani,tomato,60,6.0,19.0,13.0,ceda_agmarknet
2024-02-25,chintamani,tomato,37,6.0,19.0,13.0,ceda_agmarknet
2024-02-26,chintamani,tomato,39,6.0,19.0,13.0,ceda_agmarknet
2024-02-27,chintamani,tomato,29,4.0,15.0,9.5,ceda_agmarknet
2024-02-28,chintamani,tomato,28,4.0,15.0,9.5,ceda_agmarknet
2024-03-01,chintamani,tomato,29,4.0,15.0,9.5,ceda_agmarknet
2024-03-02,chintamani,tomato,38,4.0,15.0,9.5,ceda_agmarknet
2024-03-03,chintamani,tomato,39,4.0,15.0,9.5,ceda_agmarknet
2024-03-04,chintamani,tomato,32,4.0,15.0,9.6,ceda_agmarknet
2024-03-05,chintamani,tomato,33,4.0,15.0,9.5,ceda_agmarknet
2024-03-08,chintamani,tomato,31,4.0,15.0,9.6,ceda_agmarknet
2024-03-09,chintamani,tomato,22,4.0,17.0,10.5,ceda_agmarknet
2024-03-10,chintamani,tomato,29,4.0,19.0,11.5,ceda_agmarknet
2024-03-11,chintamani,tomato,39,4.0,17.0,10.5,ceda_agmarknet
2024-03-12,chintamani,tomato,33,4.0,15.0,9.6,ceda_agmarknet
2024-03-15,chintamani,tomato,32,4.0,15.0,9.6,ceda_agmarknet
2024-03-16,chintamani,tomato,32,4.0,15.0,9.6,ceda_agmarknet
2024-03-17,chintamani,tomato,30,4.0,15.0,9.5,ceda_agmarknet
2024-03-18,chintamani,tomato,32,4.0,15.0,9.5,ceda_agmarknet
2024-03-22,chintamani,tomato,32,4.0,17.5,10.5,ceda_agmarknet
2024-04-02,chintamani,tomato,,6.0,23.0,14.5,ceda_agmarknet
2024-04-03,chintamani,tomato,,4.0,27.0,15.0,ceda_agmarknet
2024-04-08,chintamani,tomato,27,4.0,19.0,11.5,ceda_agmarknet
2024-04-09,chintamani,tomato,22,4.0,19.0,11.5,ceda_agmarknet
2024-04-20,chintamani,tomato,38,18.0,20.0,19.0,ceda_agmarknet
2024-04-22,chintamani,tomato,22,5.0,19.2,12.0,ceda_agmarknet
2024-04-23,chintamani,tomato,32,5.0,19.2,12.0,ceda_agmarknet
2024-05-03,chintamani,tomato,29,4.6,18.5,11.5,ceda_agmarknet
2024-05-04,chintamani,tomato,33,4.6,19.2,11.9,ceda_agmarknet
2024-05-05,chintamani,tomato,27,4.6,18.5,11.5,ceda_agmarknet
2024-05-10,chintamani,tomato,29,5.0,21.8,13.0,ceda_agmarknet
2024-05-11,chintamani,tomato,27,5.0,23.0,13.8,ceda_agmarknet
2024-05-12,chintamani,tomato,26,5.0,24.6,14.6,ceda_agmarknet
2024-05-14,chintamani,tomato,19,5.0,27.0,15.7,ceda_agmarknet
2024-05-15,chintamani,tomato,15,5.0,23.0,13.8,ceda_agmarknet
2024-05-17,chintamani,tomato,21,4.6,27.7,16.2,ceda_agmarknet
2024-05-18,chintamani,tomato,37,6.2,28.5,17.3,ceda_agmarknet
2024-05-19,chintamani,tomato,20,7.7,34.6,21.2,ceda_agmarknet
2024-05-20,chintamani,tomato,15,7.7,42.3,25.0,ceda_agmarknet
2024-05-21,chintamani,tomato,26,8.0,37.7,22.7,ceda_agmarknet
2024-05-22,chintamani,tomato,24,8.0,38.5,23.0,ceda_agmarknet
2024-05-25,chintamani,tomato,29,7.7,39.3,23.5,ceda_agmarknet
2024-05-26,chintamani,tomato,28,8.0,46.15,26.9,ceda_agmarknet
2024-05-27,chintamani,tomato,21,7.7,46.15,26.9,ceda_agmarknet
2024-05-31,chintamani,tomato,36,6.2,33.0,19.6,ceda_agmarknet
2024-06-01,chintamani,tomato,,6.2,31.9,19.0,ceda_agmarknet
2024-06-03,chintamani,tomato,,8.0,46.0,27.0,ceda_agmarknet
2024-06-04,chintamani,tomato,,8.0,46.0,27.0,ceda_agmarknet
2024-06-05,chintamani,tomato,,8.0,53.8,30.7,ceda_agmarknet
2024-06-14,chintamani,tomato,,8.0,65.3,36.5,ceda_agmarknet
2024-06-15,chintamani,tomato,,8.0,65.3,36.5,ceda_agmarknet
2024-07-03,chintamani,tomato,,7.7,53.8,30.7,ceda_agmarknet
2024-07-05,chintamani,tomato,,7.7,50.0,28.8,ceda_agmarknet
2024-07-06,chintamani,tomato,,7.7,50.0,28.8,ceda_agmarknet
2024-07-07,chintamani,tomato,,7.7,53.8,30.7,ceda_agmarknet
2024-07-12,chintamani,tomato,,7.7,53.8,30.7,ceda_agmarknet
2024-07-13,chintamani,tomato,,7.7,56.9,32.3,ceda_agmarknet
2024-07-14,chintamani,tomato,,7.7,61.5,34.6,ceda_agmarknet
2024-07-16,chintamani,tomato,,8.0,69.0,38.0,ceda_agmarknet
2024-07-17,chintamani,tomato,,8.0,69.0,38.0,ceda_agmarknet
2024-08-04,chintamani,tomato,,6.0,23.0,15.0,ceda_agmarknet
2024-08-27,chintamani,tomato,38,3.8,17.5,10.7,ceda_agmarknet
2024-09-09,chintamani,tomato,27,3.8,19.2,11.5,ceda_agmarknet
2024-09-10,chintamani,tomato,24,3.8,16.9,10.38,ceda_agmarknet
2024-09-20,chintamani,tomato,23,17.27,32.14,32.0,ceda_agmarknet
2024-09-21,chintamani,tomato,22,17.27,32.14,32.0,ceda_agmarknet
2024-09-22,chintamani,tomato,25,4.0,36.9,20.4,ceda_agmarknet
2024-09-23,chintamani,tomato,20,4.0,42.0,23.0,ceda_agmarknet
2024-09-25,chintamani,tomato,31,4.0,42.0,23.0,ceda_agmarknet
2024-09-27,chintamani,tomato,40,4.0,46.2,25.0,ceda_agmarknet
2024-09-28,chintamani,tomato,33,4.0,48.5,26.2,ceda_agmarknet
2024-09-29,chintamani,tomato,33,4.0,50.0,27.0,ceda_agmarknet
2024-09-30,chintamani,tomato,32,7.7,50.0,29.0,ceda_agmarknet
2024-10-08,chintamani,tomato,49,8.0,46.0,27.0,ceda_agmarknet
2024-10-09,chintamani,tomato,53,8.0,40.0,24.0,ceda_agmarknet
2024-10-11,chintamani,tomato,52,8.0,46.0,27.0,ceda_agmarknet
2024-10-18,chintamani,tomato,48,6.0,42.0,24.0,ceda_agmarknet
2024-10-19,chintamani,tomato,34,6.0,46.0,26.0,ceda_agmarknet
2024-10-20,chintamani,tomato,49,6.0,42.0,24.0,ceda_agmarknet
2024-10-21,chintamani,tomato,43,5.5,46.0,26.0,ceda_agmarknet
2024-10-22,chintamani,tomato,32,7.5,46.0,27.0,ceda_agmarknet
2024-10-23,chintamani,tomato,28,5.4,42.0,24.0,ceda_agmarknet
2024-10-25,chintamani,tomato,46,5.5,38.5,22.0,ceda_agmarknet
2024-10-26,chintamani,tomato,42,5.5,39.0,22.0,ceda_agmarknet
2024-10-27,chintamani,tomato,26,5.5,38.5,22.0,ceda_agmarknet
2024-10-28,chintamani,tomato,29,4.0,27.0,15.5,ceda_agmarknet
2024-10-29,chintamani,tomato,41,4.0,23.0,13.5,ceda_agmarknet
2024-10-30,chintamani,tomato,46,4.0,15.0,9.6,ceda_agmarknet
2024-11-01,chintamani,tomato,25,4.0,15.5,9.6,ceda_agmarknet
2024-11-02,chintamani,tomato,14,4.0,31.0,17.0,ceda_agmarknet
2024-11-03,chintamani,tomato,47,4.0,23.0,13.5,ceda_agmarknet
2024-11-04,chintamani,tomato,59,4.0,19.5,11.5,ceda_agmarknet
2024-11-05,chintamani,tomato,45,4.0,19.0,11.5,ceda_agmarknet
2024-11-08,chintamani,tomato,56,4.0,16.0,10.0,ceda_agmarknet
2024-11-09,chintamani,tomato,69,4.0,13.8,8.9,ceda_agmarknet
2024-11-10,chintamani,tomato,32,4.0,15.4,9.6,ceda_agmarknet
2024-11-11,chintamani,tomato,25,4.0,19.0,11.5,ceda_agmarknet
2024-11-12,chintamani,tomato,35,4.0,15.4,9.6,ceda_agmarknet
2024-11-13,chintamani,tomato,64,4.0,17.7,10.8,ceda_agmarknet
2024-11-15,chintamani,tomato,36,4.0,17.7,10.8,ceda_agmarknet
2024-11-16,chintamani,tomato,26,4.0,19.2,11.5,ceda_agmarknet
2024-11-17,chintamani,tomato,44,4.0,15.4,9.6,ceda_agmarknet
2024-11-18,chintamani,tomato,39,4.0,17.0,10.4,ceda_agmarknet
2024-11-19,chintamani,tomato,36,6.0,23.0,14.6,ceda_agmarknet
2024-11-20,chintamani,tomato,59,6.0,27.0,16.5,ceda_agmarknet
2024-11-25,chintamani,tomato,14,,,,ceda_agmarknet
2024-11-26,chintamani,tomato,19,8.0,46.0,27.0,ceda_agmarknet
2024-12-01,chintamani,tomato,19,6.0,38.5,22.0,ceda_agmarknet
2024-12-02,chintamani,tomato,15,6.0,46.0,26.0,ceda_agmarknet
2024-12-03,chintamani,tomato,11,6.0,46.0,26.0,ceda_agmarknet
2024-12-06,chintamani,tomato,25,6.0,38.5,22.0,ceda_agmarknet
2024-12-07,chintamani,tomato,35,6.0,38.5,20.5,ceda_agmarknet
2024-12-08,chintamani,tomato,30,6.0,34.5,20.5,ceda_agmarknet
2024-12-09,chintamani,tomato,26,6.0,38.5,22.5,ceda_agmarknet
2024-12-10,chintamani,tomato,39,4.0,15.5,9.6,ceda_agmarknet
2024-12-13,chintamani,tomato,23,4.0,23.0,13.5,ceda_agmarknet
2024-12-14,chintamani,tomato,36,,,,ceda_agmarknet
2024-12-15,chintamani,tomato,57,,,,ceda_agmarknet
2024-12-16,chintamani,tomato,38,,,,ceda_agmarknet
2024-12-17,chintamani,tomato,19,,,,ceda_agmarknet
2024-12-18,chintamani,tomato,33,,,,ceda_agmarknet
2024-12-20,chintamani,tomato,28,,,,ceda_agmarknet
2024-12-21,chintamani,tomato,30,,,,ceda_agmarknet
2024-12-22,chintamani,tomato,27,,,,ceda_agmarknet
2024-12-23,chintamani,tomato,23,,,,ceda_agmarknet
2024-12-24,chintamani,tomato,24,4.0,19.0,11.5,ceda_agmarknet
2024-12-27,chintamani,tomato,33,4.0,15.5,9.6,ceda_agmarknet
2024-12-28,chintamani,tomato,37,4.0,15.5,9.6,ceda_agmarknet
2024-12-29,chintamani,tomato,44,4.0,15.5,9.6,ceda_agmarknet
2024-12-30,chintamani,tomato,41,4.0,17.7,10.7,ceda_agmarknet
2025-01-03,chintamani,tomato,35,4.0,15.4,9.6,ceda_agmarknet
2025-01-07,chintamani,tomato,31,4.0,16.0,10.0,ceda_agmarknet
2025-01-08,chintamani,tomato,45,4.0,15.4,9.6,ceda_agmarknet
2025-01-14,chintamani,tomato,28,4.0,16.0,9.9,ceda_agmarknet
2025-01-17,chintamani,tomato,49,4.0,15.4,9.6,ceda_agmarknet
2025-01-18,chintamani,tomato,60,4.0,13.8,8.85,ceda_agmarknet
2025-01-19,chintamani,tomato,44,4.0,13.0,8.5,ceda_agmarknet
2025-01-20,chintamani,tomato,20,4.0,15.4,9.6,ceda_agmarknet
2025-01-21,chintamani,tomato,24,4.0,17.7,10.8,ceda_agmarknet
2025-01-24,chintamani,tomato,33,5.4,18.5,11.9,ceda_agmarknet
2025-01-25,chintamani,tomato,28,5.4,23.1,14.2,ceda_agmarknet
2025-01-26,chintamani,tomato,30,5.4,23.1,14.2,ceda_agmarknet
2025-01-31,chintamani,tomato,39,4.0,19.2,11.5,ceda_agmarknet
2025-02-01,chintamani,tomato,22,4.0,20.0,11.9,ceda_agmarknet
2025-02-02,chintamani,tomato,29,4.0,19.2,11.5,ceda_agmarknet
2025-02-03,chintamani,tomato,31,4.0,19.2,11.5,ceda_agmarknet
2025-02-04,chintamani,tomato,31,4.0,19.23,11.61,ceda_agmarknet
2025-02-10,chintamani,tomato,25,4.0,23.0,13.5,ceda_agmarknet
2025-02-14,chintamani,tomato,21,4.0,20.4,12.2,ceda_agmarknet
2025-02-15,chintamani,tomato,22,4.0,23.1,13.5,ceda_agmarknet
2025-02-16,chintamani,tomato,16,4.0,19.2,11.6,ceda_agmarknet
2025-02-17,chintamani,tomato,21,4.0,19.2,11.6,ceda_agmarknet
2025-02-18,chintamani,tomato,44,4.6,19.2,12.0,ceda_agmarknet
2025-02-21,chintamani,tomato,27,4.0,15.4,9.6,ceda_agmarknet
2025-02-22,chintamani,tomato,37,4.0,15.4,9.6,ceda_agmarknet
2025-02-23,chintamani,tomato,32,4.0,13.8,8.8,ceda_agmarknet
2025-02-24,chintamani,tomato,27,4.0,14.6,9.2,ceda_agmarknet
2025-02-25,chintamani,tomato,55,3.8,15.4,9.6,ceda_agmarknet
2025-03-14,chintamani,tomato,22,4.0,12.3,8.1,ceda_agmarknet
2025-03-15,chintamani,tomato,29,4.0,13.1,8.5,ceda_agmarknet
2025-03-16,chintamani,tomato,39,4.0,12.3,8.1,ceda_agmarknet
2025-03-17,chintamani,tomato,48,4.0,11.5,7.7,ceda_agmarknet
2025-03-21,chintamani,tomato,42,4.0,11.5,7.7,ceda_agmarknet
2025-03-22,chintamani,tomato,38,4.0,11.5,7.7,ceda_agmarknet
2025-03-23,chintamani,tomato,38,4.0,11.5,7.7,ceda_agmarknet
2025-03-24,chintamani,tomato,41,4.0,10.8,7.3,ceda_agmarknet
2025-03-28,chintamani,tomato,99,4.6,10.0,7.31,ceda_agmarknet
2025-03-29,chintamani,tomato,71,4.6,10.0,7.3,ceda_agmarknet
2025-03-30,chintamani,tomato,29,4.6,15.4,10.0,ceda_agmarknet
2025-03-31,chintamani,tomato,5,4.6,11.5,8.1,ceda_agmarknet
2025-04-04,chintamani,tomato,63,4.6,11.5,8.1,ceda_agmarknet
2025-04-05,chintamani,tomato,50,4.6,11.5,8.1,ceda_agmarknet
2025-04-08,chintamani,tomato,33,4.6,15.4,10.0,ceda_agmarknet
2025-04-09,chintamani,tomato,71,4.6,13.9,9.2,ceda_agmarknet
2025-04-18,chintamani,tomato,26,4.6,13.8,9.2,ceda_agmarknet
2025-04-19,chintamani,tomato,22,4.6,14.6,9.6,ceda_agmarknet
2025-04-20,chintamani,tomato,25,4.6,15.4,10.0,ceda_agmarknet
2025-04-21,chintamani,tomato,25,4.6,15.4,10.0,ceda_agmarknet
2025-04-25,chintamani,tomato,28,4.6,15.0,9.8,ceda_agmarknet
2025-04-26,chintamani,tomato,23,4.6,14.24,9.4,ceda_agmarknet
2025-04-27,chintamani,tomato,28,4.6,15.4,10.0,ceda_agmarknet
2025-04-28,chintamani,tomato,20,4.6,15.4,10.0,ceda_agmarknet
2025-05-02,chintamani,tomato,22,4.0,13.0,8.5,ceda_agmarknet
2025-05-03,chintamani,tomato,24,4.0,13.5,8.6,ceda_agmarknet
2025-05-04,chintamani,tomato,26,4.0,13.85,8.85,ceda_agmarknet
2025-05-05,chintamani,tomato,21,4.0,13.1,8.5,ceda_agmarknet
2025-06-06,chintamani,tomato,24,4.6,18.4,11.5,ceda_agmarknet
2025-06-07,chintamani,tomato,26,4.6,19.6,12.1,ceda_agmarknet
2025-06-08,chintamani,tomato,26,4.6,20.0,12.3,ceda_agmarknet
2025-06-09,chintamani,tomato,28,4.6,21.5,13.0,ceda_agmarknet
2025-06-20,chintamani,tomato,55,4.6,15.4,10.0,ceda_agmarknet
2025-06-21,chintamani,tomato,58,4.6,19.2,11.9,ceda_agmarknet
2025-06-22,chintamani,tomato,54,4.6,19.24,11.9,ceda_agmarknet
2025-06-30,chintamani,tomato,79,6.2,20.7,13.5,ceda_agmarknet
2022-01-01,bengaluru,tomato,76,29.5,50.75,41.25,ceda_agmarknet
2022-01-02,bengaluru,tomato,9,30.0,50.0,40.0,ceda_agmarknet
2022-01-03,bengaluru,tomato,86,26.25,42.5,34.25,ceda_agmarknet
2022-01-04,bengaluru,tomato,128,21.5,35.25,28.875,ceda_agmarknet
2022-01-05,bengaluru,tomato,71,20.625,31.25,26.125,ceda_agmarknet
2022-01-06,bengaluru,tomato,115,15.125,26.0,20.75,ceda_agmarknet
2022-01-07,bengaluru,tomato,102,18.75,30.0,24.375,ceda_agmarknet
2022-01-08,bengaluru,tomato,9,20.0,30.0,25.0,ceda_agmarknet
2022-01-09,bengaluru,tomato,8,20.0,30.0,25.0,ceda_agmarknet
2022-01-10,bengaluru,tomato,138,19.5,31.25,25.0,ceda_agmarknet
2022-01-11,bengaluru,tomato,138,21.25,34.0,28.0,ceda_agmarknet
2022-01-12,bengaluru,tomato,104,20.0,36.25,28.25,ceda_agmarknet
2022-01-13,bengaluru,tomato,120,18.75,30.0,24.25,ceda_agmarknet
2022-01-14,bengaluru,tomato,86,17.5,31.25,24.5,ceda_agmarknet
2022-01-17,bengaluru,tomato,112,11.25,21.0,15.5,ceda_agmarknet
2022-01-18,bengaluru,tomato,135,11.25,20.0,15.5,ceda_agmarknet
2022-01-19,bengaluru,tomato,157,10.0,16.0,13.0,ceda_agmarknet
2022-01-20,bengaluru,tomato,38,9.5,14.75,11.875,ceda_agmarknet
2022-01-21,bengaluru,tomato,38,8.5,15.25,10.875,ceda_agmarknet
2022-01-22,bengaluru,tomato,12,10.0,17.5,13.5,ceda_agmarknet
2022-01-23,bengaluru,tomato,9,10.0,17.0,15.0,ceda_agmarknet
2022-01-24,bengaluru,tomato,124,11.0,16.875,13.625,ceda_agmarknet
2022-01-25,bengaluru,tomato,140,11.25,16.625,14.125,ceda_agmarknet
2022-01-26,bengaluru,tomato,2,9.0,17.5,13.0,ceda_agmarknet
2022-01-27,bengaluru,tomato,11,10.0,18.0,14.0,ceda_agmarknet
2022-01-28,bengaluru,tomato,99,11.25,16.625,13.5,ceda_agmarknet
2022-01-29,bengaluru,tomato,187,11.0,16.5,13.625,ceda_agmarknet
2022-01-31,bengaluru,tomato,127,8.5,13.875,11.25,ceda_agmarknet
2022-02-01,bengaluru,tomato,55,7.5,12.0,9.875,ceda_agmarknet
2022-02-02,bengaluru,tomato,103,7.25,12.0,9.75,ceda_agmarknet
2022-02-03,bengaluru,tomato,100,6.5,12.0,9.5,ceda_agmarknet
2022-02-04,bengaluru,tomato,80,6.5,12.0,9.5,ceda_agmarknet
2022-02-05,bengaluru,tomato,74,6.5,12.0,9.625,ceda_agmarknet
2022-02-06,bengaluru,tomato,9,8.0,12.5,10.0,ceda_agmarknet
2022-02-07,bengaluru,tomato,114,8.75,14.75,11.75,ceda_agmarknet
2022-02-08,bengaluru,tomato,92,8.0,13.125,11.0,ceda_agmarknet
2022-02-09,bengaluru,tomato,113,7.125,11.625,9.5,ceda_agmarknet
2022-02-10,bengaluru,tomato,155,7.0,11.875,9.625,ceda_agmarknet
2022-02-11,bengaluru,tomato,111,6.375,10.25,8.25,ceda_agmarknet
2022-02-12,bengaluru,tomato,14,4.5,8.0,6.0,ceda_agmarknet
2022-02-13,bengaluru,tomato,10,5.0,7.5,6.0,ceda_agmarknet
2022-02-14,bengaluru,tomato,100,7.5,11.0,8.875,ceda_agmarknet
2022-02-15,bengaluru,tomato,34,6.0,9.5,7.5,ceda_agmarknet
2022-02-16,bengaluru,tomato,94,6.5,9.25,8.0,ceda_agmarknet
2022-02-17,bengaluru,tomato,95,5.0,8.5,6.875,ceda_agmarknet
2022-02-18,bengaluru,tomato,97,4.5,6.75,5.75,ceda_agmarknet
2022-02-19,bengaluru,tomato,89,4.5,7.625,6.0,ceda_agmarknet
2022-02-20,bengaluru,tomato,12,4.0,6.5,5.0,ceda_agmarknet
2022-02-21,bengaluru,tomato,93,6.5,8.875,7.75,ceda_agmarknet
2022-02-22,bengaluru,tomato,89,6.375,9.25,7.75,ceda_agmarknet
2022-02-23,bengaluru,tomato,95,11.75,19.5,16.25,ceda_agmarknet
2022-02-24,bengaluru,tomato,41,6.125,8.5,7.5,ceda_agmarknet
2022-02-25,bengaluru,tomato,96,6.125,8.375,7.25,ceda_agmarknet
2022-02-26,bengaluru,tomato,16,3.5,6.25,5.0,ceda_agmarknet
2022-02-28,bengaluru,tomato,92,4.875,6.875,5.75,ceda_agmarknet
2022-03-01,bengaluru,tomato,17,3.25,5.5,4.5,ceda_agmarknet
2022-03-02,bengaluru,tomato,64,4.75,6.75,5.625,ceda_agmarknet
2022-03-03,bengaluru,tomato,80,5.0,7.25,5.875,ceda_agmarknet
2022-03-04,bengaluru,tomato,39,4.875,7.125,6.0,ceda_agmarknet
2022-03-05,bengaluru,tomato,36,4.875,7.125,6.0,ceda_agmarknet
2022-03-06,bengaluru,tomato,12,4.0,6.0,5.0,ceda_agmarknet
2022-03-07,bengaluru,tomato,41,5.125,7.375,6.25,ceda_agmarknet
2022-03-08,bengaluru,tomato,85,4.375,6.625,5.5,ceda_agmarknet
2022-03-09,bengaluru,tomato,43,4.5,6.75,5.625,ceda_agmarknet
2022-03-10,bengaluru,tomato,48,4.625,6.875,5.75,ceda_agmarknet
2022-03-11,bengaluru,tomato,41,4.875,7.125,6.0,ceda_agmarknet
2022-03-12,bengaluru,tomato,17,3.25,5.75,4.5,ceda_agmarknet
2022-03-13,bengaluru,tomato,15,3.0,5.0,4.0,ceda_agmarknet
2022-03-14,bengaluru,tomato,40,4.75,7.0,6.0,ceda_agmarknet
2022-03-15,bengaluru,tomato,96,4.75,7.0,5.875,ceda_agmarknet
2022-03-16,bengaluru,tomato,99,4.75,7.0,5.875,ceda_agmarknet
2022-03-17,bengaluru,tomato,108,5.0,7.25,6.125,ceda_agmarknet
2022-03-18,bengaluru,tomato,105,4.875,7.25,6.25,ceda_agmarknet
2022-03-19,bengaluru,tomato,44,4.125,6.375,5.25,ceda_agmarknet
2022-03-20,bengaluru,tomato,14,3.0,5.0,4.0,ceda_agmarknet
2022-03-21,bengaluru,tomato,90,4.5,6.75,5.625,ceda_agmarknet
2022-03-22,bengaluru,tomato,86,4.625,6.875,5.75,ceda_agmarknet
2022-03-23,bengaluru,tomato,112,4.25,6.5,5.375,ceda_agmarknet
2022-03-24,bengaluru,tomato,86,4.5,6.875,5.75,ceda_agmarknet
2022-03-25,bengaluru,tomato,40,4.375,6.625,5.5,ceda_agmarknet
2022-03-26,bengaluru,tomato,18,3.25,6.0,4.5,ceda_agmarknet
2022-03-28,bengaluru,tomato,42,4.75,7.0,5.875,ceda_agmarknet
2022-03-29,bengaluru,tomato,82,4.75,7.25,5.875,ceda_agmarknet
2022-03-30,bengaluru,tomato,79,5.375,8.125,6.5,ceda_agmarknet
2022-03-31,bengaluru,tomato,43,6.125,9.625,8.0,ceda_agmarknet
2022-04-01,bengaluru,tomato,41,7.875,13.625,11.375,ceda_agmarknet
2022-04-02,bengaluru,tomato,14,7.75,13.0,10.75,ceda_agmarknet
2022-04-03,bengaluru,tomato,4,5.0,7.0,6.0,ceda_agmarknet
2022-04-04,bengaluru,tomato,23,6.666666666666666,11.0,9.333333333333334,ceda_agmarknet
2022-04-05,bengaluru,tomato,39,9.375,14.75,12.125,ceda_agmarknet
2022-04-06,bengaluru,tomato,35,7.5,12.25,9.875,ceda_agmarknet
2022-04-07,bengaluru,tomato,109,5.625,10.25,8.5,ceda_agmarknet
2022-04-08,bengaluru,tomato,75,6.75,11.0,9.125,ceda_agmarknet
2022-04-09,bengaluru,tomato,11,7.5,13.0,10.25,ceda_agmarknet
2022-04-10,bengaluru,tomato,11,10.0,16.0,14.0,ceda_agmarknet
2022-04-11,bengaluru,tomato,66,9.25,15.75,12.875,ceda_agmarknet
2022-04-12,bengaluru,tomato,20,8.75,16.0,12.5,ceda_agmarknet
2022-04-13,bengaluru,tomato,91,9.375,15.75,12.875,ceda_agmarknet
2022-04-14,bengaluru,tomato,12,11.5,18.75,15.0,ceda_agmarknet
2022-04-15,bengaluru,tomato,13,12.5,20.0,16.5,ceda_agmarknet
2022-04-16,bengaluru,tomato,93,11.5,17.5,14.75,ceda_agmarknet
2022-04-17,bengaluru,tomato,8,15.0,25.0,20.0,ceda_agmarknet
2022-04-18,bengaluru,tomato,86,15.0,22.5,18.75,ceda_agmarknet
2022-04-19,bengaluru,tomato,32,16.25,25.75,20.875,ceda_agmarknet
2022-04-20,bengaluru,tomato,84,18.125,31.875,27.0,ceda_agmarknet
2022-04-21,bengaluru,tomato,61,22.75,33.75,28.25,ceda_agmarknet
2022-04-22,bengaluru,tomato,71,21.75,33.0,27.25,ceda_agmarknet
2022-04-23,bengaluru,tomato,9,21.25,36.25,28.75,ceda_agmarknet
2022-04-25,bengaluru,tomato,78,25.25,35.5,30.5,ceda_agmarknet
2022-04-26,bengaluru,tomato,60,22.25,34.75,29.25,ceda_agmarknet
2022-04-27,bengaluru,tomato,80,23.875,33.875,30.0,ceda_agmarknet
2022-04-28,bengaluru,tomato,10,26.666666666666664,41.66666666666667,35.0,ceda_agmarknet
2022-04-29,bengaluru,tomato,72,26.875,41.375,36.125,ceda_agmarknet
2022-04-30,bengaluru,tomato,62,26.5,40.0,34.5,ceda_agmarknet
2022-05-01,bengaluru,tomato,6,40.0,55.0,50.0,ceda_agmarknet
2022-05-02,bengaluru,tomato,8,32.5,52.5,42.5,ceda_agmarknet
2022-05-03,bengaluru,tomato,8,32.5,50.0,42.5,ceda_agmarknet
2022-05-04,bengaluru,tomato,24,31.875,49.5,40.25,ceda_agmarknet
2022-05-05,bengaluru,tomato,50,32.75,50.0,40.75,ceda_agmarknet
2022-05-06,bengaluru,tomato,69,35.5,52.5,43.25,ceda_agmarknet
2022-05-07,bengaluru,tomato,69,41.875,56.875,52.0,ceda_agmarknet
2022-05-08,bengaluru,tomato,6,50.0,70.0,60.0,ceda_agmarknet
2022-05-09,bengaluru,tomato,44,41.25,59.375,51.25,ceda_agmarknet
2022-05-10,bengaluru,tomato,46,43.375,62.75,54.0,ceda_agmarknet
2022-05-11,bengaluru,tomato,66,45.5,65.5,55.5,ceda_agmarknet
2022-05-12,bengaluru,tomato,37,46.75,69.25,58.625,ceda_agmarknet
2022-05-13,bengaluru,tomato,60,46.75,69.25,58.0,ceda_agmarknet
2022-05-14,bengaluru,tomato,6,45.0,77.5,62.5,ceda_agmarknet
2022-05-15,bengaluru,tomato,6,50.0,70.0,60.0,ceda_agmarknet
2022-05-16,bengaluru,tomato,76,53.75,72.5,63.25,ceda_agmarknet
2022-05-17,bengaluru,tomato,7,60.0,86.66666666666666,73.33333333333333,ceda_agmarknet
2022-05-18,bengaluru,tomato,47,62.5,85.0,76.25,ceda_agmarknet
2022-05-19,bengaluru,tomato,5,58.33333333333333,85.0,73.33333333333333,ceda_agmarknet
2022-05-20,bengaluru,tomato,63,76.25,96.25,86.25,ceda_agmarknet
2022-05-21,bengaluru,tomato,3,88.33333333333334,118.33333333333334,105.0,ceda_agmarknet
2022-05-22,bengaluru,tomato,4,80.0,120.0,100.0,ceda_agmarknet
2022-05-23,bengaluru,tomato,60,80.0,107.5,93.75,ceda_agmarknet
2022-05-24,bengaluru,tomato,48,56.5,83.75,67.75,ceda_agmarknet
2022-05-25,bengaluru,tomato,84,46.25,66.25,56.25,ceda_agmarknet
2022-05-26,bengaluru,tomato,50,48.75,67.5,58.75,ceda_agmarknet
2022-05-27,bengaluru,tomato,52,43.75,63.75,57.5,ceda_agmarknet
2022-05-28,bengaluru,tomato,7,37.5,57.5,47.5,ceda_agmarknet
2022-05-30,bengaluru,tomato,6,48.33333333333333,75.0,60.0,ceda_agmarknet
2022-05-31,bengaluru,tomato,6,40.0,60.0,50.0,ceda_agmarknet
2022-06-01,bengaluru,tomato,7,35.0,50.0,40.0,ceda_agmarknet
2022-06-02,bengaluru,tomato,49,35.625,53.75,45.625,ceda_agmarknet
2022-06-03,bengaluru,tomato,54,37.5,56.25,47.5,ceda_agmarknet
2022-06-04,bengaluru,tomato,59,35.0,52.5,43.75,ceda_agmarknet
2022-06-05,bengaluru,tomato,6,40.0,50.0,45.0,ceda_agmarknet
2022-06-06,bengaluru,tomato,9,26.666666666666664,51.66666666666667,38.333333333333336,ceda_agmarknet
2022-06-07,bengaluru,tomato,62,35.625,55.625,45.625,ceda_agmarknet
2022-06-08,bengaluru,tomato,55,41.25,60.0,53.75,ceda_agmarknet
2022-06-09,bengaluru,tomato,61,40.625,57.5,50.625,ceda_agmarknet
2022-06-10,bengaluru,tomato,57,43.125,61.875,52.5,ceda_agmarknet
2022-06-11,bengaluru,tomato,8,26.25,47.5,37.5,ceda_agmarknet
2022-06-12,bengaluru,tomato,6,40.0,50.0,45.0,ceda_agmarknet
2022-06-13,bengaluru,tomato,65,32.5,50.0,42.625,ceda_agmarknet
2022-06-14,bengaluru,tomato,52,32.5,50.0,41.375,ceda_agmarknet
2022-06-15,bengaluru,tomato,53,35.25,50.25,41.625,ceda_agmarknet
2022-06-16,bengaluru,tomato,59,37.375,52.125,46.0,ceda_agmarknet
2022-06-17,bengaluru,tomato,53,31.666666666666664,53.66666666666667,44.66666666666667,ceda_agmarknet
2022-06-18,bengaluru,tomato,48,34.0,56.125,45.0,ceda_agmarknet
2022-06-19,bengaluru,tomato,6,40.0,55.0,50.0,ceda_agmarknet
2022-06-20,bengaluru,tomato,48,28.75,46.5,39.75,ceda_agmarknet
2022-06-21,bengaluru,tomato,51,30.0,47.75,41.0,ceda_agmarknet
2022-06-22,bengaluru,tomato,55,24.0,39.875,33.75,ceda_agmarknet
2022-06-23,bengaluru,tomato,56,21.875,35.875,29.75,ceda_agmarknet
2022-06-24,bengaluru,tomato,62,20.0,30.875,26.875,ceda_agmarknet
2022-06-25,bengaluru,tomato,10,17.5,31.25,23.75,ceda_agmarknet
2022-06-27,bengaluru,tomato,66,17.875,25.75,22.25,ceda_agmarknet
2022-06-28,bengaluru,tomato,11,16.333333333333332,23.5,19.5,ceda_agmarknet
2022-06-29,bengaluru,tomato,11,10.833333333333332,25.0,20.0,ceda_agmarknet
2022-06-30,bengaluru,tomato,10,10.0,20.0,15.0,ceda_agmarknet
2022-07-01,bengaluru,tomato,9,9.0,16.0,12.0,ceda_agmarknet
2022-07-03,bengaluru,tomato,7,8.0,13.0,10.0,ceda_agmarknet
2022-07-04,bengaluru,tomato,66,9.0,12.5,10.5,ceda_agmarknet
2022-07-05,bengaluru,tomato,82,8.25,12.125,10.25,ceda_agmarknet
2022-07-06,bengaluru,tomato,73,8.0,13.75,10.25,ceda_agmarknet
2022-07-07,bengaluru,tomato,58,8.0,14.25,10.5,ceda_agmarknet
2022-07-08,bengaluru,tomato,65,8.5,13.5,11.25,ceda_agmarknet
2022-07-09,bengaluru,tomato,10,6.25,12.5,9.5,ceda_agmarknet
2022-07-10,bengaluru,tomato,7,8.0,12.0,10.0,ceda_agmarknet
2022-07-11,bengaluru,tomato,85,7.625,12.25,10.0,ceda_agmarknet
2022-07-12,bengaluru,tomato,66,9.25,14.0,11.75,ceda_agmarknet
2022-07-13,bengaluru,tomato,74,8.0,12.375,10.0,ceda_agmarknet
2022-07-14,bengaluru,tomato,57,7.375,11.75,9.625,ceda_agmarknet
2022-07-15,bengaluru,tomato,67,6.875,11.5,9.25,ceda_agmarknet
2022-07-16,bengaluru,tomato,59,6.75,10.625,8.75,ceda_agmarknet
2022-07-17,bengaluru,tomato,9,5.0,8.0,6.0,ceda_agmarknet
2022-07-18,bengaluru,tomato,62,7.125,10.625,9.0,ceda_agmarknet
2022-07-19,bengaluru,tomato,65,7.25,11.0,9.0,ceda_agmarknet
2022-07-20,bengaluru,tomato,60,6.875,9.875,8.625,ceda_agmarknet
2022-07-21,bengaluru,tomato,72,7.0,10.5,8.75,ceda_agmarknet
2022-07-22,bengaluru,tomato,44,6.5,10.0,8.125,ceda_agmarknet
2022-07-23,bengaluru,tomato,12,3.75,7.75,5.75,ceda_agmarknet
2022-07-24,bengaluru,tomato,9,4.0,8.0,6.0,ceda_agmarknet
2022-07-25,bengaluru,tomato,81,6.375,9.125,7.5,ceda_agmarknet
2022-07-26,bengaluru,tomato,77,5.0,8.375,7.25,ceda_agmarknet
2022-07-27,bengaluru,tomato,75,4.875,8.625,7.125,ceda_agmarknet
2022-07-28,bengaluru,tomato,47,5.25,8.375,6.875,ceda_agmarknet
2022-07-29,bengaluru,tomato,54,5.875,8.375,7.0,ceda_agmarknet
2022-07-30,bengaluru,tomato,76,6.25,9.125,7.625,ceda_agmarknet
2022-08-01,bengaluru,tomato,74,6.375,9.125,7.625,ceda_agmarknet
2022-08-02,bengaluru,tomato,76,6.0,9.125,7.625,ceda_agmarknet
2022-08-03,bengaluru,tomato,58,7.0,10.625,9.0,ceda_agmarknet
2022-08-04,bengaluru,tomato,109,6.625,10.5,8.75,ceda_agmarknet
2022-08-05,bengaluru,tomato,44,7.375,12.125,9.875,ceda_agmarknet
2022-08-06,bengaluru,tomato,45,7.375,13.125,10.625,ceda_agmarknet
2022-08-07,bengaluru,tomato,12,6.0,10.0,8.0,ceda_agmarknet
2022-08-08,bengaluru,tomato,71,6.0,8.75,7.25,ceda_agmarknet
2022-08-09,bengaluru,tomato,15,3.75,7.75,5.75,ceda_agmarknet
2022-08-10,bengaluru,tomato,74,5.5,8.375,7.0,ceda_agmarknet
2022-08-11,bengaluru,tomato,75,5.875,8.875,7.375,ceda_agmarknet
2022-08-12,bengaluru,tomato,55,6.25,9.0,7.5,ceda_agmarknet
2022-08-13,bengaluru,tomato,14,4.75,9.5,7.5,ceda_agmarknet
2022-08-14,bengaluru,tomato,10,6.0,10.0,8.0,ceda_agmarknet
2022-08-15,bengaluru,tomato,14,5.75,10.75,8.5,ceda_agmarknet
2022-08-16,bengaluru,tomato,65,7.25,11.5,9.125,ceda_agmarknet
2022-08-17,bengaluru,tomato,70,6.875,10.875,8.875,ceda_agmarknet
2022-08-18,bengaluru,tomato,73,6.875,11.25,9.375,ceda_agmarknet
2022-08-19,bengaluru,tomato,73,7.875,11.75,9.875,ceda_agmarknet
2022-08-20,bengaluru,tomato,65,9.125,13.375,11.25,ceda_agmarknet
2022-08-21,bengaluru,tomato,11,7.0,13.0,10.0,ceda_agmarknet
2022-08-22,bengaluru,tomato,76,6.375,10.75,9.0,ceda_agmarknet
2022-08-23,bengaluru,tomato,73,7.5,11.375,9.375,ceda_agmarknet
2022-08-24,bengaluru,tomato,62,7.625,11.125,9.5,ceda_agmarknet
2022-08-25,bengaluru,tomato,61,7.25,10.875,9.25,ceda_agmarknet
2022-08-26,bengaluru,tomato,71,7.0,11.0,9.25,ceda_agmarknet
2022-08-27,bengaluru,tomato,13,8.5,13.75,11.5,ceda_agmarknet
2022-08-29,bengaluru,tomato,70,14.375,20.5,18.0,ceda_agmarknet
2022-08-30,bengaluru,tomato,36,16.125,21.75,19.25,ceda_agmarknet
2022-08-31,bengaluru,tomato,10,17.5,26.25,22.25,ceda_agmarknet
2022-09-01,bengaluru,tomato,47,16.75,24.125,20.875,ceda_agmarknet
2022-09-02,bengaluru,tomato,40,16.75,24.75,21.5,ceda_agmarknet
2022-09-03,bengaluru,tomato,83,17.375,26.875,22.875,ceda_agmarknet
2022-09-04,bengaluru,tomato,10,20.0,30.0,26.0,ceda_agmarknet
2022-09-05,bengaluru,tomato,52,18.25,26.5,23.0,ceda_agmarknet
2022-09-06,bengaluru,tomato,56,17.5,27.25,22.875,ceda_agmarknet
2022-09-07,bengaluru,tomato,62,17.625,27.75,23.5,ceda_agmarknet
2022-09-08,bengaluru,tomato,56,18.5,35.5,27.5,ceda_agmarknet
2022-09-09,bengaluru,tomato,74,18.75,35.75,27.75,ceda_agmarknet
2022-09-10,bengaluru,tomato,13,17.5,30.0,23.75,ceda_agmarknet
2022-09-11,bengaluru,tomato,9,20.0,30.0,26.0,ceda_agmarknet
2022-09-12,bengaluru,tomato,66,16.875,25.625,22.25,ceda_agmarknet
2022-09-13,bengaluru,tomato,63,16.5,24.0,20.5,ceda_agmarknet
2022-09-14,bengaluru,tomato,69,16.125,26.875,22.625,ceda_agmarknet
2022-09-15,bengaluru,tomato,58,17.625,30.0,25.75,ceda_agmarknet
2022-09-16,bengaluru,tomato,51,18.875,33.125,26.75,ceda_agmarknet
2022-09-17,bengaluru,tomato,65,19.125,30.25,24.5,ceda_agmarknet
2022-09-18,bengaluru,tomato,8,20.0,32.5,30.0,ceda_agmarknet
2022-09-19,bengaluru,tomato,86,25.0,35.5,31.0,ceda_agmarknet
2022-09-20,bengaluru,tomato,76,20.25,33.25,28.75,ceda_agmarknet
2022-09-21,bengaluru,tomato,32,18.625,28.75,24.625,ceda_agmarknet
2022-09-22,bengaluru,tomato,59,19.5,29.875,25.5,ceda_agmarknet
2022-09-23,bengaluru,tomato,64,18.625,28.375,24.0,ceda_agmarknet
2022-09-24,bengaluru,tomato,11,16.25,26.75,22.5,ceda_agmarknet
2022-09-26,bengaluru,tomato,47,18.875,26.75,24.25,ceda_agmarknet
2022-09-27,bengaluru,tomato,65,19.75,28.625,25.25,ceda_agmarknet
2022-09-28,bengaluru,tomato,56,19.5,30.0,25.5,ceda_agmarknet
2022-09-29,bengaluru,tomato,66,19.5,31.25,27.5,ceda_agmarknet
2022-09-30,bengaluru,tomato,65,20.375,34.375,28.125,ceda_agmarknet
2022-10-01,bengaluru,tomato,72,23.125,34.375,28.875,ceda_agmarknet
2022-10-02,bengaluru,tomato,1,30.0,40.0,35.0,ceda_agmarknet
2022-10-03,bengaluru,tomato,58,22.75,35.25,30.375,ceda_agmarknet
2022-10-04,bengaluru,tomato,9,21.25,35.0,28.75,ceda_agmarknet
2022-10-05,bengaluru,tomato,4,30.0,40.0,35.0,ceda_agmarknet
2022-10-06,bengaluru,tomato,31,26.75,40.25,34.375,ceda_agmarknet
2022-10-07,bengaluru,tomato,55,25.75,37.5,32.375,ceda_agmarknet
2022-10-08,bengaluru,tomato,10,22.5,37.5,30.5,ceda_agmarknet
2022-10-09,bengaluru,tomato,8,30.0,42.5,36.0,ceda_agmarknet
2022-10-10,bengaluru,tomato,61,23.25,39.25,31.75,ceda_agmarknet
2022-10-11,bengaluru,tomato,61,25.875,36.875,32.0,ceda_agmarknet
2022-10-12,bengaluru,tomato,64,26.75,41.75,36.875,ceda_agmarknet
2022-10-13,bengaluru,tomato,60,25.75,38.125,33.0,ceda_agmarknet
2022-10-14,bengaluru,tomato,50,26.375,38.75,33.25,ceda_agmarknet
2022-10-15,bengaluru,tomato,72,27.0,38.875,33.75,ceda_agmarknet
2022-10-16,bengaluru,tomato,7,30.0,45.0,40.0,ceda_agmarknet
2022-10-17,bengaluru,tomato,62,24.5,35.25,30.0,ceda_agmarknet
2022-10-18,bengaluru,tomato,68,21.75,32.0,27.0,ceda_agmarknet
2022-10-19,bengaluru,tomato,10,22.5,35.0,29.166666666666664,ceda_agmarknet
2022-10-20,bengaluru,tomato,55,19.625,30.25,26.0,ceda_agmarknet
2022-10-21,bengaluru,tomato,73,20.125,27.625,24.0,ceda_agmarknet
2022-10-22,bengaluru,tomato,12,10.0,20.0,15.0,ceda_agmarknet
2022-10-23,bengaluru,tomato,9,15.0,25.0,20.0,ceda_agmarknet
2022-10-24,bengaluru,tomato,13,11.25,24.0,19.0,ceda_agmarknet
2022-10-25,bengaluru,tomato,49,13.375,22.625,18.75,ceda_agmarknet
2022-10-26,bengaluru,tomato,11,8.25,17.5,12.5,ceda_agmarknet
2022-10-27,bengaluru,tomato,54,13.875,21.875,17.375,ceda_agmarknet
2022-10-28,bengaluru,tomato,61,14.0,23.25,18.75,ceda_agmarknet
2022-10-29,bengaluru,tomato,12,14.375,22.875,18.875,ceda_agmarknet
2022-10-31,bengaluru,tomato,67,11.625,17.75,14.625,ceda_agmarknet
2022-11-01,bengaluru,tomato,13,7.5,14.0,11.0,ceda_agmarknet
2022-11-02,bengaluru,tomato,89,11.25,17.25,14.625,ceda_agmarknet
2022-11-03,bengaluru,tomato,67,12.0,17.25,14.75,ceda_agmarknet
2022-11-04,bengaluru,tomato,73,12.5,18.25,15.625,ceda_agmarknet
2022-11-05,bengaluru,tomato,67,12.875,20.75,17.0,ceda_agmarknet
2022-11-06,bengaluru,tomato,9,8.0,12.0,10.0,ceda_agmarknet
2022-11-07,bengaluru,tomato,70,9.625,15.375,12.625,ceda_agmarknet
2022-11-08,bengaluru,tomato,74,10.375,15.75,13.375,ceda_agmarknet
2022-11-09,bengaluru,tomato,16,6.833333333333334,11.0,8.833333333333334,ceda_agmarknet
2022-11-10,bengaluru,tomato,86,9.125,13.0,11.625,ceda_agmarknet
2022-11-11,bengaluru,tomato,15,5.0,9.5,7.25,ceda_agmarknet
2022-11-12,bengaluru,tomato,16,4.5,9.0,7.25,ceda_agmarknet
2022-11-13,bengaluru,tomato,9,5.0,10.0,8.0,ceda_agmarknet
2022-11-14,bengaluru,tomato,70,8.625,12.625,10.625,ceda_agmarknet
2022-11-15,bengaluru,tomato,73,8.25,12.75,10.75,ceda_agmarknet
2022-11-16,bengaluru,tomato,79,7.875,12.5,10.25,ceda_agmarknet
2022-11-17,bengaluru,tomato,84,7.875,12.0,9.75,ceda_agmarknet
2022-11-18,bengaluru,tomato,26,13.25,16.875,14.75,ceda_agmarknet
2022-11-19,bengaluru,tomato,85,8.125,11.875,10.0,ceda_agmarknet
2022-11-20,bengaluru,tomato,8,8.0,12.0,10.0,ceda_agmarknet
2022-11-21,bengaluru,tomato,68,10.625,15.5,13.25,ceda_agmarknet
2022-11-22,bengaluru,tomato,62,9.875,14.25,12.25,ceda_agmarknet
2022-11-23,bengaluru,tomato,74,10.333333333333332,14.0,12.333333333333332,ceda_agmarknet
2022-11-24,bengaluru,tomato,64,10.0,13.333333333333332,11.666666666666668,ceda_agmarknet
2022-11-25,bengaluru,tomato,51,6.0,10.5,8.375,ceda_agmarknet
2022-11-26,bengaluru,tomato,13,5.75,11.5,9.0,ceda_agmarknet
2022-11-28,bengaluru,tomato,70,7.875,12.125,10.25,ceda_agmarknet
2022-11-29,bengaluru,tomato,23,17.0,22.0,19.666666666666668,ceda_agmarknet
2022-11-30,bengaluru,tomato,63,8.333333333333334,13.333333333333332,11.5,ceda_agmarknet
2022-12-01,bengaluru,tomato,67,8.125,13.5,11.5,ceda_agmarknet
2022-12-02,bengaluru,tomato,85,8.125,14.125,12.0,ceda_agmarknet
2022-12-03,bengaluru,tomato,83,8.125,13.5,11.25,ceda_agmarknet
2022-12-04,bengaluru,tomato,9,6.0,10.0,8.0,ceda_agmarknet
2022-12-05,bengaluru,tomato,77,7.875,13.125,11.0,ceda_agmarknet
2022-12-06,bengaluru,tomato,75,7.375,12.875,10.75,ceda_agmarknet
2022-12-07,bengaluru,tomato,77,7.875,13.125,10.75,ceda_agmarknet
2022-12-08,bengaluru,tomato,82,7.625,12.875,10.5,ceda_agmarknet
2022-12-09,bengaluru,tomato,74,7.5,12.75,10.625,ceda_agmarknet
2022-12-10,bengaluru,tomato,14,5.5,10.75,8.0,ceda_agmarknet
2022-12-11,bengaluru,tomato,8,10.0,15.0,12.5,ceda_agmarknet
2022-12-12,bengaluru,tomato,38,16.25,22.625,19.75,ceda_agmarknet
2022-12-13,bengaluru,tomato,67,14.75,22.875,19.625,ceda_agmarknet
2022-12-14,bengaluru,tomato,79,11.25,20.0,15.75,ceda_agmarknet
2022-12-15,bengaluru,tomato,71,12.0,18.333333333333332,16.0,ceda_agmarknet
2022-12-16,bengaluru,tomato,72,10.75,18.25,14.5,ceda_agmarknet
2022-12-17,bengaluru,tomato,81,11.0,18.875,15.25,ceda_agmarknet
2022-12-18,bengaluru,tomato,10,10.0,18.0,15.0,ceda_agmarknet
2022-12-19,bengaluru,tomato,79,11.75,18.5,16.0,ceda_agmarknet
2022-12-20,bengaluru,tomato,68,11.5,18.25,15.75,ceda_agmarknet
2022-12-21,bengaluru,tomato,80,11.125,17.875,15.25,ceda_agmarknet
2022-12-22,bengaluru,tomato,56,9.75,14.5,12.375,ceda_agmarknet
2022-12-23,bengaluru,tomato,68,8.75,14.125,12.25,ceda_agmarknet
2022-12-24,bengaluru,tomato,14,6.0,12.5,10.0,ceda_agmarknet
2022-12-26,bengaluru,tomato,89,9.125,14.75,12.25,ceda_agmarknet
2022-12-27,bengaluru,tomato,69,7.5,13.375,11.0,ceda_agmarknet
2022-12-28,bengaluru,tomato,73,7.5,13.25,10.875,ceda_agmarknet
2022-12-29,bengaluru,tomato,57,8.5,13.5,11.375,ceda_agmarknet
2022-12-30,bengaluru,tomato,62,9.125,14.25,11.25,ceda_agmarknet
2022-12-31,bengaluru,tomato,65,11.0,16.5,14.0,ceda_agmarknet
2023-01-01,bengaluru,tomato,10,8.0,13.0,10.0,ceda_agmarknet
2023-01-02,bengaluru,tomato,55,9.75,15.0,12.25,ceda_agmarknet
2023-01-03,bengaluru,tomato,70,10.0,16.75,13.75,ceda_agmarknet
2023-01-04,bengaluru,tomato,73,9.25,15.0,12.375,ceda_agmarknet
2023-01-05,bengaluru,tomato,71,9.25,14.0,12.125,ceda_agmarknet
2023-01-06,bengaluru,tomato,72,10.0,15.25,13.125,ceda_agmarknet
2023-01-07,bengaluru,tomato,73,9.5,14.5,12.0,ceda_agmarknet
2023-01-08,bengaluru,tomato,9,8.0,15.0,10.0,ceda_agmarknet
2023-01-09,bengaluru,tomato,71,9.5,15.5,12.25,ceda_agmarknet
2023-01-10,bengaluru,tomato,68,10.75,16.5,14.5,ceda_agmarknet
2023-01-11,bengaluru,tomato,71,9.625,16.5,13.125,ceda_agmarknet
2023-01-12,bengaluru,tomato,54,13.25,19.5,16.25,ceda_agmarknet
2023-01-13,bengaluru,tomato,62,16.0,23.625,19.875,ceda_agmarknet
2023-01-14,bengaluru,tomato,14,15.0,26.25,21.25,ceda_agmarknet
2023-01-15,bengaluru,tomato,8,15.0,25.0,20.0,ceda_agmarknet
2023-01-16,bengaluru,tomato,37,15.0,25.25,20.25,ceda_agmarknet
2023-01-17,bengaluru,tomato,49,23.375,32.625,28.0,ceda_agmarknet
2023-01-18,bengaluru,tomato,66,21.875,32.5,27.625,ceda_agmarknet
2023-01-19,bengaluru,tomato,64,21.875,32.25,27.375,ceda_agmarknet
2023-01-20,bengaluru,tomato,62,23.5,34.0,28.75,ceda_agmarknet
2023-01-21,bengaluru,tomato,76,22.5,34.125,28.625,ceda_agmarknet
2023-01-22,bengaluru,tomato,9,20.0,35.0,30.0,ceda_agmarknet
2023-01-23,bengaluru,tomato,80,17.0,21.333333333333336,19.333333333333332,ceda_agmarknet
2023-01-24,bengaluru,tomato,78,13.625,23.5,20.75,ceda_agmarknet
2023-01-25,bengaluru,tomato,71,15.625,26.0,22.25,ceda_agmarknet
2023-01-26,bengaluru,tomato,13,12.25,22.25,17.75,ceda_agmarknet
2023-01-27,bengaluru,tomato,82,14.0,22.875,19.125,ceda_agmarknet
2023-01-28,bengaluru,tomato,16,13.5,24.0,20.0,ceda_agmarknet
2023-01-30,bengaluru,tomato,84,13.625,22.875,18.875,ceda_agmarknet
2023-01-31,bengaluru,tomato,76,12.5,22.25,18.5,ceda_agmarknet
2023-02-01,bengaluru,tomato,68,12.875,22.75,18.125,ceda_agmarknet
2023-02-02,bengaluru,tomato,72,14.25,21.5,17.75,ceda_agmarknet
2023-02-03,bengaluru,tomato,70,14.75,20.625,17.375,ceda_agmarknet
2023-02-04,bengaluru,tomato,74,11.75,18.75,14.5,ceda_agmarknet
2023-02-05,bengaluru,tomato,10,10.0,16.0,13.0,ceda_agmarknet
2023-02-06,bengaluru,tomato,66,11.0,15.666666666666668,14.0,ceda_agmarknet
2023-02-07,bengaluru,tomato,63,11.0,18.0,15.0,ceda_agmarknet
2023-02-08,bengaluru,tomato,75,10.5,17.5,14.75,ceda_agmarknet
2023-02-09,bengaluru,tomato,66,10.75,19.375,15.375,ceda_agmarknet
2023-02-10,bengaluru,tomato,57,14.75,23.75,18.75,ceda_agmarknet
2023-02-11,bengaluru,tomato,11,17.75,27.75,23.25,ceda_agmarknet
2023-02-12,bengaluru,tomato,9,20.0,30.0,25.0,ceda_agmarknet
2023-02-13,bengaluru,tomato,68,18.125,26.875,22.625,ceda_agmarknet
2023-02-14,bengaluru,tomato,67,17.75,26.125,22.625,ceda_agmarknet
2023-02-15,bengaluru,tomato,64,17.0,27.25,24.0,ceda_agmarknet
2023-02-16,bengaluru,tomato,68,17.5,27.0,22.375,ceda_agmarknet
2023-02-17,bengaluru,tomato,65,17.5,26.875,22.0,ceda_agmarknet
2023-02-18,bengaluru,tomato,9,18.75,32.75,27.75,ceda_agmarknet
2023-02-19,bengaluru,tomato,4,20.0,33.0,30.0,ceda_agmarknet
2023-02-20,bengaluru,tomato,59,21.375,31.125,26.875,ceda_agmarknet
2023-02-21,bengaluru,tomato,63,18.125,26.625,23.625,ceda_agmarknet
2023-02-22,bengaluru,tomato,71,17.5,24.875,21.625,ceda_agmarknet
2023-02-23,bengaluru,tomato,72,17.375,24.5,20.5,ceda_agmarknet
2023-02-24,bengaluru,tomato,69,13.875,22.5,18.5,ceda_agmarknet
2023-02-25,bengaluru,tomato,12,14.25,24.5,18.75,ceda_agmarknet
2023-02-27,bengaluru,tomato,68,16.5,24.0,20.625,ceda_agmarknet
2023-02-28,bengaluru,tomato,67,15.25,24.5,19.875,ceda_agmarknet
2023-03-01,bengaluru,tomato,63,14.5,22.5,18.5,ceda_agmarknet
2023-03-02,bengaluru,tomato,68,11.375,20.5,16.25,ceda_agmarknet
2023-03-03,bengaluru,tomato,67,11.875,18.5,16.0,ceda_agmarknet
2023-03-04,bengaluru,tomato,62,13.375,21.0,17.25,ceda_agmarknet
2023-03-05,bengaluru,tomato,11,10.0,18.0,15.0,ceda_agmarknet
2023-03-06,bengaluru,tomato,66,12.125,20.625,16.375,ceda_agmarknet
2023-03-07,bengaluru,tomato,64,12.875,21.25,17.625,ceda_agmarknet
2023-03-08,bengaluru,tomato,58,12.875,21.375,17.0,ceda_agmarknet
2023-03-09,bengaluru,tomato,64,14.666666666666668,20.666666666666664,18.333333333333332,ceda_agmarknet
2023-03-10,bengaluru,tomato,62,12.625,18.875,16.125,ceda_agmarknet
2023-03-11,bengaluru,tomato,12,8.75,18.75,14.25,ceda_agmarknet
2023-03-12,bengaluru,tomato,9,10.0,16.0,15.0,ceda_agmarknet
2023-03-13,bengaluru,tomato,65,11.25,18.25,15.75,ceda_agmarknet
2023-03-14,bengaluru,tomato,70,11.5,17.75,14.0,ceda_agmarknet
2023-03-15,bengaluru,tomato,70,11.0,15.75,13.125,ceda_agmarknet
2023-03-16,bengaluru,tomato,72,10.625,15.5,12.75,ceda_agmarknet
2023-03-17,bengaluru,tomato,65,11.0,15.75,13.125,ceda_agmarknet
2023-03-18,bengaluru,tomato,65,10.0,14.875,12.75,ceda_agmarknet
2023-03-19,bengaluru,tomato,13,5.0,12.0,10.0,ceda_agmarknet
2023-03-20,bengaluru,tomato,68,10.375,15.125,13.125,ceda_agmarknet
2023-03-21,bengaluru,tomato,69,9.625,14.25,12.125,ceda_agmarknet
2023-03-22,bengaluru,tomato,11,5.0,10.0,8.0,ceda_agmarknet
2023-03-23,bengaluru,tomato,36,14.5,18.0,16.5,ceda_agmarknet
2023-03-24,bengaluru,tomato,43,11.666666666666668,15.666666666666668,14.0,ceda_agmarknet
2023-03-25,bengaluru,tomato,20,4.5,9.0,6.75,ceda_agmarknet
2023-03-27,bengaluru,tomato,66,3.875,8.25,6.125,ceda_agmarknet
2023-03-28,bengaluru,tomato,77,4.25,8.0,5.875,ceda_agmarknet
2023-03-29,bengaluru,tomato,68,4.375,7.75,6.0,ceda_agmarknet
2023-03-30,bengaluru,tomato,68,4.125,7.5,5.5,ceda_agmarknet
2023-03-31,bengaluru,tomato,63,4.375,7.0,5.375,ceda_agmarknet
2023-04-01,bengaluru,tomato,75,3.5,6.625,5.0,ceda_agmarknet
2023-04-02,bengaluru,tomato,14,3.0,7.0,5.0,ceda_agmarknet
2023-04-03,bengaluru,tomato,63,4.75,25.125,6.625,ceda_agmarknet
2023-04-04,bengaluru,tomato,18,3.5,6.25,4.75,ceda_agmarknet
2023-04-05,bengaluru,tomato,63,4.125,7.0,5.5,ceda_agmarknet
2023-04-06,bengaluru,tomato,57,5.0,7.0,6.0,ceda_agmarknet
2023-04-07,bengaluru,tomato,12,3.0,7.0,5.0,ceda_agmarknet
2023-04-08,bengaluru,tomato,13,4.0,6.0,5.0,ceda_agmarknet
2023-04-09,bengaluru,tomato,14,4.0,6.0,5.0,ceda_agmarknet
2023-04-10,bengaluru,tomato,61,5.0,7.0,6.0,ceda_agmarknet
2023-04-11,bengaluru,tomato,62,4.125,7.25,5.5,ceda_agmarknet
2023-04-12,bengaluru,tomato,64,4.875,8.375,6.375,ceda_agmarknet
2023-04-13,bengaluru,tomato,61,5.375,8.75,7.5,ceda_agmarknet
2023-04-14,bengaluru,tomato,10,4.75,9.5,7.5,ceda_agmarknet
2023-04-15,bengaluru,tomato,65,5.5,8.75,6.875,ceda_agmarknet
2023-04-16,bengaluru,tomato,10,5.0,8.0,6.0,ceda_agmarknet
2023-04-17,bengaluru,tomato,62,6.625,10.25,8.375,ceda_agmarknet
2023-04-18,bengaluru,tomato,63,6.875,10.5,8.625,ceda_agmarknet
2023-04-19,bengaluru,tomato,60,6.625,10.25,8.375,ceda_agmarknet
2023-04-20,bengaluru,tomato,66,6.5,9.75,7.875,ceda_agmarknet
2023-04-21,bengaluru,tomato,64,5.875,10.0,7.625,ceda_agmarknet
2023-04-22,bengaluru,tomato,15,3.75,8.5,5.75,ceda_agmarknet
2023-04-23,bengaluru,tomato,11,4.0,8.0,6.0,ceda_agmarknet
2023-04-24,bengaluru,tomato,59,6.375,27.375,8.375,ceda_agmarknet
2023-04-25,bengaluru,tomato,60,6.5,10.25,8.375,ceda_agmarknet
2023-04-26,bengaluru,tomato,71,5.875,8.75,7.0,ceda_agmarknet
2023-04-27,bengaluru,tomato,71,5.875,8.125,7.0,ceda_agmarknet
2023-04-28,bengaluru,tomato,62,5.75,9.125,7.375,ceda_agmarknet
2023-04-29,bengaluru,tomato,65,5.875,9.25,7.625,ceda_agmarknet
2023-05-01,bengaluru,tomato,17,4.75,8.5,6.25,ceda_agmarknet
2023-05-02,bengaluru,tomato,65,5.25,7.75,6.5,ceda_agmarknet
2023-05-03,bengaluru,tomato,72,4.875,8.5,6.875,ceda_agmarknet
2023-05-04,bengaluru,tomato,58,5.5,8.5,7.0,ceda_agmarknet
2023-05-05,bengaluru,tomato,34,5.333333333333334,8.666666666666666,7.0,ceda_agmarknet
2023-05-06,bengaluru,tomato,35,5.833333333333334,10.0,8.0,ceda_agmarknet
2023-05-07,bengaluru,tomato,14,4.0,8.0,6.0,ceda_agmarknet
2023-05-08,bengaluru,tomato,43,5.0,8.5,6.625,ceda_agmarknet
2023-05-09,bengaluru,tomato,67,6.0,9.333333333333334,8.333333333333334,ceda_agmarknet
2023-05-10,bengaluru,tomato,7,6.0,10.0,8.0,ceda_agmarknet
2023-05-11,bengaluru,tomato,50,9.125,12.375,11.0,ceda_agmarknet
2023-05-12,bengaluru,tomato,51,9.333333333333334,12.0,10.666666666666668,ceda_agmarknet
2023-05-13,bengaluru,tomato,13,10.0,16.0,14.0,ceda_agmarknet
2023-05-14,bengaluru,tomato,11,10.0,17.0,15.0,ceda_agmarknet
2023-05-15,bengaluru,tomato,60,11.0,15.666666666666668,13.333333333333332,ceda_agmarknet
2023-05-16,bengaluru,tomato,63,10.375,15.75,13.875,ceda_agmarknet
2023-05-17,bengaluru,tomato,67,9.0,13.25,11.375,ceda_agmarknet
2023-05-18,bengaluru,tomato,61,9.0,14.0,11.625,ceda_agmarknet
2023-05-19,bengaluru,tomato,75,9.625,14.75,12.375,ceda_agmarknet
2023-05-20,bengaluru,tomato,64,8.333333333333334,12.666666666666668,11.0,ceda_agmarknet
2023-05-21,bengaluru,tomato,13,8.0,12.5,10.0,ceda_agmarknet
2023-05-22,bengaluru,tomato,73,9.125,14.0,12.125,ceda_agmarknet
2023-05-23,bengaluru,tomato,65,9.0,14.25,12.0,ceda_agmarknet
2023-05-24,bengaluru,tomato,75,8.75,13.5,11.125,ceda_agmarknet
2023-05-25,bengaluru,tomato,74,8.833333333333334,12.5,10.666666666666668,ceda_agmarknet
2023-05-26,bengaluru,tomato,58,9.0,12.0,10.5,ceda_agmarknet
2023-05-27,bengaluru,tomato,11,12.0,18.0,15.0,ceda_agmarknet
2023-05-29,bengaluru,tomato,62,9.625,14.5,12.375,ceda_agmarknet
2023-05-30,bengaluru,tomato,73,8.75,13.25,11.25,ceda_agmarknet
2023-05-31,bengaluru,tomato,63,10.0,15.5,13.25,ceda_agmarknet
2023-06-01,bengaluru,tomato,42,19.375,25.125,23.25,ceda_agmarknet
2023-06-02,bengaluru,tomato,65,18.75,28.5,22.75,ceda_agmarknet
2023-06-03,bengaluru,tomato,73,13.166666666666668,19.333333333333332,16.666666666666668,ceda_agmarknet
2023-06-04,bengaluru,tomato,10,20.0,25.0,23.0,ceda_agmarknet
2023-06-05,bengaluru,tomato,65,15.125,22.125,19.75,ceda_agmarknet
2023-06-06,bengaluru,tomato,32,21.0,27.0,24.0,ceda_agmarknet
2023-06-07,bengaluru,tomato,58,19.333333333333332,30.666666666666664,26.666666666666664,ceda_agmarknet
2023-06-08,bengaluru,tomato,65,19.666666666666668,29.0,23.666666666666664,ceda_agmarknet
2023-06-09,bengaluru,tomato,56,18.333333333333332,25.666666666666664,22.0,ceda_agmarknet
2023-06-10,bengaluru,tomato,9,25.0,35.0,30.0,ceda_agmarknet
2023-06-11,bengaluru,tomato,9,25.0,32.0,30.0,ceda_agmarknet
2023-06-12,bengaluru,tomato,62,20.75,30.5,26.25,ceda_agmarknet
2023-06-13,bengaluru,tomato,33,21.625,32.625,28.375,ceda_agmarknet
2023-06-14,bengaluru,tomato,64,21.0,30.0,26.5,ceda_agmarknet
2023-06-15,bengaluru,tomato,63,23.125,31.5,29.25,ceda_agmarknet
2023-06-16,bengaluru,tomato,58,24.125,34.5,30.25,ceda_agmarknet
2023-06-17,bengaluru,tomato,75,24.125,35.125,30.875,ceda_agmarknet
2023-06-18,bengaluru,tomato,4,35.0,45.0,40.0,ceda_agmarknet
2023-06-19,bengaluru,tomato,66,29.5,41.5,35.5,ceda_agmarknet
2023-06-20,bengaluru,tomato,61,28.125,39.375,34.25,ceda_agmarknet
2023-06-21,bengaluru,tomato,59,28.666666666666664,33.333333333333336,31.0,ceda_agmarknet
2023-06-22,bengaluru,tomato,59,25.5,35.5,31.25,ceda_agmarknet
2023-06-23,bengaluru,tomato,32,23.75,36.25,29.75,ceda_agmarknet
2023-06-24,bengaluru,tomato,5,40.0,56.0,50.0,ceda_agmarknet
2023-06-26,bengaluru,tomato,63,55.0,78.75,66.25,ceda_agmarknet
2023-06-27,bengaluru,tomato,58,52.5,70.0,62.5,ceda_agmarknet
2023-06-28,bengaluru,tomato,57,53.75,75.0,63.75,ceda_agmarknet
2023-06-29,bengaluru,tomato,5,60.0,80.0,70.0,ceda_agmarknet
2023-06-30,bengaluru,tomato,41,66.66666666666667,83.33333333333334,75.0,ceda_agmarknet
2023-07-01,bengaluru,tomato,51,65.0,90.0,81.25,ceda_agmarknet
2023-07-02,bengaluru,tomato,5,70.0,85.0,80.0,ceda_agmarknet
2023-07-03,bengaluru,tomato,48,70.0,95.0,82.5,ceda_agmarknet
2023-07-04,bengaluru,tomato,50,75.0,96.25,85.75,ceda_agmarknet
2023-07-05,bengaluru,tomato,48,68.75,92.5,81.25,ceda_agmarknet
2023-07-06,bengaluru,tomato,57,73.75,93.75,83.25,ceda_agmarknet
2023-07-07,bengaluru,tomato,56,72.5,97.5,85.0,ceda_agmarknet
2023-07-08,bengaluru,tomato,6,67.5,93.0,82.5,ceda_agmarknet
2023-07-09,bengaluru,tomato,4,70.0,90.0,80.0,ceda_agmarknet
2023-07-10,bengaluru,tomato,54,61.25,87.5,72.5,ceda_agmarknet
2023-07-11,bengaluru,tomato,50,67.5,90.0,78.75,ceda_agmarknet
2023-07-12,bengaluru,tomato,51,75.0,97.5,86.25,ceda_agmarknet
2023-07-13,bengaluru,tomato,50,72.5,95.0,83.75,ceda_agmarknet
2023-07-14,bengaluru,tomato,51,75.0,97.5,86.25,ceda_agmarknet
2023-07-15,bengaluru,tomato,50,75.5,102.5,86.5,ceda_agmarknet
2023-07-16,bengaluru,tomato,4,90.0,100.0,95.0,ceda_agmarknet
2023-07-17,bengaluru,tomato,56,71.25,95.0,83.75,ceda_agmarknet
2023-07-18,bengaluru,tomato,50,66.25,88.75,77.5,ceda_agmarknet
2023-07-19,bengaluru,tomato,53,81.66666666666667,98.33333333333334,90.0,ceda_agmarknet
2023-07-20,bengaluru,tomato,51,78.33333333333333,95.0,86.66666666666666,ceda_agmarknet
2023-07-21,bengaluru,tomato,51,61.5,89.0,79.0,ceda_agmarknet
2023-07-22,bengaluru,tomato,6,50.0,82.5,70.0,ceda_agmarknet
2023-07-23,bengaluru,tomato,4,60.0,80.0,70.0,ceda_agmarknet
2023-07-24,bengaluru,tomato,50,63.75,87.5,77.5,ceda_agmarknet
2023-07-25,bengaluru,tomato,46,66.5,90.25,79.0,ceda_agmarknet
2023-07-26,bengaluru,tomato,46,72.5,95.0,83.75,ceda_agmarknet
2023-07-27,bengaluru,tomato,44,90.0,100.0,95.0,ceda_agmarknet
2023-07-28,bengaluru,tomato,47,61.0,106.25,93.75,ceda_agmarknet
2023-07-29,bengaluru,tomato,5,77.5,115.0,100.0,ceda_agmarknet
2023-07-31,bengaluru,tomato,46,88.75,117.5,102.5,ceda_agmarknet
2023-08-01,bengaluru,tomato,49,93.75,123.75,110.0,ceda_agmarknet
2023-08-02,bengaluru,tomato,48,93.75,118.75,106.25,ceda_agmarknet
2023-08-03,bengaluru,tomato,50,96.25,121.25,107.5,ceda_agmarknet
2023-08-04,bengaluru,tomato,51,76.25,98.75,87.5,ceda_agmarknet
2023-08-05,bengaluru,tomato,44,65.0,85.0,77.66666666666667,ceda_agmarknet
2023-08-06,bengaluru,tomato,5,60.0,90.0,80.0,ceda_agmarknet
2023-08-07,bengaluru,tomato,52,57.5,78.75,69.5,ceda_agmarknet
2023-08-08,bengaluru,tomato,47,46.25,75.0,63.75,ceda_agmarknet
2023-08-09,bengaluru,tomato,55,46.25,67.5,58.25,ceda_agmarknet
2023-08-10,bengaluru,tomato,53,47.5,66.25,57.0,ceda_agmarknet
2023-08-11,bengaluru,tomato,55,42.5,58.75,51.75,ceda_agmarknet
2023-08-12,bengaluru,tomato,9,26.25,43.75,35.0,ceda_agmarknet
2023-08-13,bengaluru,tomato,6,30.0,40.0,35.0,ceda_agmarknet
2023-08-14,bengaluru,tomato,49,35.0,50.83333333333333,42.33333333333333,ceda_agmarknet
2023-08-15,bengaluru,tomato,6,30.0,45.0,40.0,ceda_agmarknet
2023-08-17,bengaluru,tomato,57,28.75,43.125,38.0,ceda_agmarknet
2023-08-18,bengaluru,tomato,56,21.875,31.25,26.375,ceda_agmarknet
2023-08-19,bengaluru,tomato,55,16.666666666666668,25.833333333333336,21.0,ceda_agmarknet
2023-08-20,bengaluru,tomato,4,20.0,30.0,25.0,ceda_agmarknet
2023-08-21,bengaluru,tomato,57,17.5,26.125,22.125,ceda_agmarknet
2023-08-22,bengaluru,tomato,50,15.625,25.0,20.125,ceda_agmarknet
2023-08-23,bengaluru,tomato,55,18.5,28.0,24.0,ceda_agmarknet
2023-08-24,bengaluru,tomato,53,14.5,23.625,19.375,ceda_agmarknet
2023-08-25,bengaluru,tomato,48,17.5,23.5,20.5,ceda_agmarknet
2023-08-26,bengaluru,tomato,10,10.0,20.0,15.0,ceda_agmarknet
2023-08-28,bengaluru,tomato,55,10.375,16.875,13.875,ceda_agmarknet
2023-08-29,bengaluru,tomato,61,10.875,16.5,13.25,ceda_agmarknet
2023-08-30,bengaluru,tomato,54,12.5,18.333333333333332,16.0,ceda_agmarknet
2023-08-31,bengaluru,tomato,52,11.875,18.25,15.5,ceda_agmarknet
2023-09-01,bengaluru,tomato,59,8.375,14.75,11.75,ceda_agmarknet
2023-09-02,bengaluru,tomato,63,7.75,14.375,11.875,ceda_agmarknet
2023-09-03,bengaluru,tomato,10,7.0,13.0,10.0,ceda_agmarknet
2023-09-04,bengaluru,tomato,60,6.75,12.25,10.125,ceda_agmarknet
2023-09-05,bengaluru,tomato,58,6.5,12.5,10.0,ceda_agmarknet
2023-09-06,bengaluru,tomato,64,8.0,12.0,10.0,ceda_agmarknet
2023-09-07,bengaluru,tomato,16,5.0,10.0,8.0,ceda_agmarknet
2023-09-08,bengaluru,tomato,45,7.5,11.0,9.5,ceda_agmarknet
2023-09-09,bengaluru,tomato,17,4.25,8.5,6.5,ceda_agmarknet
2023-09-10,bengaluru,tomato,10,5.0,8.0,6.0,ceda_agmarknet
2023-09-11,bengaluru,tomato,56,5.75,9.375,7.625,ceda_agmarknet
2023-09-12,bengaluru,tomato,59,5.875,10.125,8.0,ceda_agmarknet
2023-09-13,bengaluru,tomato,59,5.0,8.125,6.375,ceda_agmarknet
2023-09-14,bengaluru,tomato,65,5.5,8.875,7.125,ceda_agmarknet
2023-09-15,bengaluru,tomato,61,5.25,9.0,7.0,ceda_agmarknet
2023-09-16,bengaluru,tomato,64,4.875,8.375,6.625,ceda_agmarknet
2023-09-18,bengaluru,tomato,9,4.0,8.0,6.0,ceda_agmarknet
2023-09-19,bengaluru,tomato,35,6.333333333333334,9.666666666666666,8.666666666666666,ceda_agmarknet
2023-09-20,bengaluru,tomato,60,5.5,9.5,7.75,ceda_agmarknet
2023-09-21,bengaluru,tomato,60,4.75,8.5,6.625,ceda_agmarknet
2023-09-22,bengaluru,tomato,66,5.0,9.0,7.0,ceda_agmarknet
2023-09-23,bengaluru,tomato,64,5.666666666666666,9.333333333333334,7.666666666666666,ceda_agmarknet
2023-09-25,bengaluru,tomato,60,5.25,9.0,7.25,ceda_agmarknet
2023-09-26,bengaluru,tomato,60,5.666666666666666,7.666666666666666,6.666666666666666,ceda_agmarknet
2023-09-27,bengaluru,tomato,58,4.666666666666667,7.333333333333334,6.333333333333334,ceda_agmarknet
2023-09-28,bengaluru,tomato,43,9.0,11.0,10.0,ceda_agmarknet
2023-09-29,bengaluru,tomato,36,10.0,12.0,11.0,ceda_agmarknet
2023-09-30,bengaluru,tomato,66,6.0,8.666666666666666,7.333333333333334,ceda_agmarknet
2023-10-02,bengaluru,tomato,66,5.166666666666666,8.166666666666666,6.666666666666666,ceda_agmarknet
2023-10-03,bengaluru,tomato,57,4.166666666666667,7.5,6.0,ceda_agmarknet
2023-10-04,bengaluru,tomato,64,4.5,7.333333333333334,5.833333333333334,ceda_agmarknet
2023-10-05,bengaluru,tomato,66,5.125,8.25,6.75,ceda_agmarknet
2023-10-06,bengaluru,tomato,39,5.625,9.75,8.0,ceda_agmarknet
2023-10-07,bengaluru,tomato,67,5.0,8.125,6.5,ceda_agmarknet
2023-10-08,bengaluru,tomato,12,4.0,8.0,6.0,ceda_agmarknet
2023-10-09,bengaluru,tomato,58,5.5,9.5,7.625,ceda_agmarknet
2023-10-10,bengaluru,tomato,56,5.666666666666666,10.333333333333332,8.666666666666666,ceda_agmarknet
2023-10-11,bengaluru,tomato,61,5.75,10.0,8.125,ceda_agmarknet
2023-10-12,bengaluru,tomato,58,6.0,10.333333333333332,8.333333333333334,ceda_agmarknet
2023-10-13,bengaluru,tomato,51,7.333333333333334,12.333333333333332,10.0,ceda_agmarknet
2023-10-14,bengaluru,tomato,16,6.0,10.5,8.25,ceda_agmarknet
2023-10-15,bengaluru,tomato,9,8.0,13.0,10.0,ceda_agmarknet
2023-10-16,bengaluru,tomato,57,9.25,13.5,11.375,ceda_agmarknet
2023-10-17,bengaluru,tomato,57,8.125,11.625,9.75,ceda_agmarknet
2023-10-18,bengaluru,tomato,70,6.375,10.875,9.125,ceda_agmarknet
2023-10-19,bengaluru,tomato,52,6.666666666666666,11.666666666666668,9.333333333333334,ceda_agmarknet
2023-10-20,bengaluru,tomato,59,6.125,10.75,8.5,ceda_agmarknet
2023-10-21,bengaluru,tomato,57,9.0,12.5,11.0,ceda_agmarknet
2023-10-24,bengaluru,tomato,3,5.0,10.0,8.0,ceda_agmarknet
2023-10-25,bengaluru,tomato,38,10.625,16.375,14.0,ceda_agmarknet
2023-10-26,bengaluru,tomato,54,11.125,15.75,13.875,ceda_agmarknet
2023-10-27,bengaluru,tomato,53,10.833333333333332,15.833333333333332,13.833333333333332,ceda_agmarknet
2023-10-28,bengaluru,tomato,9,15.0,25.0,20.0,ceda_agmarknet
2023-10-30,bengaluru,tomato,54,12.5,21.375,17.375,ceda_agmarknet
2023-10-31,bengaluru,tomato,57,12.75,19.5,17.0,ceda_agmarknet
2023-11-01,bengaluru,tomato,11,10.0,20.0,15.0,ceda_agmarknet
2023-11-02,bengaluru,tomato,54,14.75,23.0,18.75,ceda_agmarknet
2023-11-03,bengaluru,tomato,52,17.333333333333332,25.0,20.333333333333332,ceda_agmarknet
2023-11-04,bengaluru,tomato,42,16.0,23.5,19.5,ceda_agmarknet
2023-11-06,bengaluru,tomato,56,16.625,23.375,20.875,ceda_agmarknet
2023-11-07,bengaluru,tomato,45,17.25,27.25,22.125,ceda_agmarknet
2023-11-08,bengaluru,tomato,49,26.875,36.875,32.375,ceda_agmarknet
2023-11-09,bengaluru,tomato,49,18.833333333333332,28.833333333333336,24.5,ceda_agmarknet
2023-11-10,bengaluru,tomato,56,20.625,31.25,26.125,ceda_agmarknet
2023-11-11,bengaluru,tomato,9,18.75,33.75,28.75,ceda_agmarknet
2023-11-12,bengaluru,tomato,7,20.0,30.0,25.0,ceda_agmarknet
2023-11-13,bengaluru,tomato,53,16.625,26.25,21.25,ceda_agmarknet
2023-11-14,bengaluru,tomato,4,20.0,30.0,25.0,ceda_agmarknet
2023-11-15,bengaluru,tomato,42,22.25,32.75,28.25,ceda_agmarknet
2023-11-16,bengaluru,tomato,49,22.375,31.875,27.625,ceda_agmarknet
2023-11-17,bengaluru,tomato,55,23.125,33.125,28.875,ceda_agmarknet
2023-11-18,bengaluru,tomato,49,25.875,36.75,32.75,ceda_agmarknet
2023-11-19,bengaluru,tomato,4,30.0,42.0,40.0,ceda_agmarknet
2023-11-20,bengaluru,tomato,47,23.75,34.375,29.5,ceda_agmarknet
2023-11-21,bengaluru,tomato,54,25.875,35.875,32.875,ceda_agmarknet
2023-11-22,bengaluru,tomato,52,23.0,33.625,29.375,ceda_agmarknet
2023-11-23,bengaluru,tomato,53,26.0,36.0,32.0,ceda_agmarknet
2023-11-24,bengaluru,tomato,49,26.375,37.375,33.125,ceda_agmarknet
2023-11-25,bengaluru,tomato,10,20.0,32.5,27.5,ceda_agmarknet
2023-11-27,bengaluru,tomato,58,21.25,32.0,27.5,ceda_agmarknet
2023-11-28,bengaluru,tomato,54,19.333333333333332,28.333333333333336,23.666666666666664,ceda_agmarknet
2023-11-29,bengaluru,tomato,59,17.166666666666668,29.333333333333336,25.333333333333336,ceda_agmarknet
2023-11-30,bengaluru,tomato,13,16.25,28.75,23.75,ceda_agmarknet
2023-12-01,bengaluru,tomato,,20.625,32.0,27.25,ceda_agmarknet
2023-12-02,bengaluru,tomato,,18.125,29.5,24.75,ceda_agmarknet
2023-12-03,bengaluru,tomato,,15.0,22.5,19.0,ceda_agmarknet
2023-12-04,bengaluru,tomato,,19.125,28.75,24.875,ceda_agmarknet
2023-12-05,bengaluru,tomato,,19.375,26.875,23.875,ceda_agmarknet
2023-12-06,bengaluru,tomato,,17.625,26.0,21.75,ceda_agmarknet
2023-12-07,bengaluru,tomato,,14.5,27.0,22.5,ceda_agmarknet
2023-12-08,bengaluru,tomato,,20.166666666666668,28.333333333333336,25.0,ceda_agmarknet
2023-12-09,bengaluru,tomato,,16.25,28.5,24.0,ceda_agmarknet
2023-12-10,bengaluru,tomato,,20.0,30.0,26.0,ceda_agmarknet
2023-12-11,bengaluru,tomato,,17.625,26.875,22.25,ceda_agmarknet
2023-12-12,bengaluru,tomato,,15.0,27.0,23.666666666666664,ceda_agmarknet
2023-12-13,bengaluru,tomato,,17.875,27.125,23.125,ceda_agmarknet
2023-12-14,bengaluru,tomato,,17.75,26.25,22.125,ceda_agmarknet
2023-12-15,bengaluru,tomato,56,15.0,25.875,20.625,ceda_agmarknet
2023-12-16,bengaluru,tomato,56,15.0,24.5,20.166666666666668,ceda_agmarknet
2023-12-17,bengaluru,tomato,9,15.0,22.0,20.0,ceda_agmarknet
2023-12-18,bengaluru,tomato,57,17.666666666666668,24.0,21.0,ceda_agmarknet
2023-12-19,bengaluru,tomato,54,15.0,24.625,20.625,ceda_agmarknet
2023-12-20,bengaluru,tomato,58,16.5,26.0,22.0,ceda_agmarknet
2023-12-21,bengaluru,tomato,59,14.25,22.375,19.0,ceda_agmarknet
2023-12-22,bengaluru,tomato,59,16.5,23.0,19.5,ceda_agmarknet
2023-12-23,bengaluru,tomato,15,10.0,17.5,15.0,ceda_agmarknet
2023-12-25,bengaluru,tomato,8,15.0,25.0,20.0,ceda_agmarknet
2023-12-26,bengaluru,tomato,39,18.0,22.0,20.333333333333332,ceda_agmarknet
2023-12-27,bengaluru,tomato,58,19.0,24.0,22.0,ceda_agmarknet
2023-12-28,bengaluru,tomato,53,16.875,25.0,21.75,ceda_agmarknet
2023-12-29,bengaluru,tomato,51,16.833333333333332,25.666666666666664,22.0,ceda_agmarknet
2023-12-30,bengaluru,tomato,52,19.166666666666668,26.666666666666664,23.333333333333336,ceda_agmarknet
2024-01-01,bengaluru,tomato,51,18.333333333333332,27.5,24.0,ceda_agmarknet
2024-01-02,bengaluru,tomato,55,17.125,26.5,22.0,ceda_agmarknet
2024-01-03,bengaluru,tomato,55,17.125,26.5,22.0,ceda_agmarknet
2024-01-04,bengaluru,tomato,57,20.333333333333332,28.833333333333336,25.0,ceda_agmarknet
2024-01-05,bengaluru,tomato,52,18.666666666666668,28.333333333333336,24.666666666666664,ceda_agmarknet
2024-01-06,bengaluru,tomato,45,22.0,29.0,26.0,ceda_agmarknet
2024-01-07,bengaluru,tomato,11,20.0,25.0,22.5,ceda_agmarknet
2024-01-08,bengaluru,tomato,59,16.75,25.5,22.0,ceda_agmarknet
2024-01-09,bengaluru,tomato,55,17.0,23.875,20.875,ceda_agmarknet
2024-01-10,bengaluru,tomato,58,16.25,23.25,20.625,ceda_agmarknet
2024-01-11,bengaluru,tomato,55,19.333333333333332,24.333333333333336,22.0,ceda_agmarknet
2024-01-12,bengaluru,tomato,58,17.666666666666668,23.333333333333336,19.666666666666668,ceda_agmarknet
2024-01-13,bengaluru,tomato,11,14.0,20.0,18.0,ceda_agmarknet
2024-01-15,bengaluru,tomato,10,11.25,16.5,13.0,ceda_agmarknet
2024-01-16,bengaluru,tomato,38,16.0,22.875,20.375,ceda_agmarknet
2024-01-17,bengaluru,tomato,53,16.5,24.375,21.375,ceda_agmarknet
2024-01-18,bengaluru,tomato,15,12.333333333333332,20.0,15.666666666666668,ceda_agmarknet
2024-01-19,bengaluru,tomato,11,10.0,18.0,15.0,ceda_agmarknet
2024-01-20,bengaluru,tomato,12,10.0,16.0,14.0,ceda_agmarknet
2024-01-21,bengaluru,tomato,10,10.0,20.0,15.0,ceda_agmarknet
2024-01-22,bengaluru,tomato,14,12.0,20.0,16.0,ceda_agmarknet
2024-01-23,bengaluru,tomato,15,15.0,22.0,20.0,ceda_agmarknet
2024-01-24,bengaluru,tomato,60,15.0,23.333333333333336,19.0,ceda_agmarknet
2024-01-25,bengaluru,tomato,54,15.333333333333332,23.333333333333336,19.333333333333332,ceda_agmarknet
2024-01-26,bengaluru,tomato,13,10.0,20.0,16.0,ceda_agmarknet
2024-01-27,bengaluru,tomato,16,10.0,20.0,15.0,ceda_agmarknet
2024-01-29,bengaluru,tomato,51,13.333333333333332,20.666666666666664,17.333333333333332,ceda_agmarknet
2024-01-30,bengaluru,tomato,56,12.666666666666668,19.333333333333332,17.0,ceda_agmarknet
2024-01-31,bengaluru,tomato,61,5.9,17.333333333333332,14.0,ceda_agmarknet
2024-02-01,bengaluru,tomato,61,13.333333333333332,19.333333333333332,16.333333333333332,ceda_agmarknet
2024-02-02,bengaluru,tomato,54,14.333333333333332,22.0,19.0,ceda_agmarknet
2024-02-03,bengaluru,tomato,76,16.666666666666668,24.0,21.333333333333336,ceda_agmarknet
2024-02-04,bengaluru,tomato,9,18.0,25.0,22.0,ceda_agmarknet
2024-02-05,bengaluru,tomato,54,16.0,23.333333333333336,21.0,ceda_agmarknet
2024-02-06,bengaluru,tomato,50,18.0,23.333333333333336,21.0,ceda_agmarknet
2024-02-07,bengaluru,tomato,59,14.0,54.66666666666667,19.333333333333332,ceda_agmarknet
2024-02-08,bengaluru,tomato,54,14.0,20.0,17.5,ceda_agmarknet
2024-02-09,bengaluru,tomato,59,14.0,20.0,17.0,ceda_agmarknet
2024-02-10,bengaluru,tomato,16,10.0,23.0,20.0,ceda_agmarknet
2024-02-11,bengaluru,tomato,12,12.0,23.0,20.0,ceda_agmarknet
2024-02-12,bengaluru,tomato,56,13.666666666666668,21.0,18.0,ceda_agmarknet
2024-02-13,bengaluru,tomato,66,12.0,18.666666666666668,16.333333333333332,ceda_agmarknet
2024-02-14,bengaluru,tomato,55,10.666666666666668,18.0,14.333333333333332,ceda_agmarknet
2024-02-15,bengaluru,tomato,66,9.333333333333334,17.333333333333332,13.333333333333332,ceda_agmarknet
2024-02-16,bengaluru,tomato,61,9.333333333333334,15.333333333333332,11.666666666666668,ceda_agmarknet
2024-02-17,bengaluru,tomato,66,8.666666666666666,14.0,11.333333333333332,ceda_agmarknet
2024-02-18,bengaluru,tomato,14,8.0,13.0,10.0,ceda_agmarknet
2024-02-19,bengaluru,tomato,63,10.666666666666668,15.333333333333332,13.0,ceda_agmarknet
2024-02-20,bengaluru,tomato,58,10.0,14.666666666666668,12.333333333333332,ceda_agmarknet
2024-02-21,bengaluru,tomato,63,11.333333333333332,15.666666666666668,13.333333333333332,ceda_agmarknet
2024-02-22,bengaluru,tomato,67,9.333333333333334,15.333333333333332,13.0,ceda_agmarknet
2024-02-23,bengaluru,tomato,60,9.333333333333334,15.0,12.0,ceda_agmarknet
2024-02-24,bengaluru,tomato,19,8.0,13.0,10.0,ceda_agmarknet
2024-02-26,bengaluru,tomato,60,10.0,15.666666666666668,11.333333333333332,ceda_agmarknet
2024-02-27,bengaluru,tomato,67,9.333333333333334,14.0,11.666666666666668,ceda_agmarknet
2024-02-28,bengaluru,tomato,56,10.5,17.0,14.0,ceda_agmarknet
2024-02-29,bengaluru,tomato,61,6.666666666666666,12.666666666666668,9.333333333333334,ceda_agmarknet
2024-03-01,bengaluru,tomato,57,10.666666666666668,15.333333333333332,13.333333333333332,ceda_agmarknet
2024-03-02,bengaluru,tomato,66,7.333333333333334,11.333333333333332,9.0,ceda_agmarknet
2024-03-03,bengaluru,tomato,14,6.0,10.0,8.0,ceda_agmarknet
2024-03-04,bengaluru,tomato,56,9.333333333333334,14.666666666666668,12.0,ceda_agmarknet
2024-03-05,bengaluru,tomato,53,9.666666666666666,15.0,12.0,ceda_agmarknet
2024-03-06,bengaluru,tomato,53,10.0,14.666666666666668,13.0,ceda_agmarknet
2024-03-07,bengaluru,tomato,54,10.0,15.333333333333332,11.666666666666668,ceda_agmarknet
2024-03-08,bengaluru,tomato,12,8.0,14.0,12.0,ceda_agmarknet
2024-03-09,bengaluru,tomato,4,10.0,15.0,13.0,ceda_agmarknet
2024-03-10,bengaluru,tomato,6,10.0,16.0,14.0,ceda_agmarknet
2024-03-11,bengaluru,tomato,52,10.0,15.0,13.0,ceda_agmarknet
2024-03-12,bengaluru,tomato,62,10.0,15.666666666666668,13.666666666666668,ceda_agmarknet
2024-03-13,bengaluru,tomato,61,10.0,15.0,12.666666666666668,ceda_agmarknet
2024-03-14,bengaluru,tomato,61,10.666666666666668,16.666666666666668,14.333333333333332,ceda_agmarknet
2024-03-15,bengaluru,tomato,52,10.0,15.333333333333332,12.666666666666668,ceda_agmarknet
2024-03-16,bengaluru,tomato,58,10.0,14.666666666666668,12.666666666666668,ceda_agmarknet
2024-03-17,bengaluru,tomato,16,10.0,16.0,14.0,ceda_agmarknet
2024-03-18,bengaluru,tomato,56,10.0,16.0,13.0,ceda_agmarknet
2024-03-19,bengaluru,tomato,55,10.0,15.333333333333332,13.333333333333332,ceda_agmarknet
2024-03-20,bengaluru,tomato,53,10.666666666666668,15.0,12.833333333333332,ceda_agmarknet
2024-03-21,bengaluru,tomato,55,10.333333333333332,14.666666666666668,12.666666666666668,ceda_agmarknet
2024-03-22,bengaluru,tomato,53,10.666666666666668,13.666666666666668,12.166666666666668,ceda_agmarknet
2024-03-23,bengaluru,tomato,14,10.0,17.0,15.0,ceda_agmarknet
2024-03-24,bengaluru,tomato,11,10.0,15.0,13.0,ceda_agmarknet
2024-03-25,bengaluru,tomato,50,13.0,16.333333333333332,14.5,ceda_agmarknet
2024-03-26,bengaluru,tomato,59,12.0,17.5,14.75,ceda_agmarknet
2024-03-27,bengaluru,tomato,60,11.333333333333332,16.333333333333332,14.833333333333332,ceda_agmarknet
2024-03-28,bengaluru,tomato,59,12.666666666666668,17.0,15.333333333333332,ceda_agmarknet
2024-03-29,bengaluru,tomato,8,14.0,20.0,18.0,ceda_agmarknet
2024-03-30,bengaluru,tomato,55,14.0,20.666666666666664,17.666666666666668,ceda_agmarknet
2024-04-01,bengaluru,tomato,,14.333333333333332,18.666666666666668,16.666666666666668,ceda_agmarknet
2024-04-02,bengaluru,tomato,,15.0,21.0,17.5,ceda_agmarknet
2024-04-03,bengaluru,tomato,,14.0,19.666666666666668,17.666666666666668,ceda_agmarknet
2024-04-04,bengaluru,tomato,47,16.0,23.666666666666664,20.0,ceda_agmarknet
2024-04-05,bengaluru,tomato,51,17.0,23.5,20.5,ceda_agmarknet
2024-04-06,bengaluru,tomato,54,18.0,25.0,22.0,ceda_agmarknet
2024-04-07,bengaluru,tomato,11,20.0,30.0,25.0,ceda_agmarknet
2024-04-08,bengaluru,tomato,56,19.0,26.0,22.5,ceda_agmarknet
2024-04-13,bengaluru,tomato,10,20.0,25.0,22.5,ceda_agmarknet
2024-04-14,bengaluru,tomato,11,15.0,25.0,20.0,ceda_agmarknet
2024-04-15,bengaluru,tomato,55,14.666666666666668,23.333333333333336,19.0,ceda_agmarknet
2024-04-16,bengaluru,tomato,51,14.666666666666668,20.666666666666664,18.666666666666668,ceda_agmarknet
2024-04-17,bengaluru,tomato,56,11.333333333333332,20.0,15.666666666666668,ceda_agmarknet
2024-04-18,bengaluru,tomato,45,15.333333333333332,22.0,19.666666666666668,ceda_agmarknet
2024-04-19,bengaluru,tomato,50,15.666666666666668,24.0,20.0,ceda_agmarknet
2024-04-20,bengaluru,tomato,45,12.0,21.333333333333336,18.0,ceda_agmarknet
2024-04-21,bengaluru,tomato,8,15.0,25.0,20.0,ceda_agmarknet
2024-04-22,bengaluru,tomato,44,19.333333333333332,27.333333333333336,23.333333333333336,ceda_agmarknet
2024-04-23,bengaluru,tomato,53,19.666666666666668,25.333333333333336,23.333333333333336,ceda_agmarknet
2024-04-24,bengaluru,tomato,43,17.333333333333332,23.666666666666664,21.0,ceda_agmarknet
2024-04-25,bengaluru,tomato,9,20.0,30.0,25.0,ceda_agmarknet
2024-04-26,bengaluru,tomato,42,15.333333333333332,24.0,19.666666666666668,ceda_agmarknet
2024-04-27,bengaluru,tomato,10,20.0,33.0,25.0,ceda_agmarknet
2024-04-29,bengaluru,tomato,58,24.666666666666664,32.666666666666664,28.666666666666664,ceda_agmarknet
2024-04-30,bengaluru,tomato,50,20.666666666666664,29.333333333333336,25.0,ceda_agmarknet
2024-05-01,bengaluru,tomato,12,20.0,28.0,25.0,ceda_agmarknet
2024-05-02,bengaluru,tomato,50,20.0,27.333333333333336,24.333333333333336,ceda_agmarknet
2024-05-03,bengaluru,tomato,58,20.666666666666664,24.666666666666664,22.333333333333336,ceda_agmarknet
2024-05-04,bengaluru,tomato,60,20.0,24.666666666666664,22.666666666666664,ceda_agmarknet
2024-05-05,bengaluru,tomato,8,20.0,30.0,25.0,ceda_agmarknet
2024-05-06,bengaluru,tomato,56,20.0,24.666666666666664,22.666666666666664,ceda_agmarknet
2024-05-07,bengaluru,tomato,61,20.0,26.0,24.0,ceda_agmarknet
2024-05-08,bengaluru,tomato,57,20.0,28.666666666666664,24.333333333333336,ceda_agmarknet
2024-05-09,bengaluru,tomato,59,20.333333333333332,28.333333333333336,24.333333333333336,ceda_agmarknet
2024-05-10,bengaluru,tomato,13,15.0,25.0,20.0,ceda_agmarknet
2024-05-11,bengaluru,tomato,12,20.0,32.0,28.0,ceda_agmarknet
2024-05-12,bengaluru,tomato,8,20.0,30.0,25.0,ceda_agmarknet
2024-05-13,bengaluru,tomato,55,20.0,28.0,24.0,ceda_agmarknet
2024-05-14,bengaluru,tomato,46,18.333333333333332,27.0,22.666666666666664,ceda_agmarknet
2024-05-15,bengaluru,tomato,53,20.0,29.333333333333336,24.0,ceda_agmarknet
2024-05-16,bengaluru,tomato,49,20.0,28.666666666666664,24.333333333333336,ceda_agmarknet
2024-05-17,bengaluru,tomato,48,20.0,28.0,24.0,ceda_agmarknet
2024-05-18,bengaluru,tomato,47,20.666666666666664,29.666666666666664,24.333333333333336,ceda_agmarknet
2024-05-19,bengaluru,tomato,11,20.0,35.0,30.0,ceda_agmarknet
2024-05-20,bengaluru,tomato,48,28.0,36.0,32.0,ceda_agmarknet
2024-05-21,bengaluru,tomato,57,30.0,43.33333333333333,38.333333333333336,ceda_agmarknet
2024-05-22,bengaluru,tomato,48,30.0,38.666666666666664,33.666666666666664,ceda_agmarknet
2024-05-23,bengaluru,tomato,46,27.4,38.0,32.666666666666664,ceda_agmarknet
2024-05-24,bengaluru,tomato,49,30.0,40.0,35.333333333333336,ceda_agmarknet
2024-05-25,bengaluru,tomato,7,3.0,45.0,40.0,ceda_agmarknet
2024-05-27,bengaluru,tomato,54,33.333333333333336,48.33333333333333,40.666666666666664,ceda_agmarknet
2024-05-28,bengaluru,tomato,47,32.0,47.0,39.333333333333336,ceda_agmarknet
2024-05-29,bengaluru,tomato,50,31.666666666666664,40.0,36.0,ceda_agmarknet
2024-05-30,bengaluru,tomato,52,23.333333333333336,30.666666666666664,27.0,ceda_agmarknet
2024-05-31,bengaluru,tomato,48,23.333333333333336,35.666666666666664,30.333333333333336,ceda_agmarknet
2024-06-01,bengaluru,tomato,,22.666666666666664,35.333333333333336,30.666666666666664,ceda_agmarknet
2024-06-02,bengaluru,tomato,,25.0,35.0,30.0,ceda_agmarknet
2024-06-03,bengaluru,tomato,,36.666666666666664,44.0,40.333333333333336,ceda_agmarknet
2024-06-04,bengaluru,tomato,,33.333333333333336,44.0,40.333333333333336,ceda_agmarknet
2024-06-05,bengaluru,tomato,,30.0,42.66666666666667,38.0,ceda_agmarknet
2024-06-06,bengaluru,tomato,,40.0,47.33333333333333,43.66666666666667,ceda_agmarknet
2024-06-07,bengaluru,tomato,,33.333333333333336,42.66666666666667,38.0,ceda_agmarknet
2024-06-08,bengaluru,tomato,,40.0,50.0,45.0,ceda_agmarknet
2024-06-09,bengaluru,tomato,,40.0,50.0,45.0,ceda_agmarknet
2024-06-10,bengaluru,tomato,,40.0,47.33333333333333,43.66666666666667,ceda_agmarknet
2024-06-11,bengaluru,tomato,,38.333333333333336,46.66666666666667,43.0,ceda_agmarknet
2024-06-12,bengaluru,tomato,,38.666666666666664,53.66666666666667,46.0,ceda_agmarknet
2024-06-13,bengaluru,tomato,,46.66666666666667,63.33333333333333,55.0,ceda_agmarknet
2024-06-14,bengaluru,tomato,,40.0,56.66666666666667,48.33333333333333,ceda_agmarknet
2024-06-15,bengaluru,tomato,,40.0,56.66666666666667,48.33333333333333,ceda_agmarknet
2024-06-17,bengaluru,tomato,,56.0,72.0,60.0,ceda_agmarknet
2024-06-18,bengaluru,tomato,,60.0,75.0,67.5,ceda_agmarknet
2024-06-19,bengaluru,tomato,,67.5,75.0,71.0,ceda_agmarknet
2024-06-20,bengaluru,tomato,,57.0,70.5,65.0,ceda_agmarknet
2024-06-21,bengaluru,tomato,,50.0,62.5,57.5,ceda_agmarknet
2024-06-22,bengaluru,tomato,,60.0,75.0,70.0,ceda_agmarknet
2024-06-23,bengaluru,tomato,,60.0,70.0,65.0,ceda_agmarknet
2024-06-24,bengaluru,tomato,,47.5,57.5,52.5,ceda_agmarknet
2024-06-25,bengaluru,tomato,,46.0,62.0,53.33333333333333,ceda_agmarknet
2024-06-26,bengaluru,tomato,,45.66666666666667,53.66666666666667,49.66666666666667,ceda_agmarknet
2024-06-27,bengaluru,tomato,,42.66666666666667,50.66666666666667,46.66666666666667,ceda_agmarknet
2024-06-28,bengaluru,tomato,,43.0,51.0,47.0,ceda_agmarknet
2024-06-29,bengaluru,tomato,,41.33333333333333,51.0,47.0,ceda_agmarknet
2024-07-01,bengaluru,tomato,,40.0,48.0,44.0,ceda_agmarknet
2024-07-02,bengaluru,tomato,,40.0,48.0,45.0,ceda_agmarknet
2024-07-03,bengaluru,tomato,,36.0,43.33333333333333,39.666666666666664,ceda_agmarknet
2024-07-04,bengaluru,tomato,,33.333333333333336,48.0,40.666666666666664,ceda_agmarknet
2024-07-05,bengaluru,tomato,,36.666666666666664,44.66666666666667,40.666666666666664,ceda_agmarknet
2024-07-06,bengaluru,tomato,,33.333333333333336,48.0,40.666666666666664,ceda_agmarknet
2024-07-07,bengaluru,tomato,,35.0,45.0,40.0,ceda_agmarknet
2024-07-08,bengaluru,tomato,,32.666666666666664,42.0,38.0,ceda_agmarknet
2024-07-09,bengaluru,tomato,,33.0,42.33333333333333,37.666666666666664,ceda_agmarknet
2024-07-10,bengaluru,tomato,,33.0,43.66666666666667,39.666666666666664,ceda_agmarknet
2024-07-11,bengaluru,tomato,,34.666666666666664,45.66666666666667,41.0,ceda_agmarknet
2024-07-12,bengaluru,tomato,,32.666666666666664,43.0,40.333333333333336,ceda_agmarknet
2024-07-13,bengaluru,tomato,,40.0,50.0,45.0,ceda_agmarknet
2024-07-14,bengaluru,tomato,,40.0,60.0,50.0,ceda_agmarknet
2024-07-15,bengaluru,tomato,,46.66666666666667,58.33333333333333,54.33333333333333,ceda_agmarknet
2024-07-16,bengaluru,tomato,,40.0,55.0,47.66666666666667,ceda_agmarknet
2024-07-17,bengaluru,tomato,,50.0,65.0,60.0,ceda_agmarknet
2024-07-18,bengaluru,tomato,,46.66666666666667,55.0,51.0,ceda_agmarknet
2024-07-19,bengaluru,tomato,,40.0,55.0,47.66666666666667,ceda_agmarknet
2024-07-20,bengaluru,tomato,,40.0,55.0,47.66666666666667,ceda_agmarknet
2024-07-21,bengaluru,tomato,,40.0,55.0,50.0,ceda_agmarknet
2024-07-22,bengaluru,tomato,,33.333333333333336,48.33333333333333,41.0,ceda_agmarknet
2024-07-23,bengaluru,tomato,,35.0,42.5,39.0,ceda_agmarknet
2024-07-24,bengaluru,tomato,,33.666666666666664,42.0,38.333333333333336,ceda_agmarknet
2024-07-25,bengaluru,tomato,,33.333333333333336,41.66666666666667,37.666666666666664,ceda_agmarknet
2024-07-26,bengaluru,tomato,,26.666666666666664,35.0,31.0,ceda_agmarknet
2024-07-27,bengaluru,tomato,,20.0,28.0,24.0,ceda_agmarknet
2024-07-29,bengaluru,tomato,,20.0,28.333333333333336,24.333333333333336,ceda_agmarknet
2024-07-30,bengaluru,tomato,,20.666666666666664,26.0,24.0,ceda_agmarknet
2024-07-31,bengaluru,tomato,,16.666666666666668,25.0,21.0,ceda_agmarknet
2024-08-04,bengaluru,tomato,,10.0,20.0,15.0,ceda_agmarknet
2024-08-05,bengaluru,tomato,64,11.666666666666668,18.666666666666668,15.333333333333332,ceda_agmarknet
2024-08-06,bengaluru,tomato,58,9.333333333333334,16.666666666666668,13.0,ceda_agmarknet
2024-08-07,bengaluru,tomato,67,9.333333333333334,14.0,12.0,ceda_agmarknet
2024-08-08,bengaluru,tomato,63,9.333333333333334,14.666666666666668,12.0,ceda_agmarknet
2024-08-09,bengaluru,tomato,63,8.666666666666666,14.333333333333332,11.666666666666668,ceda_agmarknet
2024-08-10,bengaluru,tomato,16,8.0,15.0,10.0,ceda_agmarknet
2024-08-11,bengaluru,tomato,14,10.0,20.0,15.0,ceda_agmarknet
2024-08-12,bengaluru,tomato,55,11.333333333333332,18.666666666666668,15.333333333333332,ceda_agmarknet
2024-08-13,bengaluru,tomato,58,10.333333333333332,19.0,15.0,ceda_agmarknet
2024-08-14,bengaluru,tomato,59,10.0,15.666666666666668,13.0,ceda_agmarknet
2024-08-15,bengaluru,tomato,15,10.0,15.0,13.0,ceda_agmarknet
2024-08-16,bengaluru,tomato,66,9.333333333333334,14.166666666666668,12.0,ceda_agmarknet
2024-08-17,bengaluru,tomato,53,8.666666666666666,14.666666666666668,11.666666666666668,ceda_agmarknet
2024-08-18,bengaluru,tomato,18,8.0,13.0,10.0,ceda_agmarknet
2024-08-19,bengaluru,tomato,55,8.666666666666666,13.666666666666668,10.666666666666668,ceda_agmarknet
2024-08-20,bengaluru,tomato,57,9.333333333333334,12.666666666666668,10.833333333333332,ceda_agmarknet
2024-08-21,bengaluru,tomato,64,9.0,12.333333333333332,10.5,ceda_agmarknet
2024-08-22,bengaluru,tomato,57,9.0,12.5,10.5,ceda_agmarknet
2024-08-23,bengaluru,tomato,60,8.666666666666666,12.666666666666668,10.333333333333332,ceda_agmarknet
2024-08-24,bengaluru,tomato,18,7.0,13.0,10.0,ceda_agmarknet
2024-08-26,bengaluru,tomato,61,8.666666666666666,14.666666666666668,12.666666666666668,ceda_agmarknet
2024-08-27,bengaluru,tomato,62,10.5,14.5,12.5,ceda_agmarknet
2024-08-28,bengaluru,tomato,62,9.0,13.666666666666668,11.666666666666668,ceda_agmarknet
2024-08-29,bengaluru,tomato,60,10.5,16.0,14.0,ceda_agmarknet
2024-08-30,bengaluru,tomato,59,10.0,15.666666666666668,13.333333333333332,ceda_agmarknet
2024-08-31,bengaluru,tomato,60,9.0,14.666666666666668,12.333333333333332,ceda_agmarknet
2024-09-01,bengaluru,tomato,14,7.0,12.5,10.0,ceda_agmarknet
2024-09-02,bengaluru,tomato,67,9.333333333333334,15.0,12.666666666666668,ceda_agmarknet
2024-09-03,bengaluru,tomato,60,11.0,15.5,13.0,ceda_agmarknet
2024-09-04,bengaluru,tomato,63,11.333333333333332,15.166666666666668,13.0,ceda_agmarknet
2024-09-05,bengaluru,tomato,60,11.666666666666668,17.0,14.666666666666668,ceda_agmarknet
2024-09-06,bengaluru,tomato,65,12.666666666666668,18.666666666666668,16.333333333333332,ceda_agmarknet
2024-09-07,bengaluru,tomato,16,10.0,15.0,12.5,ceda_agmarknet
2024-09-08,bengaluru,tomato,3,10.0,20.0,15.0,ceda_agmarknet
2024-09-09,bengaluru,tomato,58,12.5,20.0,15.5,ceda_agmarknet
2024-09-10,bengaluru,tomato,58,12.0,18.5,14.5,ceda_agmarknet
2024-09-11,bengaluru,tomato,62,10.0,15.666666666666668,13.166666666666668,ceda_agmarknet
2024-09-12,bengaluru,tomato,59,11.666666666666668,18.666666666666668,15.0,ceda_agmarknet
2024-09-13,bengaluru,tomato,59,12.0,20.333333333333332,15.666666666666668,ceda_agmarknet
2024-09-16,bengaluru,tomato,9,20.0,30.0,25.0,ceda_agmarknet
2024-09-17,bengaluru,tomato,59,18.333333333333332,26.0,22.0,ceda_agmarknet
2024-09-18,bengaluru,tomato,58,19.333333333333332,29.333333333333336,24.666666666666664,ceda_agmarknet
2024-09-19,bengaluru,tomato,59,19.333333333333332,28.0,24.0,ceda_agmarknet
2024-09-20,bengaluru,tomato,52,19.666666666666668,28.333333333333336,24.666666666666664,ceda_agmarknet
2024-09-21,bengaluru,tomato,58,19.333333333333332,31.333333333333336,27.0,ceda_agmarknet
2024-09-22,bengaluru,tomato,11,25.0,38.0,32.0,ceda_agmarknet
2024-09-23,bengaluru,tomato,55,22.666666666666664,32.0,27.333333333333336,ceda_agmarknet
2024-09-24,bengaluru,tomato,51,23.0,33.0,27.666666666666664,ceda_agmarknet
2024-09-25,bengaluru,tomato,53,23.333333333333336,32.666666666666664,28.0,ceda_agmarknet
2024-09-26,bengaluru,tomato,57,20.0,29.333333333333336,24.666666666666664,ceda_agmarknet
2024-09-27,bengaluru,tomato,55,23.333333333333336,36.666666666666664,30.0,ceda_agmarknet
2024-09-28,bengaluru,tomato,16,30.0,40.0,35.0,ceda_agmarknet
2024-09-30,bengaluru,tomato,55,28.666666666666664,36.666666666666664,32.666666666666664,ceda_agmarknet
2024-10-01,bengaluru,tomato,54,28.0,37.5,34.0,ceda_agmarknet
2024-10-02,bengaluru,tomato,9,40.0,50.0,45.0,ceda_agmarknet
2024-10-03,bengaluru,tomato,15,45.0,65.0,57.5,ceda_agmarknet
2024-10-04,bengaluru,tomato,46,45.0,57.5,51.0,ceda_agmarknet
2024-10-05,bengaluru,tomato,49,55.0,72.5,65.0,ceda_agmarknet
2024-10-06,bengaluru,tomato,9,40.0,55.0,50.0,ceda_agmarknet
2024-10-07,bengaluru,tomato,52,36.666666666666664,54.0,46.66666666666667,ceda_agmarknet
2024-10-08,bengaluru,tomato,50,36.666666666666664,50.0,43.33333333333333,ceda_agmarknet
2024-10-09,bengaluru,tomato,41,35.0,45.0,40.0,ceda_agmarknet
2024-10-10,bengaluru,tomato,47,32.5,42.5,37.5,ceda_agmarknet
2024-10-14,bengaluru,tomato,50,30.0,41.66666666666667,37.0,ceda_agmarknet
2024-10-15,bengaluru,tomato,49,24.5,43.33333333333333,39.333333333333336,ceda_agmarknet
2024-10-16,bengaluru,tomato,33,40.0,50.0,45.0,ceda_agmarknet
2024-10-17,bengaluru,tomato,8,40.0,50.0,46.0,ceda_agmarknet
2024-10-18,bengaluru,tomato,40,45.0,55.0,50.0,ceda_agmarknet
2024-10-19,bengaluru,tomato,57,45.0,55.0,50.0,ceda_agmarknet
2024-10-20,bengaluru,tomato,8,30.0,40.0,36.0,ceda_agmarknet
2024-10-21,bengaluru,tomato,45,27.5,40.0,35.0,ceda_agmarknet
2024-10-22,bengaluru,tomato,42,29.0,41.0,36.666666666666664,ceda_agmarknet
2024-10-23,bengaluru,tomato,50,29.333333333333336,42.0,37.0,ceda_agmarknet
2024-10-24,bengaluru,tomato,45,34.5,42.5,39.0,ceda_agmarknet
2024-10-25,bengaluru,tomato,47,35.0,43.0,39.0,ceda_agmarknet
2024-10-26,bengaluru,tomato,9,40.0,55.0,50.0,ceda_agmarknet
2024-10-28,bengaluru,tomato,56,27.0,33.5,30.5,ceda_agmarknet
2024-10-29,bengaluru,tomato,54,21.5,30.5,26.0,ceda_agmarknet
2024-10-30,bengaluru,tomato,40,21.5,28.0,25.0,ceda_agmarknet
2024-11-01,bengaluru,tomato,11,15.0,25.0,20.0,ceda_agmarknet
2024-11-02,bengaluru,tomato,4,25.0,35.0,30.0,ceda_agmarknet
2024-11-03,bengaluru,tomato,8,25.0,35.0,30.0,ceda_agmarknet
2024-11-04,bengaluru,tomato,52,18.0,27.0,22.5,ceda_agmarknet
2024-11-05,bengaluru,tomato,53,18.5,27.5,23.0,ceda_agmarknet
2024-11-06,bengaluru,tomato,50,16.5,25.5,21.0,ceda_agmarknet
2024-11-07,bengaluru,tomato,51,16.0,24.5,20.5,ceda_agmarknet
2024-11-08,bengaluru,tomato,56,15.666666666666668,24.666666666666664,20.333333333333332,ceda_agmarknet
2024-11-09,bengaluru,tomato,13,14.0,25.0,20.0,ceda_agmarknet
2024-11-10,bengaluru,tomato,11,16.0,25.0,20.0,ceda_agmarknet
2024-11-11,bengaluru,tomato,56,12.333333333333332,21.666666666666664,17.0,ceda_agmarknet
2024-11-12,bengaluru,tomato,51,12.0,21.333333333333336,17.333333333333332,ceda_agmarknet
2024-11-13,bengaluru,tomato,50,12.666666666666668,23.333333333333336,20.333333333333332,ceda_agmarknet
2024-11-14,bengaluru,tomato,52,15.666666666666668,21.0,19.333333333333332,ceda_agmarknet
2024-11-15,bengaluru,tomato,44,14.0,21.333333333333336,19.0,ceda_agmarknet
2024-11-16,bengaluru,tomato,49,16.0,25.333333333333336,20.666666666666664,ceda_agmarknet
2024-11-18,bengaluru,tomato,11,10.0,20.0,15.0,ceda_agmarknet
2024-11-19,bengaluru,tomato,52,19.333333333333332,28.666666666666664,24.0,ceda_agmarknet
2024-11-20,bengaluru,tomato,55,18.666666666666668,26.0,22.333333333333336,ceda_agmarknet
2024-11-21,bengaluru,tomato,13,20.0,30.0,25.0,ceda_agmarknet
2024-11-26,bengaluru,tomato,12,20.0,35.0,30.0,ceda_agmarknet
2024-11-27,bengaluru,tomato,9,30.0,40.0,35.0,ceda_agmarknet
2024-11-28,bengaluru,tomato,9,30.0,40.0,36.0,ceda_agmarknet
2024-12-02,bengaluru,tomato,10,30.0,40.0,35.0,ceda_agmarknet
2024-12-03,bengaluru,tomato,3,30.0,50.0,40.0,ceda_agmarknet
2024-12-04,bengaluru,tomato,9,35.0,45.0,40.0,ceda_agmarknet
2024-12-05,bengaluru,tomato,9,30.0,40.0,36.0,ceda_agmarknet
2024-12-06,bengaluru,tomato,8,35.0,45.0,40.0,ceda_agmarknet
2024-12-07,bengaluru,tomato,9,40.0,50.0,45.0,ceda_agmarknet
2024-12-08,bengaluru,tomato,14,30.0,40.0,36.0,ceda_agmarknet
2024-12-09,bengaluru,tomato,18,15.0,25.0,20.0,ceda_agmarknet
2024-12-10,bengaluru,tomato,17,15.0,25.0,20.0,ceda_agmarknet
2024-12-12,bengaluru,tomato,14,10.0,20.0,16.0,ceda_agmarknet
2024-12-13,bengaluru,tomato,57,10.666666666666668,18.666666666666668,14.666666666666668,ceda_agmarknet
2024-12-16,bengaluru,tomato,46,,,,ceda_agmarknet
2024-12-17,bengaluru,tomato,40,,,,ceda_agmarknet
2024-12-18,bengaluru,tomato,40,,,,ceda_agmarknet
2024-12-19,bengaluru,tomato,42,,,,ceda_agmarknet
2024-12-20,bengaluru,tomato,49,,,,ceda_agmarknet
2024-12-21,bengaluru,tomato,49,,,,ceda_agmarknet
2024-12-22,bengaluru,tomato,9,,,,ceda_agmarknet
2024-12-23,bengaluru,tomato,48,,,,ceda_agmarknet
2024-12-24,bengaluru,tomato,44,16.0,23.0,18.5,ceda_agmarknet
2024-12-25,bengaluru,tomato,8,10.0,18.0,15.0,ceda_agmarknet
2024-12-26,bengaluru,tomato,11,10.0,17.0,15.0,ceda_agmarknet
2024-12-27,bengaluru,tomato,10,10.0,18.0,15.0,ceda_agmarknet
2024-12-28,bengaluru,tomato,10,12.0,17.5,15.0,ceda_agmarknet
2024-12-30,bengaluru,tomato,9,10.0,16.0,14.0,ceda_agmarknet
2024-12-31,bengaluru,tomato,11,8.0,14.0,10.0,ceda_agmarknet
2025-01-01,bengaluru,tomato,53,10.666666666666668,16.0,13.333333333333332,ceda_agmarknet
2025-01-02,bengaluru,tomato,57,9.333333333333334,16.666666666666668,12.666666666666668,ceda_agmarknet
2025-01-03,bengaluru,tomato,50,10.0,14.5,12.0,ceda_agmarknet
2025-01-04,bengaluru,tomato,51,10.0,15.5,12.5,ceda_agmarknet
2025-01-05,bengaluru,tomato,8,8.0,13.0,10.0,ceda_agmarknet
2025-01-06,bengaluru,tomato,49,10.5,16.0,13.0,ceda_agmarknet
2025-01-07,bengaluru,tomato,51,10.5,15.75,13.0,ceda_agmarknet
2025-01-08,bengaluru,tomato,54,10.0,15.5,12.0,ceda_agmarknet
2025-01-09,bengaluru,tomato,46,10.0,15.5,13.5,ceda_agmarknet
2025-01-10,bengaluru,tomato,56,10.0,15.5,13.5,ceda_agmarknet
2025-01-11,bengaluru,tomato,11,10.0,14.0,12.0,ceda_agmarknet
2025-01-12,bengaluru,tomato,10,10.0,17.0,15.0,ceda_agmarknet
2025-01-13,bengaluru,tomato,58,8.5,14.0,11.0,ceda_agmarknet
2025-01-14,bengaluru,tomato,11,10.0,16.0,13.0,ceda_agmarknet
2025-01-15,bengaluru,tomato,37,10.0,13.5,11.5,ceda_agmarknet
2025-01-16,bengaluru,tomato,43,10.0,15.333333333333332,13.0,ceda_agmarknet
2025-01-17,bengaluru,tomato,52,9.333333333333334,13.333333333333332,11.0,ceda_agmarknet
2025-01-18,bengaluru,tomato,52,9.0,13.0,10.5,ceda_agmarknet
2025-01-19,bengaluru,tomato,11,8.0,13.0,10.0,ceda_agmarknet
2025-01-20,bengaluru,tomato,45,11.0,14.5,13.0,ceda_agmarknet
2025-01-21,bengaluru,tomato,61,10.0,13.5,12.0,ceda_agmarknet
2025-01-22,bengaluru,tomato,59,10.0,13.0,11.5,ceda_agmarknet
2025-01-23,bengaluru,tomato,50,10.0,14.5,12.5,ceda_agmarknet
2025-01-24,bengaluru,tomato,54,10.0,14.0,12.333333333333332,ceda_agmarknet
2025-01-25,bengaluru,tomato,14,12.0,18.0,15.0,ceda_agmarknet
2025-01-27,bengaluru,tomato,58,10.0,15.0,12.333333333333332,ceda_agmarknet
2025-01-28,bengaluru,tomato,53,10.0,15.5,12.5,ceda_agmarknet
2025-01-29,bengaluru,tomato,56,10.0,15.0,12.5,ceda_agmarknet
2025-01-30,bengaluru,tomato,52,11.0,15.0,13.5,ceda_agmarknet
2025-01-31,bengaluru,tomato,54,13.333333333333332,17.333333333333332,15.666666666666668,ceda_agmarknet
2025-02-01,bengaluru,tomato,59,12.666666666666668,16.0,14.333333333333332,ceda_agmarknet
2025-02-02,bengaluru,tomato,12,10.0,18.0,14.0,ceda_agmarknet
2025-02-03,bengaluru,tomato,56,10.0,14.5,13.0,ceda_agmarknet
2025-02-04,bengaluru,tomato,61,10.666666666666668,17.333333333333332,14.0,ceda_agmarknet
2025-02-05,bengaluru,tomato,56,10.666666666666668,17.333333333333332,14.0,ceda_agmarknet
2025-02-06,bengaluru,tomato,54,12.0,17.0,14.5,ceda_agmarknet
2025-02-07,bengaluru,tomato,51,12.0,17.0,14.5,ceda_agmarknet
2025-02-08,bengaluru,tomato,12,10.0,17.5,15.0,ceda_agmarknet
2025-02-10,bengaluru,tomato,47,13.333333333333332,18.666666666666668,16.666666666666668,ceda_agmarknet
2025-02-11,bengaluru,tomato,56,13.0,18.333333333333332,16.666666666666668,ceda_agmarknet
2025-02-12,bengaluru,tomato,64,12.0,18.666666666666668,15.666666666666668,ceda_agmarknet
2025-02-13,bengaluru,tomato,66,12.5,17.0,15.25,ceda_agmarknet
2025-02-14,bengaluru,tomato,55,12.0,16.666666666666668,14.0,ceda_agmarknet
2025-02-15,bengaluru,tomato,51,12.0,16.0,14.0,ceda_agmarknet
2025-02-16,bengaluru,tomato,10,13.0,18.0,15.0,ceda_agmarknet
2025-02-17,bengaluru,tomato,52,11.666666666666668,17.333333333333332,15.333333333333332,ceda_agmarknet
2025-02-18,bengaluru,tomato,59,14.666666666666668,20.5,18.0,ceda_agmarknet
2025-02-19,bengaluru,tomato,54,12.0,17.0,15.0,ceda_agmarknet
2025-02-20,bengaluru,tomato,57,10.0,14.0,11.5,ceda_agmarknet
2025-02-21,bengaluru,tomato,59,9.333333333333334,13.666666666666668,11.0,ceda_agmarknet
2025-02-22,bengaluru,tomato,13,8.0,13.0,10.0,ceda_agmarknet
2025-02-24,bengaluru,tomato,57,9.0,12.25,10.5,ceda_agmarknet
2025-02-25,bengaluru,tomato,61,9.0,12.0,10.5,ceda_agmarknet
2025-02-26,bengaluru,tomato,13,8.0,12.0,10.0,ceda_agmarknet
2025-02-27,bengaluru,tomato,52,7.5,9.5,8.5,ceda_agmarknet
2025-02-28,bengaluru,tomato,46,7.333333333333334,10.666666666666668,9.0,ceda_agmarknet
2025-03-01,bengaluru,tomato,56,8.0,11.0,9.5,ceda_agmarknet
2025-03-02,bengaluru,tomato,11,6.0,10.0,8.0,ceda_agmarknet
2025-03-03,bengaluru,tomato,52,6.5,10.0,8.5,ceda_agmarknet
2025-03-04,bengaluru,tomato,44,8.0,10.0,9.0,ceda_agmarknet
2025-03-05,bengaluru,tomato,44,9.0,12.0,11.0,ceda_agmarknet
2025-03-12,bengaluru,tomato,47,10.0,12.0,11.0,ceda_agmarknet
2025-03-13,bengaluru,tomato,56,7.5,9.5,8.5,ceda_agmarknet
2025-03-14,bengaluru,tomato,57,8.0,10.0,9.0,ceda_agmarknet
2025-03-15,bengaluru,tomato,54,8.0,10.0,9.0,ceda_agmarknet
2025-03-16,bengaluru,tomato,14,4.0,6.0,5.0,ceda_agmarknet
2025-03-17,bengaluru,tomato,51,9.5,12.5,11.0,ceda_agmarknet
2025-03-18,bengaluru,tomato,50,8.5,11.5,10.0,ceda_agmarknet
2025-03-19,bengaluru,tomato,51,9.0,12.0,10.5,ceda_agmarknet
2025-03-20,bengaluru,tomato,53,8.5,12.0,10.5,ceda_agmarknet
2025-03-21,bengaluru,tomato,61,7.0,10.0,8.5,ceda_agmarknet
2025-03-22,bengaluru,tomato,20,4.0,6.0,5.0,ceda_agmarknet
2025-03-23,bengaluru,tomato,14,4.0,6.0,5.0,ceda_agmarknet
2025-03-24,bengaluru,tomato,52,7.5,11.0,9.0,ceda_agmarknet
2025-03-25,bengaluru,tomato,50,7.5,11.0,9.25,ceda_agmarknet
2025-03-26,bengaluru,tomato,57,7.5,10.0,8.5,ceda_agmarknet
2025-03-27,bengaluru,tomato,59,8.0,10.5,9.0,ceda_agmarknet
2025-03-28,bengaluru,tomato,56,8.0,10.0,8.75,ceda_agmarknet
2025-03-29,bengaluru,tomato,56,7.5,9.5,8.5,ceda_agmarknet
2025-03-31,bengaluru,tomato,3,5.0,8.0,6.0,ceda_agmarknet
2025-04-03,bengaluru,tomato,8,4.0,6.0,5.0,ceda_agmarknet
2025-04-04,bengaluru,tomato,62,8.0,10.0,9.0,ceda_agmarknet
2025-04-05,bengaluru,tomato,51,8.5,11.0,9.5,ceda_agmarknet
2025-04-06,bengaluru,tomato,15,5.0,8.0,6.0,ceda_agmarknet
2025-04-07,bengaluru,tomato,38,16.5,22.0,19.0,ceda_agmarknet
2025-04-08,bengaluru,tomato,57,9.0,12.0,10.5,ceda_agmarknet
2025-04-09,bengaluru,tomato,53,8.0,11.0,9.5,ceda_agmarknet
2025-04-10,bengaluru,tomato,12,6.0,10.0,8.0,ceda_agmarknet
2025-04-11,bengaluru,tomato,55,7.5,11.0,9.5,ceda_agmarknet
2025-04-12,bengaluru,tomato,13,5.0,10.0,8.0,ceda_agmarknet
2025-04-13,bengaluru,tomato,11,8.0,13.0,10.0,ceda_agmarknet
2025-04-14,bengaluru,tomato,9,10.0,14.0,12.0,ceda_agmarknet
2025-04-15,bengaluru,tomato,49,10.0,13.0,11.5,ceda_agmarknet
2025-04-16,bengaluru,tomato,36,9.0,12.0,10.5,ceda_agmarknet
2025-04-17,bengaluru,tomato,50,7.0,10.0,8.5,ceda_agmarknet
2025-04-18,bengaluru,tomato,11,8.0,13.0,10.0,ceda_agmarknet
2025-04-19,bengaluru,tomato,53,9.0,13.0,11.0,ceda_agmarknet
2025-04-20,bengaluru,tomato,8,10.0,16.0,14.0,ceda_agmarknet
2025-04-21,bengaluru,tomato,54,9.5,13.5,12.0,ceda_agmarknet
2025-04-22,bengaluru,tomato,54,9.5,14.0,12.5,ceda_agmarknet
2025-04-23,bengaluru,tomato,56,8.5,13.5,11.5,ceda_agmarknet
2025-04-24,bengaluru,tomato,50,8.5,13.0,11.5,ceda_agmarknet
2025-04-25,bengaluru,tomato,51,8.5,12.0,10.5,ceda_agmarknet
2025-04-26,bengaluru,tomato,12,8.0,13.0,11.0,ceda_agmarknet
2025-04-28,bengaluru,tomato,51,8.0,11.5,9.5,ceda_agmarknet
2025-04-29,bengaluru,tomato,55,8.0,11.5,10.0,ceda_agmarknet
2025-04-30,bengaluru,tomato,11,8.0,13.0,10.0,ceda_agmarknet
2025-05-01,bengaluru,tomato,11,8.0,13.0,10.0,ceda_agmarknet
2025-05-02,bengaluru,tomato,44,9.5,12.0,10.5,ceda_agmarknet
2025-05-03,bengaluru,tomato,54,9.5,11.75,10.5,ceda_agmarknet
2025-05-04,bengaluru,tomato,11,8.0,13.0,10.0,ceda_agmarknet
2025-05-05,bengaluru,tomato,11,8.0,12.5,10.0,ceda_agmarknet
2025-05-06,bengaluru,tomato,11,9.0,14.0,11.0,ceda_agmarknet
2025-05-07,bengaluru,tomato,8,10.0,15.0,12.0,ceda_agmarknet
2025-05-08,bengaluru,tomato,11,10.0,14.0,12.0,ceda_agmarknet
2025-05-09,bengaluru,tomato,12,8.0,12.0,10.0,ceda_agmarknet
2025-05-10,bengaluru,tomato,15,8.0,12.0,10.0,ceda_agmarknet
2025-05-11,bengaluru,tomato,16,8.0,12.5,10.0,ceda_agmarknet
2025-05-12,bengaluru,tomato,46,10.5,14.5,13.0,ceda_agmarknet
2025-05-13,bengaluru,tomato,49,11.5,14.5,13.0,ceda_agmarknet
2025-05-14,bengaluru,tomato,52,10.5,14.5,13.0,ceda_agmarknet
2025-05-15,bengaluru,tomato,50,10.0,12.5,11.25,ceda_agmarknet
2025-05-16,bengaluru,tomato,53,10.0,13.5,11.5,ceda_agmarknet
2025-05-17,bengaluru,tomato,53,9.0,12.5,10.5,ceda_agmarknet
2025-05-18,bengaluru,tomato,8,10.0,16.0,14.0,ceda_agmarknet
2025-05-19,bengaluru,tomato,48,12.0,16.0,14.5,ceda_agmarknet
2025-05-20,bengaluru,tomato,49,12.0,16.0,14.5,ceda_agmarknet
2025-05-21,bengaluru,tomato,53,12.5,16.5,14.5,ceda_agmarknet
2025-05-22,bengaluru,tomato,55,13.0,17.0,15.5,ceda_agmarknet
2025-05-23,bengaluru,tomato,56,13.0,16.5,15.0,ceda_agmarknet
2025-05-24,bengaluru,tomato,9,10.0,15.0,13.0,ceda_agmarknet
2025-05-26,bengaluru,tomato,50,12.0,16.0,14.5,ceda_agmarknet
2025-05-27,bengaluru,tomato,52,12.0,16.0,14.0,ceda_agmarknet
2025-05-28,bengaluru,tomato,49,11.5,15.0,13.5,ceda_agmarknet
2025-05-29,bengaluru,tomato,50,11.5,15.0,13.0,ceda_agmarknet
2025-05-30,bengaluru,tomato,52,11.0,14.5,12.5,ceda_agmarknet
2025-05-31,bengaluru,tomato,56,11.5,14.75,13.0,ceda_agmarknet
2025-06-01,bengaluru,tomato,9,8.0,13.0,10.0,ceda_agmarknet
2025-06-02,bengaluru,tomato,49,12.0,16.25,14.0,ceda_agmarknet
2025-06-03,bengaluru,tomato,53,13.0,16.5,15.0,ceda_agmarknet
2025-06-04,bengaluru,tomato,53,13.0,17.5,15.5,ceda_agmarknet
2025-06-05,bengaluru,tomato,47,15.0,18.5,17.0,ceda_agmarknet
2025-06-06,bengaluru,tomato,53,14.5,18.0,16.5,ceda_agmarknet
2025-06-07,bengaluru,tomato,9,14.0,20.0,17.0,ceda_agmarknet
2025-06-08,bengaluru,tomato,8,14.0,20.0,18.0,ceda_agmarknet
2025-06-09,bengaluru,tomato,47,16.0,21.0,18.0,ceda_agmarknet
2025-06-10,bengaluru,tomato,12,15.0,20.0,18.0,ceda_agmarknet
2025-06-11,bengaluru,tomato,50,16.5,23.5,20.0,ceda_agmarknet
2025-06-12,bengaluru,tomato,53,19.0,26.0,22.5,ceda_agmarknet
2025-06-13,bengaluru,tomato,64,14.5,21.5,18.0,ceda_agmarknet
2025-06-14,bengaluru,tomato,11,14.0,20.0,18.0,ceda_agmarknet
2025-06-15,bengaluru,tomato,11,14.0,20.0,17.0,ceda_agmarknet
2025-06-16,bengaluru,tomato,56,14.0,19.5,17.0,ceda_agmarknet
2025-06-17,bengaluru,tomato,57,13.5,19.0,17.0,ceda_agmarknet
2025-06-18,bengaluru,tomato,49,13.5,18.5,15.5,ceda_agmarknet
2025-06-19,bengaluru,tomato,60,13.0,16.0,14.5,ceda_agmarknet
2025-06-20,bengaluru,tomato,59,14.5,18.5,16.0,ceda_agmarknet
2025-06-21,bengaluru,tomato,57,15.0,19.0,16.5,ceda_agmarknet
2025-06-22,bengaluru,tomato,11,14.0,20.0,18.0,ceda_agmarknet
2025-06-23,bengaluru,tomato,50,16.0,19.5,17.5,ceda_agmarknet
2025-06-24,bengaluru,tomato,56,15.5,19.0,17.0,ceda_agmarknet
2025-06-25,bengaluru,tomato,46,17.0,20.5,19.0,ceda_agmarknet
2025-06-26,bengaluru,tomato,40,16.5,20.5,19.0,ceda_agmarknet
2025-06-27,bengaluru,tomato,51,16.0,19.5,17.5,ceda_agmarknet
2025-06-28,bengaluru,tomato,12,15.0,23.0,20.0,ceda_agmarknet
2025-06-30,bengaluru,tomato,58,14.0,22.5,18.5,ceda_agmarknet
2022-01-01,doddaballapura,tomato,1,30.0,40.0,35.0,ceda_agmarknet
2022-01-03,doddaballapura,tomato,1,25.0,30.0,28.0,ceda_agmarknet
2022-01-04,doddaballapura,tomato,1,25.0,30.0,28.0,ceda_agmarknet
2022-01-05,doddaballapura,tomato,1,25.0,30.0,28.0,ceda_agmarknet
2022-01-06,doddaballapura,tomato,1,25.0,30.0,28.0,ceda_agmarknet
2022-01-07,doddaballapura,tomato,1,25.0,30.0,28.0,ceda_agmarknet
2022-01-10,doddaballapura,tomato,1,25.0,30.0,28.0,ceda_agmarknet
2022-01-11,doddaballapura,tomato,1,25.0,30.0,28.0,ceda_agmarknet
2022-01-12,doddaballapura,tomato,1,25.0,30.0,28.0,ceda_agmarknet
2022-01-13,doddaballapura,tomato,1,25.0,30.0,28.0,ceda_agmarknet
2022-01-14,doddaballapura,tomato,1,20.0,25.0,23.0,ceda_agmarknet
2022-01-17,doddaballapura,tomato,1,20.0,25.0,22.0,ceda_agmarknet
2022-01-18,doddaballapura,tomato,1,20.0,25.0,22.0,ceda_agmarknet
2022-01-19,doddaballapura,tomato,1,15.0,25.0,20.0,ceda_agmarknet
2022-01-20,doddaballapura,tomato,1,15.0,20.0,17.0,ceda_agmarknet
2022-01-21,doddaballapura,tomato,1,12.0,20.0,15.0,ceda_agmarknet
2022-01-24,doddaballapura,tomato,1,12.0,20.0,15.0,ceda_agmarknet
2022-01-25,doddaballapura,tomato,1,12.0,20.0,15.0,ceda_agmarknet
2022-01-27,doddaballapura,tomato,1,12.0,20.0,15.0,ceda_agmarknet
2022-01-28,doddaballapura,tomato,1,12.0,20.0,15.0,ceda_agmarknet
2022-01-29,doddaballapura,tomato,1,12.0,20.0,15.0,ceda_agmarknet
2022-01-31,doddaballapura,tomato,1,12.0,20.0,15.0,ceda_agmarknet
2022-02-01,doddaballapura,tomato,1,12.0,20.0,15.0,ceda_agmarknet
2022-02-02,doddaballapura,tomato,1,12.0,20.0,15.0,ceda_agmarknet
2022-02-03,doddaballapura,tomato,1,12.0,20.0,15.0,ceda_agmarknet
2022-02-04,doddaballapura,tomato,1,12.0,20.0,15.0,ceda_agmarknet
2022-02-05,doddaballapura,tomato,1,12.0,20.0,15.0,ceda_agmarknet
2022-02-07,doddaballapura,tomato,1,8.0,16.0,12.0,ceda_agmarknet
2022-02-08,doddaballapura,tomato,1,8.0,16.0,12.0,ceda_agmarknet
2022-02-09,doddaballapura,tomato,1,8.0,16.0,12.0,ceda_agmarknet
2022-02-10,doddaballapura,tomato,1,8.0,16.0,12.0,ceda_agmarknet
2022-02-11,doddaballapura,tomato,1,8.0,14.0,12.0,ceda_agmarknet
2022-02-14,doddaballapura,tomato,1,8.0,14.0,10.0,ceda_agmarknet
2022-02-15,doddaballapura,tomato,1,8.0,14.0,10.0,ceda_agmarknet
2022-02-16,doddaballapura,tomato,1,8.0,14.0,12.0,ceda_agmarknet
2022-02-17,doddaballapura,tomato,1,8.0,14.0,10.0,ceda_agmarknet
2022-02-18,doddaballapura,tomato,1,8.0,14.0,10.0,ceda_agmarknet
2022-02-19,doddaballapura,tomato,1,8.0,14.0,10.0,ceda_agmarknet
2022-02-21,doddaballapura,tomato,1,8.0,14.0,10.0,ceda_agmarknet
2022-02-22,doddaballapura,tomato,1,8.0,12.0,10.0,ceda_agmarknet
2022-02-24,doddaballapura,tomato,1,8.0,12.0,10.0,ceda_agmarknet
2022-02-25,doddaballapura,tomato,1,8.0,14.0,10.0,ceda_agmarknet
2022-02-28,doddaballapura,tomato,1,8.0,12.0,10.0,ceda_agmarknet
2022-03-02,doddaballapura,tomato,1,8.0,12.0,10.0,ceda_agmarknet
2022-03-03,doddaballapura,tomato,1,8.0,12.0,10.0,ceda_agmarknet
2022-03-04,doddaballapura,tomato,1,8.0,12.0,10.0,ceda_agmarknet
2022-03-05,doddaballapura,tomato,1,8.0,12.0,10.0,ceda_agmarknet
2022-03-07,doddaballapura,tomato,1,7.0,12.0,10.0,ceda_agmarknet
2022-03-08,doddaballapura,tomato,1,8.0,12.0,10.0,ceda_agmarknet
2022-03-09,doddaballapura,tomato,1,7.0,10.0,8.0,ceda_agmarknet
2022-03-10,doddaballapura,tomato,2,7.0,10.0,8.0,ceda_agmarknet
2022-03-11,doddaballapura,tomato,1,8.0,12.0,10.0,ceda_agmarknet
2022-03-14,doddaballapura,tomato,1,7.0,10.0,8.5,ceda_agmarknet
2022-03-15,doddaballapura,tomato,1,7.0,10.0,8.0,ceda_agmarknet
2022-03-16,doddaballapura,tomato,1,7.0,10.0,8.5,ceda_agmarknet
2022-03-17,doddaballapura,tomato,1,7.0,10.0,8.0,ceda_agmarknet
2022-03-18,doddaballapura,tomato,1,7.0,10.0,8.5,ceda_agmarknet
2022-03-19,doddaballapura,tomato,1,7.0,10.0,8.0,ceda_agmarknet
2022-03-21,doddaballapura,tomato,1,8.0,12.0,10.0,ceda_agmarknet
2022-03-22,doddaballapura,tomato,1,8.0,12.0,10.0,ceda_agmarknet
2022-03-23,doddaballapura,tomato,1,6.0,10.0,8.0,ceda_agmarknet
2022-03-24,doddaballapura,tomato,1,6.0,9.0,7.5,ceda_agmarknet
2022-03-25,doddaballapura,tomato,1,6.0,10.0,8.0,ceda_agmarknet
2022-03-28,doddaballapura,tomato,1,6.0,8.0,7.0,ceda_agmarknet
2022-03-29,doddaballapura,tomato,1,6.0,8.0,7.0,ceda_agmarknet
2022-03-31,doddaballapura,tomato,1,6.0,8.0,7.0,ceda_agmarknet
2022-04-01,doddaballapura,tomato,1,6.0,8.0,7.0,ceda_agmarknet
2022-04-04,doddaballapura,tomato,1,6.0,8.0,7.0,ceda_agmarknet
2022-04-05,doddaballapura,tomato,1,6.0,8.0,7.0,ceda_agmarknet
2022-04-06,doddaballapura,tomato,1,6.0,8.0,7.0,ceda_agmarknet
2022-04-07,doddaballapura,tomato,1,6.0,8.0,7.0,ceda_agmarknet
2022-04-08,doddaballapura,tomato,1,6.0,8.0,7.0,ceda_agmarknet
2022-04-11,doddaballapura,tomato,1,6.0,8.0,7.0,ceda_agmarknet
2022-04-12,doddaballapura,tomato,1,6.0,10.0,8.0,ceda_agmarknet
2022-04-13,doddaballapura,tomato,1,6.0,10.0,8.0,ceda_agmarknet
2022-04-16,doddaballapura,tomato,1,6.0,8.0,7.0,ceda_agmarknet
2022-04-18,doddaballapura,tomato,1,6.0,10.0,8.0,ceda_agmarknet
2022-04-19,doddaballapura,tomato,1,6.0,10.0,8.0,ceda_agmarknet
2022-04-20,doddaballapura,tomato,1,10.0,16.0,12.0,ceda_agmarknet
2022-04-21,doddaballapura,tomato,1,15.0,22.0,17.0,ceda_agmarknet
2022-04-22,doddaballapura,tomato,1,12.0,20.0,16.0,ceda_agmarknet
2022-04-25,doddaballapura,tomato,1,10.0,18.0,14.0,ceda_agmarknet
2022-04-26,doddaballapura,tomato,1,10.0,16.0,13.0,ceda_agmarknet
2022-04-28,doddaballapura,tomato,1,15.0,20.0,17.0,ceda_agmarknet
2022-04-29,doddaballapura,tomato,1,15.0,20.0,17.0,ceda_agmarknet
2022-04-30,doddaballapura,tomato,1,15.0,20.0,17.0,ceda_agmarknet
2022-05-04,doddaballapura,tomato,1,15.0,20.0,17.0,ceda_agmarknet
2022-05-05,doddaballapura,tomato,1,15.0,20.0,17.0,ceda_agmarknet
2022-05-06,doddaballapura,tomato,1,15.0,22.0,18.0,ceda_agmarknet
2022-05-07,doddaballapura,tomato,1,20.0,30.0,26.0,ceda_agmarknet
2022-05-09,doddaballapura,tomato,1,15.0,20.0,17.0,ceda_agmarknet
2022-05-10,doddaballapura,tomato,1,20.0,30.0,26.0,ceda_agmarknet
2022-05-11,doddaballapura,tomato,1,15.0,25.0,20.0,ceda_agmarknet
2022-05-12,doddaballapura,tomato,1,15.0,25.0,20.0,ceda_agmarknet
2022-05-13,doddaballapura,tomato,1,25.0,35.0,30.0,ceda_agmarknet
2022-05-16,doddaballapura,tomato,1,25.0,35.0,30.0,ceda_agmarknet
2022-05-17,doddaballapura,tomato,1,30.0,40.0,35.0,ceda_agmarknet
2022-05-18,doddaballapura,tomato,1,30.0,40.0,35.0,ceda_agmarknet
2022-05-19,doddaballapura,tomato,1,25.0,35.0,30.0,ceda_agmarknet
2022-05-20,doddaballapura,tomato,1,50.0,60.0,55.0,ceda_agmarknet
2022-05-21,doddaballapura,tomato,1,50.0,60.0,55.0,ceda_agmarknet
2022-05-23,doddaballapura,tomato,1,50.0,60.0,55.0,ceda_agmarknet
2022-05-24,doddaballapura,tomato,1,50.0,60.0,55.0,ceda_agmarknet
2022-05-26,doddaballapura,tomato,1,40.0,50.0,45.0,ceda_agmarknet
2022-05-27,doddaballapura,tomato,1,50.0,70.0,60.0,ceda_agmarknet
2022-05-30,doddaballapura,tomato,1,50.0,70.0,60.0,ceda_agmarknet
2022-05-31,doddaballapura,tomato,1,60.0,70.0,65.0,ceda_agmarknet
2022-06-01,doddaballapura,tomato,1,30.0,40.0,35.0,ceda_agmarknet
2022-06-02,doddaballapura,tomato,1,30.0,40.0,35.0,ceda_agmarknet
2022-06-03,doddaballapura,tomato,1,30.0,40.0,35.0,ceda_agmarknet
2022-06-04,doddaballapura,tomato,1,30.0,40.0,35.0,ceda_agmarknet
2022-06-06,doddaballapura,tomato,1,30.0,40.0,35.0,ceda_agmarknet
2022-06-07,doddaballapura,tomato,1,40.0,60.0,50.0,ceda_agmarknet
2022-06-08,doddaballapura,tomato,1,40.0,60.0,50.0,ceda_agmarknet
2022-06-09,doddaballapura,tomato,1,40.0,55.0,50.0,ceda_agmarknet
2022-06-10,doddaballapura,tomato,1,40.0,50.0,45.0,ceda_agmarknet
2022-06-13,doddaballapura,tomato,1,40.0,50.0,45.0,ceda_agmarknet
2022-06-14,doddaballapura,tomato,1,40.0,50.0,45.0,ceda_agmarknet
2022-06-15,doddaballapura,tomato,1,40.0,50.0,45.0,ceda_agmarknet
2022-06-16,doddaballapura,tomato,1,40.0,50.0,45.0,ceda_agmarknet
2022-06-18,doddaballapura,tomato,1,40.0,50.0,45.0,ceda_agmarknet
2022-06-20,doddaballapura,tomato,1,25.0,35.0,30.0,ceda_agmarknet
2022-06-21,doddaballapura,tomato,1,25.0,35.0,30.0,ceda_agmarknet
2022-06-22,doddaballapura,tomato,1,25.0,35.0,30.0,ceda_agmarknet
2022-06-23,doddaballapura,tomato,1,20.0,30.0,25.0,ceda_agmarknet
2022-06-24,doddaballapura,tomato,1,20.0,30.0,25.0,ceda_agmarknet
2022-06-27,doddaballapura,tomato,1,20.0,30.0,25.0,ceda_agmarknet
2022-06-28,doddaballapura,tomato,1,15.0,25.0,20.0,ceda_agmarknet
2022-06-30,doddaballapura,tomato,1,15.0,25.0,20.0,ceda_agmarknet
2022-07-04,doddaballapura,tomato,1,10.0,20.0,15.0,ceda_agmarknet
2022-07-05,doddaballapura,tomato,1,10.0,20.0,15.0,ceda_agmarknet
2022-07-06,doddaballapura,tomato,1,10.0,20.0,15.0,ceda_agmarknet
2022-07-07,doddaballapura,tomato,1,10.0,20.0,14.0,ceda_agmarknet
2022-07-08,doddaballapura,tomato,1,10.0,20.0,15.0,ceda_agmarknet
2022-07-11,doddaballapura,tomato,1,10.0,15.0,12.0,ceda_agmarknet
2022-07-12,doddaballapura,tomato,1,7.0,12.0,10.0,ceda_agmarknet
2022-07-13,doddaballapura,tomato,1,8.0,12.0,10.0,ceda_agmarknet
2022-07-14,doddaballapura,tomato,1,8.0,14.0,10.0,ceda_agmarknet
2022-07-15,doddaballapura,tomato,1,8.0,12.0,10.0,ceda_agmarknet
2022-07-16,doddaballapura,tomato,1,8.0,12.0,10.0,ceda_agmarknet
2022-07-18,doddaballapura,tomato,2,6.0,8.0,7.0,ceda_agmarknet
2022-07-19,doddaballapura,tomato,1,6.0,8.0,7.0,ceda_agmarknet
2022-07-20,doddaballapura,tomato,1,6.0,8.0,7.0,ceda_agmarknet
2022-07-21,doddaballapura,tomato,1,7.0,9.0,8.0,ceda_agmarknet
2022-07-22,doddaballapura,tomato,1,6.0,8.0,7.0,ceda_agmarknet
2022-07-25,doddaballapura,tomato,1,6.0,8.0,7.0,ceda_agmarknet
2022-07-26,doddaballapura,tomato,1,5.0,7.0,6.0,ceda_agmarknet
2022-07-28,doddaballapura,tomato,1,5.0,8.0,7.0,ceda_agmarknet
2022-07-29,doddaballapura,tomato,1,5.0,7.0,6.0,ceda_agmarknet
2022-07-30,doddaballapura,tomato,1,5.0,7.0,6.0,ceda_agmarknet
2022-08-01,doddaballapura,tomato,2,5.0,7.0,6.0,ceda_agmarknet
2022-08-02,doddaballapura,tomato,1,6.0,8.0,7.0,ceda_agmarknet
2022-08-03,doddaballapura,tomato,1,6.0,8.0,7.0,ceda_agmarknet
2022-08-04,doddaballapura,tomato,1,6.0,8.0,7.0,ceda_agmarknet
2022-08-05,doddaballapura,tomato,1,6.0,8.0,7.0,ceda_agmarknet
2022-08-06,doddaballapura,tomato,1,6.0,8.0,7.0,ceda_agmarknet
2022-08-08,doddaballapura,tomato,1,6.0,8.0,7.0,ceda_agmarknet
2022-08-10,doddaballapura,tomato,1,6.0,10.0,8.0,ceda_agmarknet
2022-08-11,doddaballapura,tomato,1,6.0,10.0,8.0,ceda_agmarknet
2022-08-12,doddaballapura,tomato,1,6.0,10.0,8.0,ceda_agmarknet
2022-08-16,doddaballapura,tomato,1,6.0,10.0,8.0,ceda_agmarknet
2022-08-17,doddaballapura,tomato,1,6.0,10.0,8.0,ceda_agmarknet
2022-08-18,doddaballapura,tomato,1,6.0,10.0,8.0,ceda_agmarknet
2022-08-19,doddaballapura,tomato,1,6.0,10.0,8.0,ceda_agmarknet
2022-08-20,doddaballapura,tomato,1,6.0,10.0,8.0,ceda_agmarknet
2022-08-22,doddaballapura,tomato,1,6.0,10.0,8.0,ceda_agmarknet
2022-08-23,doddaballapura,tomato,2,6.0,10.0,8.0,ceda_agmarknet
2022-08-24,doddaballapura,tomato,1,6.0,10.0,8.0,ceda_agmarknet
2022-08-25,doddaballapura,tomato,1,8.0,12.0,10.0,ceda_agmarknet
2022-08-26,doddaballapura,tomato,1,8.0,12.0,10.0,ceda_agmarknet
2022-08-29,doddaballapura,tomato,1,8.0,12.0,10.0,ceda_agmarknet
2022-08-30,doddaballapura,tomato,1,8.0,12.0,10.0,ceda_agmarknet
2022-09-01,doddaballapura,tomato,1,8.0,12.0,10.0,ceda_agmarknet
2022-09-02,doddaballapura,tomato,1,8.0,12.0,10.0,ceda_agmarknet
2022-09-03,doddaballapura,tomato,1,6.0,10.0,8.0,ceda_agmarknet
2022-09-05,doddaballapura,tomato,1,15.0,20.0,17.0,ceda_agmarknet
2022-09-06,doddaballapura,tomato,1,15.0,25.0,20.0,ceda_agmarknet
2022-09-07,doddaballapura,tomato,1,15.0,25.0,20.0,ceda_agmarknet
2022-09-08,doddaballapura,tomato,1,15.0,25.0,20.0,ceda_agmarknet
2022-09-09,doddaballapura,tomato,1,10.0,16.0,13.0,ceda_agmarknet
2022-09-12,doddaballapura,tomato,1,10.0,18.0,15.0,ceda_agmarknet
2022-09-13,doddaballapura,tomato,1,10.0,20.0,15.0,ceda_agmarknet
2022-09-14,doddaballapura,tomato,1,10.0,15.0,12.0,ceda_agmarknet
2022-09-15,doddaballapura,tomato,1,8.0,14.0,10.0,ceda_agmarknet
2022-09-16,doddaballapura,tomato,1,8.0,12.0,10.0,ceda_agmarknet
2022-09-17,doddaballapura,tomato,1,8.0,12.0,10.0,ceda_agmarknet
2022-09-19,doddaballapura,tomato,1,10.0,15.0,12.0,ceda_agmarknet
2022-09-20,doddaballapura,tomato,1,10.0,16.0,13.0,ceda_agmarknet
2022-09-21,doddaballapura,tomato,1,10.0,15.0,12.0,ceda_agmarknet
2022-09-22,doddaballapura,tomato,1,15.0,20.0,18.0,ceda_agmarknet
2022-09-23,doddaballapura,tomato,1,15.0,20.0,18.0,ceda_agmarknet
2022-09-26,doddaballapura,tomato,1,14.0,20.0,17.0,ceda_agmarknet
2022-09-27,doddaballapura,tomato,1,14.0,20.0,17.0,ceda_agmarknet
2022-09-29,doddaballapura,tomato,1,15.0,20.0,18.0,ceda_agmarknet
2022-09-30,doddaballapura,tomato,1,12.0,20.0,15.0,ceda_agmarknet
2022-10-01,doddaballapura,tomato,1,10.0,20.0,15.0,ceda_agmarknet
2022-10-03,doddaballapura,tomato,1,14.0,20.0,17.0,ceda_agmarknet
2022-10-06,doddaballapura,tomato,1,14.0,20.0,17.0,ceda_agmarknet
2022-10-07,doddaballapura,tomato,1,14.0,20.0,17.0,ceda_agmarknet
2022-10-10,doddaballapura,tomato,1,15.0,20.0,17.0,ceda_agmarknet
2022-10-11,doddaballapura,tomato,1,14.0,20.0,18.0,ceda_agmarknet
2022-10-12,doddaballapura,tomato,1,15.0,20.0,18.0,ceda_agmarknet
2022-10-13,doddaballapura,tomato,1,15.0,20.0,17.5,ceda_agmarknet
2022-10-14,doddaballapura,tomato,1,15.0,20.0,18.0,ceda_agmarknet
2022-10-15,doddaballapura,tomato,1,15.0,20.0,17.0,ceda_agmarknet
2022-10-17,doddaballapura,tomato,1,14.0,22.0,18.0,ceda_agmarknet
2022-10-18,doddaballapura,tomato,1,15.0,20.0,17.0,ceda_agmarknet
2022-10-19,doddaballapura,tomato,1,14.0,20.0,17.0,ceda_agmarknet
2022-10-20,doddaballapura,tomato,1,15.0,25.0,20.0,ceda_agmarknet
2022-10-21,doddaballapura,tomato,,15.0,25.0,20.0,ceda_agmarknet
2022-10-25,doddaballapura,tomato,1,14.0,22.0,18.0,ceda_agmarknet
2022-10-27,doddaballapura,tomato,1,15.0,21.0,18.0,ceda_agmarknet
2022-10-28,doddaballapura,tomato,1,15.0,22.0,17.0,ceda_agmarknet
2022-10-29,doddaballapura,tomato,1,14.0,20.0,17.0,ceda_agmarknet
2022-10-31,doddaballapura,tomato,1,15.0,25.0,20.0,ceda_agmarknet
2022-11-02,doddaballapura,tomato,1,8.0,14.0,12.0,ceda_agmarknet
2022-11-03,doddaballapura,tomato,1,8.0,14.0,10.0,ceda_agmarknet
2022-11-04,doddaballapura,tomato,1,8.0,14.0,12.0,ceda_agmarknet
2022-11-05,doddaballapura,tomato,1,10.0,14.0,12.0,ceda_agmarknet
2022-11-07,doddaballapura,tomato,1,10.0,14.0,12.0,ceda_agmarknet
2022-11-08,doddaballapura,tomato,1,8.0,12.0,10.0,ceda_agmarknet
2022-11-09,doddaballapura,tomato,1,8.0,12.0,10.0,ceda_agmarknet
2022-11-10,doddaballapura,tomato,1,8.0,12.0,10.0,ceda_agmarknet
2022-11-14,doddaballapura,tomato,1,8.0,14.0,12.0,ceda_agmarknet
2022-11-15,doddaballapura,tomato,1,8.0,14.0,12.0,ceda_agmarknet
2022-11-16,doddaballapura,tomato,1,8.0,14.0,10.0,ceda_agmarknet
2022-11-17,doddaballapura,tomato,1,8.0,14.0,10.0,ceda_agmarknet
2022-11-18,doddaballapura,tomato,1,8.0,14.0,10.0,ceda_agmarknet
2022-11-19,doddaballapura,tomato,1,8.0,12.0,10.0,ceda_agmarknet
2022-11-21,doddaballapura,tomato,1,10.0,14.0,12.0,ceda_agmarknet
2022-11-22,doddaballapura,tomato,1,8.0,14.0,10.0,ceda_agmarknet
2022-11-23,doddaballapura,tomato,,8.0,14.0,10.0,ceda_agmarknet
2022-11-24,doddaballapura,tomato,1,8.0,14.0,10.0,ceda_agmarknet
2022-11-25,doddaballapura,tomato,1,8.0,12.0,10.0,ceda_agmarknet
2022-11-28,doddaballapura,tomato,1,8.0,14.0,10.0,ceda_agmarknet
2022-11-29,doddaballapura,tomato,1,8.0,12.0,10.0,ceda_agmarknet
2022-12-01,doddaballapura,tomato,1,8.0,12.0,10.0,ceda_agmarknet
2022-12-02,doddaballapura,tomato,1,8.0,12.0,10.0,ceda_agmarknet
2022-12-03,doddaballapura,tomato,1,8.0,12.0,10.0,ceda_agmarknet
2022-12-05,doddaballapura,tomato,1,8.0,12.0,10.0,ceda_agmarknet
2022-12-06,doddaballapura,tomato,1,8.0,12.0,10.0,ceda_agmarknet
2022-12-07,doddaballapura,tomato,1,8.0,12.0,10.0,ceda_agmarknet
2022-12-08,doddaballapura,tomato,1,6.0,10.0,8.0,ceda_agmarknet
2022-12-09,doddaballapura,tomato,1,6.0,10.0,8.0,ceda_agmarknet
2022-12-12,doddaballapura,tomato,1,8.0,12.0,10.0,ceda_agmarknet
2022-12-13,doddaballapura,tomato,1,6.0,10.0,8.0,ceda_agmarknet
2022-12-14,doddaballapura,tomato,1,6.0,10.0,8.0,ceda_agmarknet
2022-12-15,doddaballapura,tomato,1,6.0,10.0,8.0,ceda_agmarknet
2022-12-16,doddaballapura,tomato,1,8.0,10.0,9.0,ceda_agmarknet
2022-12-17,doddaballapura,tomato,1,6.0,10.0,8.0,ceda_agmarknet
2022-12-19,doddaballapura,tomato,1,6.0,10.0,8.0,ceda_agmarknet
2022-12-20,doddaballapura,tomato,1,8.0,12.0,10.0,ceda_agmarknet
2022-12-21,doddaballapura,tomato,1,8.0,12.0,10.0,ceda_agmarknet
2022-12-22,doddaballapura,tomato,1,6.0,10.0,8.0,ceda_agmarknet
2022-12-23,doddaballapura,tomato,1,8.0,12.0,10.0,ceda_agmarknet
2022-12-26,doddaballapura,tomato,1,6.0,10.0,8.0,ceda_agmarknet
2022-12-27,doddaballapura,tomato,1,6.0,10.0,8.0,ceda_agmarknet
2022-12-29,doddaballapura,tomato,1,6.0,10.0,8.0,ceda_agmarknet
2022-12-30,doddaballapura,tomato,1,8.0,12.0,10.0,ceda_agmarknet
2022-12-31,doddaballapura,tomato,1,6.0,10.0,8.0,ceda_agmarknet
2023-01-02,doddaballapura,tomato,1,6.0,10.0,8.0,ceda_agmarknet
2023-01-03,doddaballapura,tomato,1,8.0,12.0,10.0,ceda_agmarknet
2023-01-04,doddaballapura,tomato,1,8.0,12.0,10.0,ceda_agmarknet
2023-01-05,doddaballapura,tomato,1,8.0,12.0,10.0,ceda_agmarknet
2023-01-06,doddaballapura,tomato,1,6.0,10.0,8.0,ceda_agmarknet
2023-01-07,doddaballapura,tomato,1,6.0,10.0,8.0,ceda_agmarknet
2023-01-09,doddaballapura,tomato,1,6.0,10.0,8.0,ceda_agmarknet
2023-01-10,doddaballapura,tomato,1,6.0,10.0,8.0,ceda_agmarknet
2023-01-11,doddaballapura,tomato,1,7.0,12.0,10.0,ceda_agmarknet
2023-01-12,doddaballapura,tomato,1,7.0,10.0,8.0,ceda_agmarknet
2023-01-13,doddaballapura,tomato,1,7.0,10.0,8.5,ceda_agmarknet
2023-01-16,doddaballapura,tomato,1,8.0,14.0,10.0,ceda_agmarknet
2023-01-17,doddaballapura,tomato,1,20.0,30.0,25.0,ceda_agmarknet
2023-01-18,doddaballapura,tomato,1,20.0,30.0,25.0,ceda_agmarknet
2023-01-19,doddaballapura,tomato,1,20.0,30.0,25.0,ceda_agmarknet
2023-01-20,doddaballapura,tomato,1,25.0,35.0,30.0,ceda_agmarknet
2023-01-21,doddaballapura,tomato,1,25.0,35.0,30.0,ceda_agmarknet
2023-01-23,doddaballapura,tomato,1,20.0,30.0,25.0,ceda_agmarknet
2023-01-24,doddaballapura,tomato,1,25.0,35.0,30.0,ceda_agmarknet
2023-01-27,doddaballapura,tomato,1,25.0,35.0,30.0,ceda_agmarknet
2023-01-30,doddaballapura,tomato,1,20.0,30.0,25.0,ceda_agmarknet
2023-01-31,doddaballapura,tomato,1,20.0,30.0,25.0,ceda_agmarknet
2023-02-01,doddaballapura,tomato,1,20.0,30.0,25.0,ceda_agmarknet
2023-02-02,doddaballapura,tomato,1,15.0,25.0,20.0,ceda_agmarknet
2023-02-03,doddaballapura,tomato,1,15.0,25.0,20.0,ceda_agmarknet
2023-02-04,doddaballapura,tomato,1,15.0,20.0,17.0,ceda_agmarknet
2023-02-06,doddaballapura,tomato,1,15.0,20.0,18.0,ceda_agmarknet
2023-02-07,doddaballapura,tomato,1,15.0,20.0,17.0,ceda_agmarknet
2023-02-08,doddaballapura,tomato,1,15.0,25.0,20.0,ceda_agmarknet
2023-02-09,doddaballapura,tomato,1,15.0,20.0,17.0,ceda_agmarknet
2023-02-10,doddaballapura,tomato,1,15.0,20.0,17.0,ceda_agmarknet
2023-02-13,doddaballapura,tomato,1,10.0,15.0,12.0,ceda_agmarknet
2023-02-14,doddaballapura,tomato,1,10.0,15.0,12.0,ceda_agmarknet
2023-02-15,doddaballapura,tomato,1,10.0,14.0,12.0,ceda_agmarknet
2023-02-16,doddaballapura,tomato,1,10.0,15.0,12.0,ceda_agmarknet
2023-02-17,doddaballapura,tomato,1,10.0,15.0,12.0,ceda_agmarknet
2023-02-20,doddaballapura,tomato,1,10.0,14.0,12.0,ceda_agmarknet
2023-02-21,doddaballapura,tomato,1,10.0,15.0,12.0,ceda_agmarknet
2023-02-23,doddaballapura,tomato,1,10.0,15.0,12.0,ceda_agmarknet
2023-02-24,doddaballapura,tomato,1,10.0,15.0,12.0,ceda_agmarknet
2023-02-27,doddaballapura,tomato,1,9.0,14.0,13.0,ceda_agmarknet
2023-02-28,doddaballapura,tomato,1,10.0,15.0,12.5,ceda_agmarknet
2023-03-01,doddaballapura,tomato,1,10.0,15.0,12.5,ceda_agmarknet
2023-03-02,doddaballapura,tomato,1,10.0,15.0,12.0,ceda_agmarknet
2023-03-03,doddaballapura,tomato,1,10.0,15.0,12.5,ceda_agmarknet
2023-03-04,doddaballapura,tomato,1,10.0,15.0,12.5,ceda_agmarknet
2023-03-06,doddaballapura,tomato,1,10.0,15.0,12.0,ceda_agmarknet
2023-03-07,doddaballapura,tomato,1,10.0,15.0,12.0,ceda_agmarknet
2023-03-08,doddaballapura,tomato,1,10.0,14.0,12.0,ceda_agmarknet
2023-03-09,doddaballapura,tomato,1,10.0,15.0,12.0,ceda_agmarknet
2023-03-10,doddaballapura,tomato,1,10.0,15.0,12.0,ceda_agmarknet
2023-03-13,doddaballapura,tomato,1,10.0,14.0,12.0,ceda_agmarknet
2023-03-14,doddaballapura,tomato,1,10.0,15.0,12.0,ceda_agmarknet
2023-03-15,doddaballapura,tomato,1,10.0,14.0,12.0,ceda_agmarknet
2023-03-16,doddaballapura,tomato,1,10.0,14.0,12.0,ceda_agmarknet
2023-03-17,doddaballapura,tomato,1,10.0,14.0,12.0,ceda_agmarknet
2023-03-18,doddaballapura,tomato,1,10.0,15.0,12.0,ceda_agmarknet
2023-03-20,doddaballapura,tomato,1,10.0,14.0,12.0,ceda_agmarknet
2023-03-21,doddaballapura,tomato,1,10.0,14.0,12.0,ceda_agmarknet
2023-03-23,doddaballapura,tomato,1,10.0,15.0,12.0,ceda_agmarknet
2023-03-24,doddaballapura,tomato,1,10.0,15.0,12.0,ceda_agmarknet
2023-03-27,doddaballapura,tomato,1,10.0,15.0,12.5,ceda_agmarknet
2023-03-28,doddaballapura,tomato,1,8.0,14.0,11.0,ceda_agmarknet
2023-03-30,doddaballapura,tomato,1,10.0,15.0,12.5,ceda_agmarknet
2023-03-31,doddaballapura,tomato,1,10.0,14.0,12.0,ceda_agmarknet
2023-04-01,doddaballapura,tomato,1,10.0,15.0,12.0,ceda_agmarknet
2023-04-03,doddaballapura,tomato,1,9.0,12.0,10.0,ceda_agmarknet
2023-04-05,doddaballapura,tomato,1,8.0,10.0,9.0,ceda_agmarknet
2023-04-06,doddaballapura,tomato,1,8.0,10.0,9.0,ceda_agmarknet
2023-04-10,doddaballapura,tomato,1,8.0,10.0,9.0,ceda_agmarknet
2023-04-11,doddaballapura,tomato,1,8.0,10.0,9.0,ceda_agmarknet
2023-04-12,doddaballapura,tomato,1,8.0,10.0,9.0,ceda_agmarknet
2023-04-13,doddaballapura,tomato,1,8.0,10.0,9.0,ceda_agmarknet
2023-04-15,doddaballapura,tomato,1,8.0,12.0,10.0,ceda_agmarknet
2023-04-17,doddaballapura,tomato,1,8.0,12.0,10.0,ceda_agmarknet
2023-04-18,doddaballapura,tomato,1,8.0,10.0,9.0,ceda_agmarknet
2023-04-19,doddaballapura,tomato,1,8.0,10.0,9.0,ceda_agmarknet
2023-04-20,doddaballapura,tomato,1,8.0,10.0,9.0,ceda_agmarknet
2023-04-21,doddaballapura,tomato,1,8.0,10.0,9.0,ceda_agmarknet
2023-04-24,doddaballapura,tomato,1,8.0,12.0,10.0,ceda_agmarknet
2023-04-25,doddaballapura,tomato,1,8.0,12.0,10.0,ceda_agmarknet
2023-04-27,doddaballapura,tomato,1,,,,ceda_agmarknet
2023-04-28,doddaballapura,tomato,1,,,,ceda_agmarknet
2023-04-29,doddaballapura,tomato,1,,,,ceda_agmarknet
2023-05-02,doddaballapura,tomato,1,8.0,12.0,10.0,ceda_agmarknet
2023-05-03,doddaballapura,tomato,1,8.0,12.0,10.0,ceda_agmarknet
2023-05-04,doddaballapura,tomato,1,8.0,14.0,11.0,ceda_agmarknet
2023-05-05,doddaballapura,tomato,1,10.0,14.0,12.0,ceda_agmarknet
2023-05-06,doddaballapura,tomato,1,10.0,14.0,12.0,ceda_agmarknet
2023-05-08,doddaballapura,tomato,1,10.0,15.0,12.5,ceda_agmarknet
2023-05-09,doddaballapura,tomato,1,10.0,15.0,12.5,ceda_agmarknet
2023-05-11,doddaballapura,tomato,1,10.0,15.0,12.0,ceda_agmarknet
2023-05-12,doddaballapura,tomato,1,10.0,15.0,12.0,ceda_agmarknet
2023-05-15,doddaballapura,tomato,1,10.0,15.0,12.0,ceda_agmarknet
2023-05-16,doddaballapura,tomato,1,10.0,18.0,15.0,ceda_agmarknet
2023-05-17,doddaballapura,tomato,1,10.0,18.0,15.0,ceda_agmarknet
2023-05-18,doddaballapura,tomato,1,10.0,18.0,15.0,ceda_agmarknet
2023-05-19,doddaballapura,tomato,1,10.0,18.0,15.0,ceda_agmarknet
2023-05-22,doddaballapura,tomato,1,10.0,18.0,15.0,ceda_agmarknet
2023-05-23,doddaballapura,tomato,1,10.0,15.0,12.0,ceda_agmarknet
2023-05-24,doddaballapura,tomato,1,10.0,15.0,12.5,ceda_agmarknet
2023-05-25,doddaballapura,tomato,1,10.0,15.0,13.0,ceda_agmarknet
2023-05-26,doddaballapura,tomato,1,10.0,15.0,13.0,ceda_agmarknet
2023-05-29,doddaballapura,tomato,1,10.0,15.0,12.0,ceda_agmarknet
2023-05-30,doddaballapura,tomato,1,10.0,15.0,12.0,ceda_agmarknet
2023-06-01,doddaballapura,tomato,1,10.0,15.0,12.0,ceda_agmarknet
2023-06-02,doddaballapura,tomato,1,10.0,15.0,12.0,ceda_agmarknet
2023-06-03,doddaballapura,tomato,1,10.0,14.0,12.0,ceda_agmarknet
2023-06-05,doddaballapura,tomato,1,10.0,16.0,13.0,ceda_agmarknet
2023-06-06,doddaballapura,tomato,1,10.0,16.0,13.0,ceda_agmarknet
2023-06-07,doddaballapura,tomato,1,10.0,16.0,13.0,ceda_agmarknet
2023-06-08,doddaballapura,tomato,1,12.0,20.0,16.0,ceda_agmarknet
2023-06-09,doddaballapura,tomato,1,12.0,20.0,16.0,ceda_agmarknet
2023-06-12,doddaballapura,tomato,2,12.0,20.0,15.0,ceda_agmarknet
2023-06-13,doddaballapura,tomato,1,12.0,20.0,15.0,ceda_agmarknet
2023-06-15,doddaballapura,tomato,1,12.0,20.0,17.0,ceda_agmarknet
2023-06-16,doddaballapura,tomato,1,15.0,20.0,18.0,ceda_agmarknet
2023-06-17,doddaballapura,tomato,1,15.0,20.0,18.0,ceda_agmarknet
2023-06-19,doddaballapura,tomato,1,15.0,22.0,18.0,ceda_agmarknet
2023-06-20,doddaballapura,tomato,1,15.0,25.0,20.0,ceda_agmarknet
2023-06-21,doddaballapura,tomato,1,20.0,30.0,25.0,ceda_agmarknet
2023-06-22,doddaballapura,tomato,1,30.0,36.0,33.0,ceda_agmarknet
2023-06-23,doddaballapura,tomato,1,20.0,30.0,25.0,ceda_agmarknet
2023-06-26,doddaballapura,tomato,1,30.0,40.0,35.0,ceda_agmarknet
2023-06-27,doddaballapura,tomato,1,30.0,40.0,35.0,ceda_agmarknet
2023-06-30,doddaballapura,tomato,1,20.0,30.0,25.0,ceda_agmarknet
2023-07-01,doddaballapura,tomato,1,40.0,60.0,50.0,ceda_agmarknet
2023-07-03,doddaballapura,tomato,1,40.0,60.0,50.0,ceda_agmarknet
2023-07-04,doddaballapura,tomato,1,60.0,70.0,65.0,ceda_agmarknet
2023-07-05,doddaballapura,tomato,1,60.0,70.0,65.0,ceda_agmarknet
2023-07-06,doddaballapura,tomato,1,60.0,70.0,65.0,ceda_agmarknet
2023-07-07,doddaballapura,tomato,1,65.0,75.0,70.0,ceda_agmarknet
2023-07-10,doddaballapura,tomato,1,70.0,80.0,75.0,ceda_agmarknet
2023-07-11,doddaballapura,tomato,1,70.0,80.0,75.0,ceda_agmarknet
2023-07-18,doddaballapura,tomato,1,70.0,80.0,75.0,ceda_agmarknet
2023-07-19,doddaballapura,tomato,1,70.0,80.0,75.0,ceda_agmarknet
2023-07-20,doddaballapura,tomato,1,70.0,90.0,80.0,ceda_agmarknet
2023-07-21,doddaballapura,tomato,1,70.0,80.0,75.0,ceda_agmarknet
2023-07-24,doddaballapura,tomato,1,70.0,80.0,75.0,ceda_agmarknet
2023-07-25,doddaballapura,tomato,1,70.0,90.0,80.0,ceda_agmarknet
2023-07-27,doddaballapura,tomato,1,70.0,90.0,80.0,ceda_agmarknet
2023-07-28,doddaballapura,tomato,1,70.0,90.0,80.0,ceda_agmarknet
2023-07-31,doddaballapura,tomato,1,70.0,80.0,75.0,ceda_agmarknet
2023-08-01,doddaballapura,tomato,1,70.0,80.0,75.0,ceda_agmarknet
2023-08-18,doddaballapura,tomato,1,30.0,40.0,35.0,ceda_agmarknet
2023-08-19,doddaballapura,tomato,1,25.0,35.0,30.0,ceda_agmarknet
2023-08-21,doddaballapura,tomato,1,20.0,30.0,25.0,ceda_agmarknet
2023-08-22,doddaballapura,tomato,1,20.0,30.0,25.0,ceda_agmarknet
2023-09-07,doddaballapura,tomato,1,10.0,16.0,13.0,ceda_agmarknet
2023-09-08,doddaballapura,tomato,1,10.0,15.0,12.0,ceda_agmarknet
2023-09-14,doddaballapura,tomato,1,6.0,10.0,8.0,ceda_agmarknet
2023-09-15,doddaballapura,tomato,1,6.0,10.0,8.0,ceda_agmarknet
2023-09-20,doddaballapura,tomato,1,6.0,10.0,8.0,ceda_agmarknet
2023-09-22,doddaballapura,tomato,1,6.0,8.0,7.0,ceda_agmarknet
2023-09-25,doddaballapura,tomato,1,6.0,8.0,7.0,ceda_agmarknet
2023-09-26,doddaballapura,tomato,1,6.0,8.0,7.0,ceda_agmarknet
2023-10-03,doddaballapura,tomato,1,6.0,10.0,8.0,ceda_agmarknet
2023-10-04,doddaballapura,tomato,2,6.0,10.0,8.0,ceda_agmarknet
2023-10-10,doddaballapura,tomato,1,6.0,8.0,7.0,ceda_agmarknet
2023-10-11,doddaballapura,tomato,2,6.0,8.0,7.0,ceda_agmarknet
2023-10-12,doddaballapura,tomato,1,6.0,8.0,7.0,ceda_agmarknet
2023-10-13,doddaballapura,tomato,1,6.0,8.0,7.0,ceda_agmarknet
2023-10-16,doddaballapura,tomato,1,8.0,10.0,9.0,ceda_agmarknet
2023-10-17,doddaballapura,tomato,2,8.0,10.0,9.0,ceda_agmarknet
2023-10-26,doddaballapura,tomato,1,10.0,15.0,13.0,ceda_agmarknet
2023-11-02,doddaballapura,tomato,1,10.0,14.0,12.0,ceda_agmarknet
2023-11-03,doddaballapura,tomato,1,10.0,14.0,12.0,ceda_agmarknet
2023-11-04,doddaballapura,tomato,1,10.0,14.0,12.0,ceda_agmarknet
2023-11-06,doddaballapura,tomato,1,10.0,14.0,12.0,ceda_agmarknet
2023-11-07,doddaballapura,tomato,2,10.0,14.0,12.0,ceda_agmarknet
2023-11-09,doddaballapura,tomato,1,10.0,14.0,12.0,ceda_agmarknet
2023-11-17,doddaballapura,tomato,1,12.0,16.0,14.0,ceda_agmarknet
2023-11-18,doddaballapura,tomato,1,10.0,16.0,13.0,ceda_agmarknet
2023-11-27,doddaballapura,tomato,1,25.0,35.0,30.0,ceda_agmarknet
2023-11-28,doddaballapura,tomato,1,20.0,25.0,22.0,ceda_agmarknet
2023-12-15,doddaballapura,tomato,1,20.0,24.0,22.0,ceda_agmarknet
2023-12-16,doddaballapura,tomato,1,20.0,25.0,22.0,ceda_agmarknet
2023-12-18,doddaballapura,tomato,2,20.0,25.0,22.0,ceda_agmarknet
2023-12-19,doddaballapura,tomato,2,20.0,30.0,25.0,ceda_agmarknet
2023-12-26,doddaballapura,tomato,2,20.0,25.0,22.0,ceda_agmarknet
2023-12-29,doddaballapura,tomato,1,20.0,26.0,23.0,ceda_agmarknet
2023-12-30,doddaballapura,tomato,1,20.0,30.0,25.0,ceda_agmarknet
2024-01-09,doddaballapura,tomato,1,20.0,25.0,22.0,ceda_agmarknet
2024-01-10,doddaballapura,tomato,1,20.0,25.0,22.0,ceda_agmarknet
2024-01-11,doddaballapura,tomato,1,20.0,25.0,23.0,ceda_agmarknet
2024-01-18,doddaballapura,tomato,1,20.0,24.0,22.0,ceda_agmarknet
2024-01-22,doddaballapura,tomato,1,18.0,22.0,20.0,ceda_agmarknet
2024-02-06,doddaballapura,tomato,1,15.0,20.0,17.0,ceda_agmarknet
2024-02-07,doddaballapura,tomato,1,15.0,20.0,17.0,ceda_agmarknet
2024-02-09,doddaballapura,tomato,1,15.0,20.0,17.0,ceda_agmarknet
2024-02-26,doddaballapura,tomato,1,8.0,12.0,10.0,ceda_agmarknet
2024-03-04,doddaballapura,tomato,2,10.0,15.0,12.5,ceda_agmarknet
2024-03-05,doddaballapura,tomato,2,10.0,15.0,12.5,ceda_agmarknet
2024-03-21,doddaballapura,tomato,2,10.0,14.0,12.0,ceda_agmarknet
2024-03-22,doddaballapura,tomato,2,8.0,12.0,10.0,ceda_agmarknet
2024-03-30,doddaballapura,tomato,2,10.0,20.0,15.0,ceda_agmarknet
2024-04-03,doddaballapura,tomato,,10.0,18.0,14.0,ceda_agmarknet
2024-04-04,doddaballapura,tomato,2,10.0,20.0,15.0,ceda_agmarknet
2024-04-18,doddaballapura,tomato,2,10.0,20.0,15.0,ceda_agmarknet
2024-04-19,doddaballapura,tomato,3,10.0,18.0,14.0,ceda_agmarknet
2024-04-20,doddaballapura,tomato,2,10.0,20.0,15.0,ceda_agmarknet
2024-04-22,doddaballapura,tomato,2,10.0,20.0,14.0,ceda_agmarknet
2024-04-23,doddaballapura,tomato,2,10.0,18.0,14.0,ceda_agmarknet
2024-05-20,doddaballapura,tomato,2,15.0,25.0,20.0,ceda_agmarknet
2024-05-21,doddaballapura,tomato,2,15.0,21.0,18.0,ceda_agmarknet
2024-05-22,doddaballapura,tomato,2,15.0,25.0,20.0,ceda_agmarknet
2024-05-23,doddaballapura,tomato,2,15.0,20.0,17.5,ceda_agmarknet
2024-05-24,doddaballapura,tomato,2,15.0,25.0,20.0,ceda_agmarknet
2024-05-31,doddaballapura,tomato,3,15.0,25.0,20.0,ceda_agmarknet
2024-06-01,doddaballapura,tomato,,24.0,30.0,27.0,ceda_agmarknet
2024-06-05,doddaballapura,tomato,,20.0,30.0,24.0,ceda_agmarknet
2024-06-06,doddaballapura,tomato,,20.0,30.0,25.0,ceda_agmarknet
2024-06-10,doddaballapura,tomato,,30.0,40.0,35.0,ceda_agmarknet
2024-06-21,doddaballapura,tomato,,30.0,36.0,33.0,ceda_agmarknet
2024-06-24,doddaballapura,tomato,,30.0,40.0,35.0,ceda_agmarknet
2024-06-28,doddaballapura,tomato,,25.0,35.0,30.0,ceda_agmarknet
2024-06-29,doddaballapura,tomato,,20.0,30.0,25.0,ceda_agmarknet
2024-07-04,doddaballapura,tomato,,20.0,30.0,25.0,ceda_agmarknet
2024-07-08,doddaballapura,tomato,,30.0,40.0,35.0,ceda_agmarknet
2024-07-09,doddaballapura,tomato,,30.0,40.0,35.0,ceda_agmarknet
2024-07-10,doddaballapura,tomato,,20.0,30.0,25.0,ceda_agmarknet
2024-07-11,doddaballapura,tomato,,20.0,30.0,25.0,ceda_agmarknet
2024-07-26,doddaballapura,tomato,,25.0,35.0,30.0,ceda_agmarknet
2024-07-29,doddaballapura,tomato,,20.0,30.0,25.0,ceda_agmarknet
2024-08-16,doddaballapura,tomato,3,15.0,25.0,20.0,ceda_agmarknet
2024-08-17,doddaballapura,tomato,3,15.0,25.0,20.0,ceda_agmarknet
2024-09-02,doddaballapura,tomato,3,10.0,15.0,12.5,ceda_agmarknet
2024-09-09,doddaballapura,tomato,2,15.0,25.0,20.0,ceda_agmarknet
2024-09-10,doddaballapura,tomato,2,15.0,25.0,20.0,ceda_agmarknet
2024-09-12,doddaballapura,tomato,2,15.0,22.0,17.5,ceda_agmarknet
2024-09-13,doddaballapura,tomato,2,15.0,25.0,20.0,ceda_agmarknet
2024-09-19,doddaballapura,tomato,2,14.0,20.0,17.5,ceda_agmarknet
2024-09-20,doddaballapura,tomato,2,15.0,25.0,20.0,ceda_agmarknet
2024-09-21,doddaballapura,tomato,3,15.0,20.0,18.0,ceda_agmarknet
2024-09-23,doddaballapura,tomato,2,15.0,21.0,18.0,ceda_agmarknet
2024-09-24,doddaballapura,tomato,3,15.0,25.0,20.0,ceda_agmarknet
2024-09-26,doddaballapura,tomato,3,15.0,25.0,20.0,ceda_agmarknet
2024-09-27,doddaballapura,tomato,3,15.0,25.0,20.0,ceda_agmarknet
2024-10-03,doddaballapura,tomato,3,15.0,25.0,20.0,ceda_agmarknet
2024-10-04,doddaballapura,tomato,3,30.0,40.0,35.0,ceda_agmarknet
2024-10-05,doddaballapura,tomato,2,25.0,35.0,30.0,ceda_agmarknet
2024-10-18,doddaballapura,tomato,3,15.0,25.0,20.0,ceda_agmarknet
2024-10-19,doddaballapura,tomato,2,20.0,30.0,25.0,ceda_agmarknet
2024-10-21,doddaballapura,tomato,2,20.0,30.0,25.0,ceda_agmarknet
2024-10-22,doddaballapura,tomato,2,20.0,30.0,25.0,ceda_agmarknet
2024-10-24,doddaballapura,tomato,2,20.0,30.0,25.0,ceda_agmarknet
2024-10-25,doddaballapura,tomato,2,20.0,30.0,25.0,ceda_agmarknet
2024-11-04,doddaballapura,tomato,2,15.0,20.0,17.5,ceda_agmarknet
2024-11-05,doddaballapura,tomato,2,14.0,20.0,17.0,ceda_agmarknet
2024-11-06,doddaballapura,tomato,2,10.0,16.0,13.0,ceda_agmarknet
2024-11-07,doddaballapura,tomato,3,10.0,18.0,14.0,ceda_agmarknet
2024-11-08,doddaballapura,tomato,2,10.0,15.0,12.0,ceda_agmarknet
2024-11-19,doddaballapura,tomato,2,10.0,14.0,12.0,ceda_agmarknet
2024-11-20,doddaballapura,tomato,2,8.0,14.0,11.0,ceda_agmarknet
2024-11-25,doddaballapura,tomato,2,,,,ceda_agmarknet
2024-12-03,doddaballapura,tomato,2,30.0,40.0,35.0,ceda_agmarknet
2024-12-04,doddaballapura,tomato,3,30.0,40.0,35.0,ceda_agmarknet
2024-12-06,doddaballapura,tomato,3,20.0,30.0,25.0,ceda_agmarknet
2024-12-07,doddaballapura,tomato,2,25.0,35.0,30.0,ceda_agmarknet
2024-12-09,doddaballapura,tomato,3,20.0,30.0,25.0,ceda_agmarknet
2024-12-19,doddaballapura,tomato,3,,,,ceda_agmarknet
2024-12-20,doddaballapura,tomato,3,,,,ceda_agmarknet
2024-12-30,doddaballapura,tomato,3,10.0,20.0,15.0,ceda_agmarknet
2025-01-13,doddaballapura,tomato,3,9.0,13.0,11.0,ceda_agmarknet
2025-01-20,doddaballapura,tomato,2,6.0,10.0,8.0,ceda_agmarknet
2025-01-27,doddaballapura,tomato,3,14.0,18.0,16.0,ceda_agmarknet
2025-01-31,doddaballapura,tomato,3,12.0,20.0,16.0,ceda_agmarknet
2025-02-18,doddaballapura,tomato,3,20.0,30.0,26.0,ceda_agmarknet
2025-04-07,doddaballapura,tomato,3,8.0,10.0,9.0,ceda_agmarknet
2022-01-04,mandya,tomato,4,30.0,35.0,35.0,ceda_agmarknet
2022-01-05,mandya,tomato,5,20.0,40.0,40.0,ceda_agmarknet
2022-01-06,mandya,tomato,1,15.0,15.0,15.0,ceda_agmarknet
2022-01-07,mandya,tomato,2,10.0,15.0,10.0,ceda_agmarknet
2022-01-09,mandya,tomato,1,15.0,15.0,15.0,ceda_agmarknet
2022-01-11,mandya,tomato,4,20.0,21.5,21.0,ceda_agmarknet
2022-01-14,mandya,tomato,1,25.0,25.0,25.0,ceda_agmarknet
2022-01-23,mandya,tomato,2,10.0,10.0,10.0,ceda_agmarknet
2022-01-25,mandya,tomato,1,10.0,10.0,10.0,ceda_agmarknet
2022-01-27,mandya,tomato,3,20.0,20.0,20.0,ceda_agmarknet
2022-01-28,mandya,tomato,12,11.0,16.5,12.5,ceda_agmarknet
2022-01-30,mandya,tomato,4,10.0,10.0,10.0,ceda_agmarknet
2022-01-31,mandya,tomato,5,19.0,35.0,27.5,ceda_agmarknet
2022-02-01,mandya,tomato,5,10.0,10.0,10.0,ceda_agmarknet
2022-02-03,mandya,tomato,45,13.5,15.5,14.5,ceda_agmarknet
2022-02-04,mandya,tomato,4,10.0,10.0,10.0,ceda_agmarknet
2022-02-05,mandya,tomato,2,15.0,15.0,15.0,ceda_agmarknet
2022-02-07,mandya,tomato,3,10.0,10.0,10.0,ceda_agmarknet
2022-02-08,mandya,tomato,3,10.0,20.0,10.0,ceda_agmarknet
2022-02-09,mandya,tomato,12,10.0,12.0,11.0,ceda_agmarknet
2022-02-10,mandya,tomato,35,8.0,12.0,10.0,ceda_agmarknet
2022-02-11,mandya,tomato,7,9.0,14.0,9.5,ceda_agmarknet
2022-02-14,mandya,tomato,5,10.0,15.0,10.0,ceda_agmarknet
2022-02-15,mandya,tomato,2,10.0,10.0,10.0,ceda_agmarknet
2022-02-16,mandya,tomato,2,12.0,12.0,12.0,ceda_agmarknet
2022-02-17,mandya,tomato,51,6.0,12.0,9.0,ceda_agmarknet
2022-02-18,mandya,tomato,1,10.0,10.0,10.0,ceda_agmarknet
2022-02-22,mandya,tomato,26,7.333333333333334,8.333333333333334,7.333333333333334,ceda_agmarknet
2022-02-23,mandya,tomato,4,5.0,5.0,5.0,ceda_agmarknet
2022-02-24,mandya,tomato,48,8.0,10.0,9.0,ceda_agmarknet
2022-02-25,mandya,tomato,5,10.0,10.0,10.0,ceda_agmarknet
2022-02-27,mandya,tomato,3,10.0,10.0,10.0,ceda_agmarknet
2022-02-28,mandya,tomato,2,10.0,10.0,10.0,ceda_agmarknet
2022-03-03,mandya,tomato,6,7.5,7.5,7.5,ceda_agmarknet
2022-03-04,mandya,tomato,47,7.5,8.0,7.5,ceda_agmarknet
2022-03-07,mandya,tomato,3,10.0,10.0,10.0,ceda_agmarknet
2022-03-08,mandya,tomato,8,7.5,10.0,8.0,ceda_agmarknet
2022-03-09,mandya,tomato,7,5.0,6.0,5.0,ceda_agmarknet
2022-03-10,mandya,tomato,37,7.0,8.5,8.0,ceda_agmarknet
2022-03-11,mandya,tomato,4,5.0,5.0,5.0,ceda_agmarknet
2022-03-13,mandya,tomato,3,10.0,10.0,10.0,ceda_agmarknet
2022-03-15,mandya,tomato,1,10.0,10.0,10.0,ceda_agmarknet
2022-03-17,mandya,tomato,62,4.0,6.0,5.0,ceda_agmarknet
2022-03-18,mandya,tomato,6,4.0,10.0,5.0,ceda_agmarknet
2022-03-20,mandya,tomato,2,10.0,10.0,10.0,ceda_agmarknet
2022-03-22,mandya,tomato,1,10.0,10.0,10.0,ceda_agmarknet
2022-03-23,mandya,tomato,3,5.0,5.0,5.0,ceda_agmarknet
2022-03-24,mandya,tomato,28,5.0,6.0,5.0,ceda_agmarknet
2022-03-25,mandya,tomato,3,10.0,15.0,10.0,ceda_agmarknet
2022-03-28,mandya,tomato,120,4.0,5.0,5.0,ceda_agmarknet
2022-03-29,mandya,tomato,4,10.0,10.0,10.0,ceda_agmarknet
2022-03-31,mandya,tomato,110,7.5,9.0,8.0,ceda_agmarknet
2022-04-01,mandya,tomato,4,10.0,10.0,10.0,ceda_agmarknet
2022-04-04,mandya,tomato,1,10.0,10.0,10.0,ceda_agmarknet
2022-04-06,mandya,tomato,5,5.0,5.0,5.0,ceda_agmarknet
2022-04-07,mandya,tomato,41,4.5,10.0,4.5,ceda_agmarknet
2022-04-08,mandya,tomato,5,10.0,10.0,10.0,ceda_agmarknet
2022-04-11,mandya,tomato,1,10.0,10.0,10.0,ceda_agmarknet
2022-04-12,mandya,tomato,1,10.0,10.0,10.0,ceda_agmarknet
2022-04-14,mandya,tomato,3,10.0,10.0,10.0,ceda_agmarknet
2022-04-16,mandya,tomato,20,8.0,12.0,10.0,ceda_agmarknet
2022-04-19,mandya,tomato,1,10.0,10.0,10.0,ceda_agmarknet
2022-04-21,mandya,tomato,31,7.0,20.0,20.0,ceda_agmarknet
2022-04-22,mandya,tomato,4,7.5,10.0,7.5,ceda_agmarknet
2022-04-24,mandya,tomato,2,15.0,20.0,15.0,ceda_agmarknet
2022-04-26,mandya,tomato,2,10.0,15.0,10.0,ceda_agmarknet
2022-04-28,mandya,tomato,21,8.0,25.0,12.0,ceda_agmarknet
2022-04-29,mandya,tomato,1,10.0,10.0,10.0,ceda_agmarknet
2022-05-05,mandya,tomato,18,20.0,42.0,30.0,ceda_agmarknet
2022-05-06,mandya,tomato,1,20.0,20.0,20.0,ceda_agmarknet
2022-05-10,mandya,tomato,2,40.0,40.0,40.0,ceda_agmarknet
2022-05-12,mandya,tomato,15,25.0,55.0,55.0,ceda_agmarknet
2022-05-13,mandya,tomato,1,10.0,10.0,10.0,ceda_agmarknet
2022-05-17,mandya,tomato,1,25.0,25.0,25.0,ceda_agmarknet
2022-05-19,mandya,tomato,8,15.0,200.0,15.0,ceda_agmarknet
2022-05-20,mandya,tomato,1,50.0,50.0,50.0,ceda_agmarknet
2022-05-21,mandya,tomato,,50.0,50.0,50.0,ceda_agmarknet
2022-05-22,mandya,tomato,,50.0,50.0,50.0,ceda_agmarknet
2022-05-24,mandya,tomato,,50.0,50.0,50.0,ceda_agmarknet
2022-05-26,mandya,tomato,8,25.0,80.0,50.0,ceda_agmarknet
2022-05-27,mandya,tomato,,50.0,50.0,50.0,ceda_agmarknet
2022-05-31,mandya,tomato,,50.0,50.0,50.0,ceda_agmarknet
2022-06-02,mandya,tomato,7,45.0,55.0,45.0,ceda_agmarknet
2022-06-03,mandya,tomato,,50.0,50.0,50.0,ceda_agmarknet
2022-06-05,mandya,tomato,,50.0,50.0,50.0,ceda_agmarknet
2022-06-07,mandya,tomato,,50.0,50.0,50.0,ceda_agmarknet
2022-06-09,mandya,tomato,19,45.0,50.0,50.0,ceda_agmarknet
2022-06-13,mandya,tomato,,50.0,50.0,50.0,ceda_agmarknet
2022-06-16,mandya,tomato,8,25.0,40.0,30.0,ceda_agmarknet
2022-06-21,mandya,tomato,,50.0,50.0,50.0,ceda_agmarknet
2022-06-24,mandya,tomato,,50.0,50.0,50.0,ceda_agmarknet
2022-06-26,mandya,tomato,1,50.0,50.0,50.0,ceda_agmarknet
2022-06-27,mandya,tomato,4,24.0,26.0,26.0,ceda_agmarknet
2022-06-28,mandya,tomato,1,25.0,25.0,25.0,ceda_agmarknet
2022-06-30,mandya,tomato,,25.0,25.0,25.0,ceda_agmarknet
2022-07-05,mandya,tomato,1,10.0,25.0,10.0,ceda_agmarknet
2022-07-07,mandya,tomato,13,17.5,22.5,19.5,ceda_agmarknet
2022-07-08,mandya,tomato,2,10.0,10.0,10.0,ceda_agmarknet
2022-07-10,mandya,tomato,1,10.0,10.0,10.0,ceda_agmarknet
2022-07-12,mandya,tomato,2,10.0,10.0,10.0,ceda_agmarknet
2022-07-14,mandya,tomato,35,9.0,12.5,10.0,ceda_agmarknet
2022-07-15,mandya,tomato,1,10.0,10.0,10.0,ceda_agmarknet
2022-07-17,mandya,tomato,1,10.0,10.0,10.0,ceda_agmarknet
2022-07-19,mandya,tomato,2,10.0,10.0,10.0,ceda_agmarknet
2022-07-21,mandya,tomato,29,5.0,8.0,7.0,ceda_agmarknet
2022-07-22,mandya,tomato,2,10.0,10.0,10.0,ceda_agmarknet
2022-07-24,mandya,tomato,3,10.0,10.0,10.0,ceda_agmarknet
2022-07-25,mandya,tomato,1,10.0,10.0,10.0,ceda_agmarknet
2022-07-26,mandya,tomato,2,10.0,10.0,10.0,ceda_agmarknet
2022-07-28,mandya,tomato,19,7.5,8.0,7.5,ceda_agmarknet
2022-07-29,mandya,tomato,6,9.0,9.5,9.0,ceda_agmarknet
2022-07-31,mandya,tomato,1,10.0,10.0,10.0,ceda_agmarknet
2022-08-01,mandya,tomato,1,10.0,10.0,10.0,ceda_agmarknet
2022-08-02,mandya,tomato,2,10.0,10.0,10.0,ceda_agmarknet
2022-08-04,mandya,tomato,8,7.5,9.0,7.5,ceda_agmarknet
2022-08-05,mandya,tomato,2,10.0,10.0,10.0,ceda_agmarknet
2022-08-07,mandya,tomato,1,10.0,10.0,10.0,ceda_agmarknet
2022-08-08,mandya,tomato,1,10.0,10.0,10.0,ceda_agmarknet
2022-08-09,mandya,tomato,1,10.0,10.0,10.0,ceda_agmarknet
2022-08-10,mandya,tomato,1,10.0,10.0,10.0,ceda_agmarknet
2022-08-11,mandya,tomato,19,7.5,9.5,7.5,ceda_agmarknet
2022-08-14,mandya,tomato,1,10.0,10.0,10.0,ceda_agmarknet
2022-08-15,mandya,tomato,1,10.0,10.0,10.0,ceda_agmarknet
2022-08-16,mandya,tomato,2,10.0,10.0,10.0,ceda_agmarknet
2022-08-18,mandya,tomato,2,9.0,9.0,9.0,ceda_agmarknet
2022-08-19,mandya,tomato,4,10.0,10.0,10.0,ceda_agmarknet
2022-08-21,mandya,tomato,3,10.0,10.0,10.0,ceda_agmarknet
2022-08-22,mandya,tomato,1,10.0,10.0,10.0,ceda_agmarknet
2022-08-23,mandya,tomato,2,10.0,10.0,10.0,ceda_agmarknet
2022-08-25,mandya,tomato,31,7.5,10.0,9.0,ceda_agmarknet
2022-08-26,mandya,tomato,2,10.0,10.0,10.0,ceda_agmarknet
2022-08-28,mandya,tomato,1,10.0,10.0,10.0,ceda_agmarknet
2022-08-29,mandya,tomato,1,10.0,10.0,10.0,ceda_agmarknet
2022-08-30,mandya,tomato,4,10.0,10.0,10.0,ceda_agmarknet
2022-09-01,mandya,tomato,2,10.0,10.0,10.0,ceda_agmarknet
2022-09-02,mandya,tomato,7,10.0,15.0,10.0,ceda_agmarknet
2022-09-04,mandya,tomato,1,10.0,10.0,10.0,ceda_agmarknet
2022-09-05,mandya,tomato,1,10.0,10.0,10.0,ceda_agmarknet
2022-09-06,mandya,tomato,2,10.0,10.0,10.0,ceda_agmarknet
2022-09-08,mandya,tomato,7,20.0,30.0,20.0,ceda_agmarknet
2022-09-12,mandya,tomato,1,10.0,10.0,10.0,ceda_agmarknet
2022-09-13,mandya,tomato,2,10.0,10.0,10.0,ceda_agmarknet
2022-09-15,mandya,tomato,11,12.0,40.0,20.0,ceda_agmarknet
2022-09-16,mandya,tomato,5,13.0,20.0,20.0,ceda_agmarknet
2022-09-18,mandya,tomato,1,10.0,10.0,10.0,ceda_agmarknet
2022-09-22,mandya,tomato,7,20.0,32.0,20.0,ceda_agmarknet
2022-09-23,mandya,tomato,2,10.0,10.0,10.0,ceda_agmarknet
2022-09-27,mandya,tomato,2,10.0,10.0,10.0,ceda_agmarknet
2022-09-29,mandya,tomato,1,10.0,10.0,10.0,ceda_agmarknet
2022-09-30,mandya,tomato,2,10.0,10.0,10.0,ceda_agmarknet
2022-10-02,mandya,tomato,1,10.0,10.0,10.0,ceda_agmarknet
2022-10-03,mandya,tomato,1,10.0,10.0,10.0,ceda_agmarknet
2022-10-06,mandya,tomato,1,10.0,10.0,10.0,ceda_agmarknet
2022-10-07,mandya,tomato,8,16.0,20.0,17.5,ceda_agmarknet
2022-10-09,mandya,tomato,1,10.0,10.0,10.0,ceda_agmarknet
2022-10-10,mandya,tomato,1,10.0,10.0,10.0,ceda_agmarknet
2022-10-11,mandya,tomato,2,10.0,10.0,10.0,ceda_agmarknet
2022-10-13,mandya,tomato,8,24.0,40.0,30.0,ceda_agmarknet
2022-10-14,mandya,tomato,1,10.0,10.0,10.0,ceda_agmarknet
2022-10-17,mandya,tomato,1,10.0,10.0,10.0,ceda_agmarknet
2022-10-18,mandya,tomato,2,10.0,10.0,10.0,ceda_agmarknet
2022-10-20,mandya,tomato,7,17.5,20.0,17.5,ceda_agmarknet
2022-10-21,mandya,tomato,2,10.0,10.0,10.0,ceda_agmarknet
2022-10-23,mandya,tomato,1,10.0,10.0,10.0,ceda_agmarknet
2022-10-24,mandya,tomato,1,10.0,10.0,10.0,ceda_agmarknet
2022-10-25,mandya,tomato,4,10.0,10.0,10.0,ceda_agmarknet
2022-10-27,mandya,tomato,2,10.0,10.0,10.0,ceda_agmarknet
2022-10-28,mandya,tomato,4,10.0,10.0,10.0,ceda_agmarknet
2022-10-30,mandya,tomato,3,10.0,10.0,10.0,ceda_agmarknet
2022-10-31,mandya,tomato,1,10.0,10.0,10.0,ceda_agmarknet
2022-11-01,mandya,tomato,1,10.0,10.0,10.0,ceda_agmarknet
2022-11-03,mandya,tomato,4,10.0,25.0,10.0,ceda_agmarknet
2022-11-04,mandya,tomato,2,10.0,10.0,10.0,ceda_agmarknet
2022-11-06,mandya,tomato,1,10.0,10.0,10.0,ceda_agmarknet
2022-11-07,mandya,tomato,1,10.0,10.0,10.0,ceda_agmarknet
2022-11-08,mandya,tomato,1,10.0,10.0,10.0,ceda_agmarknet
2022-11-10,mandya,tomato,2,10.0,10.0,10.0,ceda_agmarknet
2022-11-11,mandya,tomato,2,10.0,10.0,10.0,ceda_agmarknet
2022-11-14,mandya,tomato,4,7.5,7.5,7.5,ceda_agmarknet
2022-11-15,mandya,tomato,7,8.0,8.0,8.0,ceda_agmarknet
2022-11-17,mandya,tomato,2,7.2,7.5,7.5,ceda_agmarknet
2022-11-20,mandya,tomato,1,10.0,10.0,10.0,ceda_agmarknet
2022-11-21,mandya,tomato,4,10.0,10.0,10.0,ceda_agmarknet
2022-11-22,mandya,tomato,3,10.0,10.0,10.0,ceda_agmarknet
2022-11-24,mandya,tomato,10,7.5,11.0,10.0,ceda_agmarknet
2022-11-25,mandya,tomato,1,10.0,10.0,10.0,ceda_agmarknet
2022-11-27,mandya,tomato,1,10.0,10.0,10.0,ceda_agmarknet
2022-11-28,mandya,tomato,3,8.5,9.0,8.75,ceda_agmarknet
2022-11-29,mandya,tomato,2,10.0,10.0,10.0,ceda_agmarknet
2022-12-01,mandya,tomato,20,9.0,10.0,9.0,ceda_agmarknet
2022-12-02,mandya,tomato,1,10.0,10.0,10.0,ceda_agmarknet
2022-12-04,mandya,tomato,1,10.0,10.0,10.0,ceda_agmarknet
2022-12-05,mandya,tomato,4,10.0,10.0,10.0,ceda_agmarknet
2022-12-06,mandya,tomato,2,10.0,10.0,10.0,ceda_agmarknet
2022-12-08,mandya,tomato,9,9.0,11.0,9.0,ceda_agmarknet
2022-12-09,mandya,tomato,3,10.0,10.0,10.0,ceda_agmarknet
2022-12-11,mandya,tomato,1,10.0,10.0,10.0,ceda_agmarknet
2022-12-12,mandya,tomato,1,10.0,10.0,10.0,ceda_agmarknet
2022-12-13,mandya,tomato,2,10.0,10.0,10.0,ceda_agmarknet
2022-12-15,mandya,tomato,10,8.0,16.0,10.0,ceda_agmarknet
2022-12-16,mandya,tomato,11,12.0,12.0,12.0,ceda_agmarknet
2022-12-18,mandya,tomato,1,10.0,10.0,10.0,ceda_agmarknet
2022-12-19,mandya,tomato,1,10.0,10.0,10.0,ceda_agmarknet
2022-12-20,mandya,tomato,2,10.0,10.0,10.0,ceda_agmarknet
2022-12-22,mandya,tomato,14,11.5,13.0,12.0,ceda_agmarknet
2022-12-23,mandya,tomato,2,10.0,10.0,10.0,ceda_agmarknet
2022-12-25,mandya,tomato,1,10.0,10.0,10.0,ceda_agmarknet
2022-12-26,mandya,tomato,1,10.0,10.0,10.0,ceda_agmarknet
2022-12-27,mandya,tomato,2,10.0,10.0,10.0,ceda_agmarknet
2022-12-29,mandya,tomato,22,9.0,13.0,10.0,ceda_agmarknet
2022-12-30,mandya,tomato,2,10.0,10.0,10.0,ceda_agmarknet
2023-01-01,mandya,tomato,3,10.0,10.0,10.0,ceda_agmarknet
2023-01-02,mandya,tomato,4,10.5,10.5,10.5,ceda_agmarknet
2023-01-03,mandya,tomato,3,10.0,10.0,10.0,ceda_agmarknet
2023-01-05,mandya,tomato,15,10.0,11.5,11.0,ceda_agmarknet
2023-01-07,mandya,tomato,1,12.0,12.0,12.0,ceda_agmarknet
2023-01-08,mandya,tomato,1,10.0,10.0,10.0,ceda_agmarknet
2023-01-10,mandya,tomato,2,10.0,10.0,10.0,ceda_agmarknet
2023-01-11,mandya,tomato,6,12.0,15.0,12.0,ceda_agmarknet
2023-01-12,mandya,tomato,1,10.0,10.0,10.0,ceda_agmarknet
2023-01-13,mandya,tomato,3,14.0,14.0,14.0,ceda_agmarknet
2023-01-15,mandya,tomato,1,10.0,10.0,10.0,ceda_agmarknet
2023-01-17,mandya,tomato,2,10.0,10.0,10.0,ceda_agmarknet
2023-01-18,mandya,tomato,9,20.0,22.0,22.0,ceda_agmarknet
2023-01-19,mandya,tomato,26,13.0,15.0,13.0,ceda_agmarknet
2023-01-20,mandya,tomato,4,10.0,10.0,10.0,ceda_agmarknet
2023-01-23,mandya,tomato,1,10.0,10.0,10.0,ceda_agmarknet
2023-01-24,mandya,tomato,2,10.0,10.0,10.0,ceda_agmarknet
2023-01-26,mandya,tomato,1,10.0,10.0,10.0,ceda_agmarknet
2023-01-27,mandya,tomato,15,13.333333333333332,15.666666666666668,15.0,ceda_agmarknet
2023-01-29,mandya,tomato,1,10.0,10.0,10.0,ceda_agmarknet
2023-01-30,mandya,tomato,3,14.0,14.0,14.0,ceda_agmarknet
2023-01-31,mandya,tomato,2,10.0,10.0,10.0,ceda_agmarknet
2023-02-01,mandya,tomato,16,12.0,22.0,18.0,ceda_agmarknet
2023-02-02,mandya,tomato,3,15.0,15.0,15.0,ceda_agmarknet
2023-02-03,mandya,tomato,5,10.0,10.0,10.0,ceda_agmarknet
2023-02-05,mandya,tomato,1,10.0,10.0,10.0,ceda_agmarknet
2023-02-06,mandya,tomato,1,10.0,10.0,10.0,ceda_agmarknet
2023-02-07,mandya,tomato,3,10.0,10.0,10.0,ceda_agmarknet
2023-02-08,mandya,tomato,1,10.0,10.0,10.0,ceda_agmarknet
2023-02-09,mandya,tomato,19,9.0,15.0,12.5,ceda_agmarknet
2023-02-10,mandya,tomato,2,10.0,10.0,10.0,ceda_agmarknet
2023-02-12,mandya,tomato,3,10.0,10.0,10.0,ceda_agmarknet
2023-02-14,mandya,tomato,3,10.0,10.0,10.0,ceda_agmarknet
2023-02-16,mandya,tomato,14,16.0,30.0,20.0,ceda_agmarknet
2023-02-17,mandya,tomato,3,10.0,10.0,10.0,ceda_agmarknet
2023-02-19,mandya,tomato,3,10.0,10.0,10.0,ceda_agmarknet
2023-02-20,mandya,tomato,4,12.0,13.0,12.0,ceda_agmarknet
2023-02-21,mandya,tomato,5,10.0,10.0,10.0,ceda_agmarknet
2023-02-22,mandya,tomato,1,25.0,25.0,25.0,ceda_agmarknet
2023-02-23,mandya,tomato,18,15.0,16.0,15.0,ceda_agmarknet
2023-02-24,mandya,tomato,5,10.0,10.0,10.0,ceda_agmarknet
2023-02-26,mandya,tomato,3,10.0,10.0,10.0,ceda_agmarknet
2023-02-27,mandya,tomato,1,10.0,10.0,10.0,ceda_agmarknet
2023-02-28,mandya,tomato,1,10.0,10.0,10.0,ceda_agmarknet
2023-03-02,mandya,tomato,17,14.0,15.0,15.0,ceda_agmarknet
2023-03-03,mandya,tomato,3,10.0,12.5,10.0,ceda_agmarknet
2023-03-05,mandya,tomato,1,10.0,10.0,10.0,ceda_agmarknet
2023-03-06,mandya,tomato,2,10.0,10.0,10.0,ceda_agmarknet
2023-03-07,mandya,tomato,4,12.5,12.5,12.5,ceda_agmarknet
2023-03-09,mandya,tomato,17,11.0,15.0,15.0,ceda_agmarknet
2023-03-10,mandya,tomato,2,10.0,10.0,10.0,ceda_agmarknet
2023-03-12,mandya,tomato,2,10.0,10.0,10.0,ceda_agmarknet
2023-03-13,mandya,tomato,2,15.0,15.0,15.0,ceda_agmarknet
2023-03-14,mandya,tomato,2,10.0,10.0,10.0,ceda_agmarknet
2023-03-15,mandya,tomato,10,12.0,20.0,12.0,ceda_agmarknet
2023-03-16,mandya,tomato,1,10.0,10.0,10.0,ceda_agmarknet
2023-03-17,mandya,tomato,4,10.0,10.0,10.0,ceda_agmarknet
2023-03-18,mandya,tomato,1,20.0,20.0,20.0,ceda_agmarknet
2023-03-19,mandya,tomato,2,10.0,10.0,10.0,ceda_agmarknet
2023-03-20,mandya,tomato,1,10.0,10.0,10.0,ceda_agmarknet
2023-03-21,mandya,tomato,7,12.5,12.5,12.5,ceda_agmarknet
2023-03-23,mandya,tomato,27,8.0,15.0,10.0,ceda_agmarknet
2023-03-24,mandya,tomato,2,10.0,10.0,10.0,ceda_agmarknet
2023-03-26,mandya,tomato,2,10.0,10.0,10.0,ceda_agmarknet
2023-03-27,mandya,tomato,8,10.0,12.0,10.0,ceda_agmarknet
2023-03-28,mandya,tomato,2,10.0,10.0,10.0,ceda_agmarknet
2023-03-29,mandya,tomato,2,10.0,10.0,10.0,ceda_agmarknet
2023-03-30,mandya,tomato,22,7.5,10.0,10.0,ceda_agmarknet
2023-03-31,mandya,tomato,13,7.5,10.0,8.5,ceda_agmarknet
2023-04-02,mandya,tomato,1,10.0,10.0,10.0,ceda_agmarknet
2023-04-03,mandya,tomato,6,5.9,5.9,5.9,ceda_agmarknet
2023-04-07,mandya,tomato,1,10.0,10.0,10.0,ceda_agmarknet
2023-04-09,mandya,tomato,5,10.0,10.0,10.0,ceda_agmarknet
2023-04-10,mandya,tomato,27,6.966666666666666,8.666666666666666,7.333333333333334,ceda_agmarknet
2023-04-11,mandya,tomato,1,10.0,10.0,10.0,ceda_agmarknet
2023-04-12,mandya,tomato,13,10.0,10.0,10.0,ceda_agmarknet
2023-04-13,mandya,tomato,34,7.5,10.0,8.5,ceda_agmarknet
2023-04-16,mandya,tomato,13,10.0,10.0,10.0,ceda_agmarknet
2023-04-17,mandya,tomato,11,7.975,8.0,8.0,ceda_agmarknet
2023-04-18,mandya,tomato,24,7.5,8.0,7.5,ceda_agmarknet
2023-04-19,mandya,tomato,8,10.0,10.0,10.0,ceda_agmarknet
2023-04-20,mandya,tomato,26,8.0,9.0,9.0,ceda_agmarknet
2023-04-21,mandya,tomato,5,10.0,10.0,10.0,ceda_agmarknet
2023-04-23,mandya,tomato,12,10.0,10.0,10.0,ceda_agmarknet
2023-04-24,mandya,tomato,16,7.5,8.0,8.0,ceda_agmarknet
2023-04-25,mandya,tomato,11,10.0,10.0,10.0,ceda_agmarknet
2023-04-26,mandya,tomato,3,8.0,8.0,8.0,ceda_agmarknet
2023-04-27,mandya,tomato,19,8.0,8.5,8.0,ceda_agmarknet
2023-04-28,mandya,tomato,11,10.0,10.0,10.0,ceda_agmarknet
2023-04-30,mandya,tomato,9,10.0,10.0,10.0,ceda_agmarknet
2023-05-01,mandya,tomato,3,10.0,10.0,10.0,ceda_agmarknet
2023-05-02,mandya,tomato,11,10.0,10.0,10.0,ceda_agmarknet
2023-05-03,mandya,tomato,8,7.5,7.5,7.5,ceda_agmarknet
2023-05-04,mandya,tomato,18,7.5,8.0,8.0,ceda_agmarknet
2023-05-05,mandya,tomato,17,7.666666666666666,7.666666666666666,7.666666666666666,ceda_agmarknet
2023-05-07,mandya,tomato,11,5.0,10.0,10.0,ceda_agmarknet
2023-05-08,mandya,tomato,5,9.0,9.0,9.0,ceda_agmarknet
2023-05-09,mandya,tomato,6,10.0,10.0,10.0,ceda_agmarknet
2023-05-11,mandya,tomato,5,10.0,10.0,10.0,ceda_agmarknet
2023-05-12,mandya,tomato,22,6.333333333333334,8.333333333333334,7.666666666666666,ceda_agmarknet
2023-05-14,mandya,tomato,4,10.0,10.0,10.0,ceda_agmarknet
2023-05-16,mandya,tomato,5,10.0,10.0,10.0,ceda_agmarknet
2023-05-17,mandya,tomato,13,9.0,11.0,10.0,ceda_agmarknet
2023-05-18,mandya,tomato,5,6.0,10.0,10.0,ceda_agmarknet
2023-05-19,mandya,tomato,3,10.0,10.0,10.0,ceda_agmarknet
2023-05-21,mandya,tomato,4,10.0,10.0,10.0,ceda_agmarknet
2023-05-22,mandya,tomato,3,10.0,10.0,10.0,ceda_agmarknet
2023-05-23,mandya,tomato,3,10.0,10.0,10.0,ceda_agmarknet
2023-05-24,mandya,tomato,3,9.0,10.0,10.0,ceda_agmarknet
2023-05-25,mandya,tomato,18,10.0,10.0,10.0,ceda_agmarknet
2023-05-26,mandya,tomato,4,10.0,10.0,10.0,ceda_agmarknet
2023-05-28,mandya,tomato,5,10.0,10.0,10.0,ceda_agmarknet
2023-05-30,mandya,tomato,5,9.0,9.0,9.0,ceda_agmarknet
2023-05-31,mandya,tomato,4,10.0,10.0,10.0,ceda_agmarknet
2023-06-01,mandya,tomato,13,11.0,11.0,11.0,ceda_agmarknet
2023-06-02,mandya,tomato,10,10.0,11.0,10.0,ceda_agmarknet
2023-06-04,mandya,tomato,4,10.0,10.0,10.0,ceda_agmarknet
2023-06-05,mandya,tomato,6,12.5,12.5,12.5,ceda_agmarknet
2023-06-06,mandya,tomato,8,10.0,10.0,10.0,ceda_agmarknet
2023-06-07,mandya,tomato,4,10.0,20.0,10.0,ceda_agmarknet
2023-06-08,mandya,tomato,14,12.5,16.0,15.0,ceda_agmarknet
2023-06-09,mandya,tomato,4,10.0,10.0,10.0,ceda_agmarknet
2023-06-11,mandya,tomato,5,10.0,10.0,10.0,ceda_agmarknet
2023-06-12,mandya,tomato,2,15.0,17.0,16.9,ceda_agmarknet
2023-06-13,mandya,tomato,6,10.0,10.0,10.0,ceda_agmarknet
2023-06-14,mandya,tomato,2,10.0,10.0,10.0,ceda_agmarknet
2023-06-15,mandya,tomato,9,15.0,17.5,17.0,ceda_agmarknet
2023-06-16,mandya,tomato,5,10.0,10.0,10.0,ceda_agmarknet
2023-06-18,mandya,tomato,4,10.0,10.0,10.0,ceda_agmarknet
2023-06-19,mandya,tomato,3,6.0,15.5,15.4,ceda_agmarknet
2023-06-20,mandya,tomato,5,19.0,20.0,19.0,ceda_agmarknet
2023-06-22,mandya,tomato,11,17.5,19.0,17.5,ceda_agmarknet
2023-06-23,mandya,tomato,5,16.5,17.0,16.9,ceda_agmarknet
2023-06-25,mandya,tomato,4,10.0,10.0,10.0,ceda_agmarknet
2023-06-26,mandya,tomato,3,16.5,17.0,16.925,ceda_agmarknet
2023-06-27,mandya,tomato,4,10.0,10.0,10.0,ceda_agmarknet
2023-06-28,mandya,tomato,1,40.0,60.0,60.0,ceda_agmarknet
2023-06-29,mandya,tomato,2,10.0,10.0,10.0,ceda_agmarknet
2023-06-30,mandya,tomato,3,10.0,10.0,10.0,ceda_agmarknet
2023-07-02,mandya,tomato,2,10.0,10.0,10.0,ceda_agmarknet
2023-07-03,mandya,tomato,2,33.5,33.5,33.5,ceda_agmarknet
2023-07-04,mandya,tomato,1,50.0,50.0,50.0,ceda_agmarknet
2023-07-06,mandya,tomato,6,50.0,65.0,50.0,ceda_agmarknet
2023-07-07,mandya,tomato,1,50.0,50.0,50.0,ceda_agmarknet
2023-07-09,mandya,tomato,1,50.0,50.0,50.0,ceda_agmarknet
2023-07-10,mandya,tomato,,50.0,53.0,52.8,ceda_agmarknet
2023-07-11,mandya,tomato,3,55.0,80.0,65.0,ceda_agmarknet
2023-07-13,mandya,tomato,2,65.0,65.0,65.0,ceda_agmarknet
2023-07-14,mandya,tomato,1,50.0,50.0,50.0,ceda_agmarknet
2023-07-15,mandya,tomato,9,80.0,80.0,80.0,ceda_agmarknet
2023-07-16,mandya,tomato,1,50.0,50.0,50.0,ceda_agmarknet
2023-07-17,mandya,tomato,2,73.66666666666667,73.66666666666667,73.66666666666667,ceda_agmarknet
2023-07-18,mandya,tomato,12,73.0,74.33333333333333,73.0,ceda_agmarknet
2023-07-19,mandya,tomato,10,83.0,85.0,85.0,ceda_agmarknet
2023-07-20,mandya,tomato,10,72.0,73.75,73.75,ceda_agmarknet
2023-07-21,mandya,tomato,11,76.66666666666667,81.66666666666667,78.33333333333333,ceda_agmarknet
2023-07-22,mandya,tomato,7,70.0,73.0,73.0,ceda_agmarknet
2023-07-24,mandya,tomato,5,70.0,72.5,72.5,ceda_agmarknet
2023-07-25,mandya,tomato,9,66.66666666666667,72.66666666666667,72.66666666666667,ceda_agmarknet
2023-07-26,mandya,tomato,11,73.66666666666667,80.33333333333333,80.33333333333333,ceda_agmarknet
2023-07-27,mandya,tomato,11,85.0,88.33333333333334,85.0,ceda_agmarknet
2023-07-28,mandya,tomato,6,76.66666666666667,80.0,80.0,ceda_agmarknet
2023-07-29,mandya,tomato,8,95.0,95.0,95.0,ceda_agmarknet
2023-07-30,mandya,tomato,6,100.0,100.5,100.0,ceda_agmarknet
2023-07-31,mandya,tomato,5,100.5,100.5,100.5,ceda_agmarknet
2023-08-01,mandya,tomato,6,82.0,83.66666666666666,83.66666666666666,ceda_agmarknet
2023-08-02,mandya,tomato,8,102.5,112.5,112.5,ceda_agmarknet
2023-08-03,mandya,tomato,16,95.0,101.66666666666666,98.33333333333334,ceda_agmarknet
2023-08-04,mandya,tomato,10,77.5,90.0,90.0,ceda_agmarknet
2023-08-05,mandya,tomato,9,67.5,72.5,72.5,ceda_agmarknet
2023-08-06,mandya,tomato,3,62.5,62.5,62.5,ceda_agmarknet
2023-08-07,mandya,tomato,5,55.0,60.0,60.0,ceda_agmarknet
2023-08-08,mandya,tomato,5,55.0,62.5,55.0,ceda_agmarknet
2023-08-09,mandya,tomato,9,55.0,60.0,60.0,ceda_agmarknet
2023-08-10,mandya,tomato,4,50.0,50.0,50.0,ceda_agmarknet
2023-08-11,mandya,tomato,15,40.0,40.0,40.0,ceda_agmarknet
2023-08-12,mandya,tomato,5,32.0,32.0,32.0,ceda_agmarknet
2023-08-13,mandya,tomato,6,36.0,36.0,36.0,ceda_agmarknet
2023-08-14,mandya,tomato,5,35.0,35.0,35.0,ceda_agmarknet
2023-08-15,mandya,tomato,3,36.0,36.0,36.0,ceda_agmarknet
2023-08-16,mandya,tomato,10,35.5,37.5,37.5,ceda_agmarknet
2023-08-17,mandya,tomato,9,32.666666666666664,36.0,32.666666666666664,ceda_agmarknet
2023-08-18,mandya,tomato,7,21.666666666666664,21.666666666666664,21.666666666666664,ceda_agmarknet
2023-08-19,mandya,tomato,8,18.0,18.0,18.0,ceda_agmarknet
2023-08-20,mandya,tomato,5,20.0,20.0,20.0,ceda_agmarknet
2023-08-22,mandya,tomato,2,25.0,25.0,25.0,ceda_agmarknet
2023-08-23,mandya,tomato,11,21.0,22.5,22.5,ceda_agmarknet
2023-08-24,mandya,tomato,17,21.0,23.5,22.25,ceda_agmarknet
2023-08-25,mandya,tomato,6,52.5,62.5,52.5,ceda_agmarknet
2023-08-26,mandya,tomato,1,25.0,25.0,25.0,ceda_agmarknet
2023-08-27,mandya,tomato,2,25.0,25.0,25.0,ceda_agmarknet
2023-08-29,mandya,tomato,1,25.0,25.0,25.0,ceda_agmarknet
2023-08-30,mandya,tomato,1,16.0,16.0,16.0,ceda_agmarknet
2023-08-31,mandya,tomato,1,25.0,25.0,25.0,ceda_agmarknet
2023-09-01,mandya,tomato,1,25.0,25.0,25.0,ceda_agmarknet
2023-09-03,mandya,tomato,1,25.0,25.0,25.0,ceda_agmarknet
2023-09-04,mandya,tomato,2,18.5,18.5,18.5,ceda_agmarknet
2023-09-05,mandya,tomato,1,25.0,25.0,25.0,ceda_agmarknet
2023-09-08,mandya,tomato,1,25.0,25.0,25.0,ceda_agmarknet
2023-09-09,mandya,tomato,2,8.0,8.0,8.0,ceda_agmarknet
2023-09-10,mandya,tomato,2,25.0,25.0,25.0,ceda_agmarknet
2023-09-11,mandya,tomato,2,7.0,7.0,7.0,ceda_agmarknet
2023-09-12,mandya,tomato,2,25.0,25.0,25.0,ceda_agmarknet
2023-09-14,mandya,tomato,1,25.0,25.0,25.0,ceda_agmarknet
2023-09-17,mandya,tomato,2,25.0,25.0,25.0,ceda_agmarknet
2023-09-18,mandya,tomato,1,25.0,25.0,25.0,ceda_agmarknet
2023-09-19,mandya,tomato,2,25.0,25.0,25.0,ceda_agmarknet
2023-09-20,mandya,tomato,4,15.5,15.5,15.5,ceda_agmarknet
2023-09-21,mandya,tomato,2,25.0,25.0,25.0,ceda_agmarknet
2023-09-22,mandya,tomato,2,25.0,25.0,25.0,ceda_agmarknet
2023-09-23,mandya,tomato,3,6.0,6.0,6.0,ceda_agmarknet
2023-09-24,mandya,tomato,2,25.0,25.0,25.0,ceda_agmarknet
2023-09-25,mandya,tomato,13,8.0,8.0,8.0,ceda_agmarknet
2023-09-26,mandya,tomato,2,10.0,10.0,10.0,ceda_agmarknet
2023-09-28,mandya,tomato,4,10.0,10.0,10.0,ceda_agmarknet
2023-09-29,mandya,tomato,3,10.0,10.0,10.0,ceda_agmarknet
2023-10-01,mandya,tomato,3,10.0,10.0,10.0,ceda_agmarknet
2023-10-02,mandya,tomato,2,10.0,10.0,10.0,ceda_agmarknet
2023-10-03,mandya,tomato,3,10.0,10.0,10.0,ceda_agmarknet
2023-10-05,mandya,tomato,60,8.0,10.0,8.5,ceda_agmarknet
2023-10-06,mandya,tomato,5,10.0,10.0,10.0,ceda_agmarknet
2023-10-07,mandya,tomato,5,7.0,7.0,7.0,ceda_agmarknet
2023-10-08,mandya,tomato,5,10.0,10.0,10.0,ceda_agmarknet
2023-10-09,mandya,tomato,27,8.0,8.0,8.0,ceda_agmarknet
2023-10-10,mandya,tomato,10,8.0,10.0,8.0,ceda_agmarknet
2023-10-11,mandya,tomato,5,8.5,8.5,8.5,ceda_agmarknet
2023-10-12,mandya,tomato,40,8.0,10.0,8.5,ceda_agmarknet
2023-10-13,mandya,tomato,5,10.0,10.0,10.0,ceda_agmarknet
2023-10-15,mandya,tomato,3,10.0,10.0,10.0,ceda_agmarknet
2023-10-16,mandya,tomato,11,9.5,9.5,9.5,ceda_agmarknet
2023-10-17,mandya,tomato,6,10.0,10.0,10.0,ceda_agmarknet
2023-10-18,mandya,tomato,2,8.0,8.0,8.0,ceda_agmarknet
2023-10-19,mandya,tomato,3,10.0,10.0,10.0,ceda_agmarknet
2023-10-20,mandya,tomato,4,10.0,10.0,10.0,ceda_agmarknet
2023-10-26,mandya,tomato,3,10.0,10.0,10.0,ceda_agmarknet
2023-10-27,mandya,tomato,3,10.0,10.0,10.0,ceda_agmarknet
2023-10-29,mandya,tomato,6,10.0,10.0,10.0,ceda_agmarknet
2023-10-30,mandya,tomato,20,12.5,12.5,12.5,ceda_agmarknet
2023-10-31,mandya,tomato,5,10.0,10.0,10.0,ceda_agmarknet
2023-11-02,mandya,tomato,3,10.0,10.0,10.0,ceda_agmarknet
2023-11-03,mandya,tomato,7,11.0,11.0,11.0,ceda_agmarknet
2023-11-06,mandya,tomato,2,10.0,10.0,10.0,ceda_agmarknet
2023-11-07,mandya,tomato,6,12.5,12.5,12.5,ceda_agmarknet
2023-11-08,mandya,tomato,5,20.0,20.0,20.0,ceda_agmarknet
2023-11-09,mandya,tomato,4,10.0,10.0,10.0,ceda_agmarknet
2023-11-10,mandya,tomato,14,15.0,15.0,15.0,ceda_agmarknet
2023-11-11,mandya,tomato,15,19.0,20.0,20.0,ceda_agmarknet
2023-11-12,mandya,tomato,3,10.0,10.0,10.0,ceda_agmarknet
2023-11-15,mandya,tomato,7,23.0,25.0,25.0,ceda_agmarknet
2023-11-16,mandya,tomato,1,20.0,20.0,20.0,ceda_agmarknet
2023-11-17,mandya,tomato,2,20.0,20.0,20.0,ceda_agmarknet
2023-11-18,mandya,tomato,16,15.0,20.0,20.0,ceda_agmarknet
2023-11-24,mandya,tomato,1,20.0,20.0,20.0,ceda_agmarknet
2023-11-27,mandya,tomato,1,23.0,23.0,23.0,ceda_agmarknet
2023-11-28,mandya,tomato,3,20.0,20.0,20.0,ceda_agmarknet
2023-12-01,mandya,tomato,,15.0,25.0,25.0,ceda_agmarknet
2023-12-02,mandya,tomato,,25.0,25.0,25.0,ceda_agmarknet
2023-12-04,mandya,tomato,,22.5,22.5,22.5,ceda_agmarknet
2023-12-05,mandya,tomato,,20.0,20.0,20.0,ceda_agmarknet
2023-12-06,mandya,tomato,,20.0,20.0,20.0,ceda_agmarknet
2023-12-07,mandya,tomato,,20.0,20.0,20.0,ceda_agmarknet
2023-12-08,mandya,tomato,,20.0,20.0,20.0,ceda_agmarknet
2023-12-09,mandya,tomato,,22.0,22.0,22.0,ceda_agmarknet
2023-12-11,mandya,tomato,,23.0,23.0,23.0,ceda_agmarknet
2023-12-12,mandya,tomato,,20.0,20.0,20.0,ceda_agmarknet
2023-12-13,mandya,tomato,,23.0,23.0,23.0,ceda_agmarknet
2023-12-15,mandya,tomato,1,20.0,20.0,20.0,ceda_agmarknet
2023-12-16,mandya,tomato,3,20.0,20.0,20.0,ceda_agmarknet
2023-12-17,mandya,tomato,1,20.0,20.0,20.0,ceda_agmarknet
2023-12-18,mandya,tomato,1,18.0,18.0,18.0,ceda_agmarknet
2023-12-19,mandya,tomato,1,20.0,20.0,20.0,ceda_agmarknet
2023-12-20,mandya,tomato,1,20.0,20.0,20.0,ceda_agmarknet
2023-12-21,mandya,tomato,1,20.0,20.0,20.0,ceda_agmarknet
2023-12-22,mandya,tomato,1,20.0,20.0,20.0,ceda_agmarknet
2023-12-25,mandya,tomato,1,20.0,20.0,20.0,ceda_agmarknet
2023-12-26,mandya,tomato,2,20.0,20.0,20.0,ceda_agmarknet
2023-12-27,mandya,tomato,1,22.0,22.0,22.0,ceda_agmarknet
2023-12-28,mandya,tomato,1,20.0,20.0,20.0,ceda_agmarknet
2023-12-29,mandya,tomato,3,15.0,20.0,20.0,ceda_agmarknet
2023-12-31,mandya,tomato,1,20.0,20.0,20.0,ceda_agmarknet
2024-01-01,mandya,tomato,1,24.0,24.0,24.0,ceda_agmarknet
2024-01-02,mandya,tomato,4,10.0,20.0,20.0,ceda_agmarknet
2024-01-03,mandya,tomato,1,21.0,21.0,21.0,ceda_agmarknet
2024-01-04,mandya,tomato,1,20.0,20.0,20.0,ceda_agmarknet
2024-01-05,mandya,tomato,3,21.0,21.0,21.0,ceda_agmarknet
2024-01-09,mandya,tomato,2,20.0,25.0,20.0,ceda_agmarknet
2024-01-10,mandya,tomato,1,20.0,20.0,20.0,ceda_agmarknet
2024-01-12,mandya,tomato,4,15.0,20.0,15.0,ceda_agmarknet
2024-01-14,mandya,tomato,2,20.0,20.0,20.0,ceda_agmarknet
2024-01-16,mandya,tomato,1,20.0,20.0,20.0,ceda_agmarknet
2024-01-17,mandya,tomato,1,20.0,20.0,20.0,ceda_agmarknet
2024-01-19,mandya,tomato,2,20.0,20.0,20.0,ceda_agmarknet
2024-01-20,mandya,tomato,1,20.0,20.0,20.0,ceda_agmarknet
2024-01-22,mandya,tomato,1,20.0,25.0,20.0,ceda_agmarknet
2024-01-23,mandya,tomato,5,15.0,20.0,15.0,ceda_agmarknet
2024-01-25,mandya,tomato,1,25.0,25.0,25.0,ceda_agmarknet
2024-01-26,mandya,tomato,1,20.0,20.0,20.0,ceda_agmarknet
2024-01-27,mandya,tomato,6,18.0,18.0,18.0,ceda_agmarknet
2024-01-30,mandya,tomato,2,20.0,20.0,20.0,ceda_agmarknet
2024-01-31,mandya,tomato,1,17.0,17.0,17.0,ceda_agmarknet
2024-02-01,mandya,tomato,3,10.0,10.0,10.0,ceda_agmarknet
2024-02-03,mandya,tomato,1,10.0,10.0,10.0,ceda_agmarknet
2024-02-04,mandya,tomato,5,10.0,10.0,10.0,ceda_agmarknet
2024-02-05,mandya,tomato,2,15.0,20.0,15.0,ceda_agmarknet
2024-02-06,mandya,tomato,7,10.0,10.0,10.0,ceda_agmarknet
2024-02-08,mandya,tomato,18,14.0,14.0,14.0,ceda_agmarknet
2024-02-09,mandya,tomato,7,10.0,10.0,10.0,ceda_agmarknet
2024-02-10,mandya,tomato,1,16.0,16.0,16.0,ceda_agmarknet
2024-02-11,mandya,tomato,2,10.0,10.0,10.0,ceda_agmarknet
2024-02-13,mandya,tomato,4,10.0,10.0,10.0,ceda_agmarknet
2024-02-14,mandya,tomato,1,16.0,16.0,16.0,ceda_agmarknet
2024-02-15,mandya,tomato,2,10.0,10.0,10.0,ceda_agmarknet
2024-02-16,mandya,tomato,5,10.0,10.0,10.0,ceda_agmarknet
2024-02-17,mandya,tomato,1,12.0,12.0,12.0,ceda_agmarknet
2024-02-18,mandya,tomato,4,10.0,10.0,10.0,ceda_agmarknet
2024-02-19,mandya,tomato,3,11.0,11.0,11.0,ceda_agmarknet
2024-02-20,mandya,tomato,3,10.0,10.0,10.0,ceda_agmarknet
2024-02-21,mandya,tomato,1,12.0,12.0,12.0,ceda_agmarknet
2024-02-22,mandya,tomato,2,10.0,10.0,10.0,ceda_agmarknet
2024-02-23,mandya,tomato,5,10.0,10.0,10.0,ceda_agmarknet
2024-02-24,mandya,tomato,1,10.0,10.0,10.0,ceda_agmarknet
2024-02-25,mandya,tomato,4,10.0,10.0,10.0,ceda_agmarknet
2024-02-27,mandya,tomato,23,10.5,11.0,11.0,ceda_agmarknet
2024-02-28,mandya,tomato,20,10.0,10.0,10.0,ceda_agmarknet
2024-02-29,mandya,tomato,3,10.0,10.0,10.0,ceda_agmarknet
2024-03-01,mandya,tomato,6,10.0,10.0,10.0,ceda_agmarknet
2024-03-03,mandya,tomato,3,10.0,10.0,10.0,ceda_agmarknet
2024-03-04,mandya,tomato,3,11.0,11.0,11.0,ceda_agmarknet
2024-03-05,mandya,tomato,4,10.0,10.0,10.0,ceda_agmarknet
2024-03-06,mandya,tomato,2,10.0,10.0,10.0,ceda_agmarknet
2024-03-07,mandya,tomato,3,10.0,10.0,10.0,ceda_agmarknet
2024-03-08,mandya,tomato,2,10.0,10.0,10.0,ceda_agmarknet
2024-03-10,mandya,tomato,2,10.0,10.0,10.0,ceda_agmarknet
2024-03-11,mandya,tomato,3,10.0,10.0,10.0,ceda_agmarknet
2024-03-12,mandya,tomato,20,11.0,11.0,11.0,ceda_agmarknet
2024-03-13,mandya,tomato,2,10.0,10.0,10.0,ceda_agmarknet
2024-03-14,mandya,tomato,1,10.0,10.0,10.0,ceda_agmarknet
2024-03-17,mandya,tomato,1,10.0,10.0,10.0,ceda_agmarknet
2024-03-18,mandya,tomato,3,10.0,10.0,10.0,ceda_agmarknet
2024-03-19,mandya,tomato,4,10.0,10.0,10.0,ceda_agmarknet
2024-03-21,mandya,tomato,2,10.0,10.0,10.0,ceda_agmarknet
2024-03-22,mandya,tomato,6,10.0,10.0,10.0,ceda_agmarknet
2024-03-23,mandya,tomato,2,11.0,11.0,11.0,ceda_agmarknet
2024-03-25,mandya,tomato,4,12.5,12.5,12.5,ceda_agmarknet
2024-03-26,mandya,tomato,5,10.0,10.0,10.0,ceda_agmarknet
2024-03-29,mandya,tomato,4,10.0,10.0,10.0,ceda_agmarknet
2024-03-31,mandya,tomato,4,10.0,10.0,10.0,ceda_agmarknet
2024-04-01,mandya,tomato,,13.5,13.5,13.5,ceda_agmarknet
2024-04-02,mandya,tomato,,10.0,10.0,10.0,ceda_agmarknet
2024-04-04,mandya,tomato,4,10.0,10.0,10.0,ceda_agmarknet
2024-04-05,mandya,tomato,4,10.0,10.0,10.0,ceda_agmarknet
2024-04-06,mandya,tomato,1,20.0,20.0,20.0,ceda_agmarknet
2024-04-07,mandya,tomato,4,10.0,10.0,10.0,ceda_agmarknet
2024-04-08,mandya,tomato,4,10.0,10.0,10.0,ceda_agmarknet
2024-04-14,mandya,tomato,4,10.0,10.0,10.0,ceda_agmarknet
2024-04-15,mandya,tomato,4,10.0,10.0,10.0,ceda_agmarknet
2024-04-16,mandya,tomato,5,10.0,10.0,10.0,ceda_agmarknet
2024-04-18,mandya,tomato,5,10.0,10.0,10.0,ceda_agmarknet
2024-04-19,mandya,tomato,3,10.0,20.0,10.0,ceda_agmarknet
2024-04-21,mandya,tomato,2,20.0,20.0,20.0,ceda_agmarknet
2024-04-22,mandya,tomato,2,20.0,20.0,20.0,ceda_agmarknet
2024-04-23,mandya,tomato,2,20.0,20.0,20.0,ceda_agmarknet
2024-04-25,mandya,tomato,2,20.0,20.0,20.0,ceda_agmarknet
2024-04-27,mandya,tomato,1,10.0,10.0,10.0,ceda_agmarknet
2024-04-28,mandya,tomato,4,10.0,10.0,10.0,ceda_agmarknet
2024-04-29,mandya,tomato,1,20.0,20.0,20.0,ceda_agmarknet
2024-04-30,mandya,tomato,2,20.0,20.0,20.0,ceda_agmarknet
2024-05-02,mandya,tomato,2,20.0,20.0,20.0,ceda_agmarknet
2024-05-03,mandya,tomato,2,20.0,20.0,20.0,ceda_agmarknet
2024-05-05,mandya,tomato,2,10.0,20.0,10.0,ceda_agmarknet
2024-05-06,mandya,tomato,1,20.0,20.0,20.0,ceda_agmarknet
2024-05-07,mandya,tomato,4,10.0,10.0,10.0,ceda_agmarknet
2024-05-09,mandya,tomato,2,20.0,20.0,20.0,ceda_agmarknet
2024-05-10,mandya,tomato,1,20.0,20.0,20.0,ceda_agmarknet
2024-05-12,mandya,tomato,1,20.0,20.0,20.0,ceda_agmarknet
2024-05-13,mandya,tomato,2,20.0,20.0,20.0,ceda_agmarknet
2024-05-14,mandya,tomato,1,20.0,20.0,20.0,ceda_agmarknet
2024-05-16,mandya,tomato,2,20.0,20.0,20.0,ceda_agmarknet
2024-05-17,mandya,tomato,2,20.0,20.0,20.0,ceda_agmarknet
2024-05-18,mandya,tomato,1,82.0,82.0,82.0,ceda_agmarknet
2024-05-19,mandya,tomato,2,20.0,20.0,20.0,ceda_agmarknet
2024-05-20,mandya,tomato,1,20.0,20.0,20.0,ceda_agmarknet
2024-05-21,mandya,tomato,2,20.0,20.0,20.0,ceda_agmarknet
2024-05-23,mandya,tomato,2,20.0,20.0,20.0,ceda_agmarknet
2024-05-24,mandya,tomato,1,20.0,20.0,20.0,ceda_agmarknet
2024-05-26,mandya,tomato,2,20.0,20.0,20.0,ceda_agmarknet
2024-05-27,mandya,tomato,2,20.0,20.0,20.0,ceda_agmarknet
2024-05-28,mandya,tomato,1,20.0,20.0,20.0,ceda_agmarknet
2024-05-30,mandya,tomato,1,20.0,20.0,20.0,ceda_agmarknet
2024-05-31,mandya,tomato,1,20.0,20.0,20.0,ceda_agmarknet
2024-06-02,mandya,tomato,,20.0,20.0,20.0,ceda_agmarknet
2024-06-03,mandya,tomato,,20.0,20.0,20.0,ceda_agmarknet
2024-06-04,mandya,tomato,,20.0,20.0,20.0,ceda_agmarknet
2024-06-06,mandya,tomato,,27.5,27.5,27.5,ceda_agmarknet
2024-06-07,mandya,tomato,,20.0,20.0,20.0,ceda_agmarknet
2024-06-09,mandya,tomato,,20.0,20.0,20.0,ceda_agmarknet
2024-06-10,mandya,tomato,,20.0,20.0,20.0,ceda_agmarknet
2024-06-11,mandya,tomato,,20.0,20.0,20.0,ceda_agmarknet
2024-06-13,mandya,tomato,,20.0,20.0,20.0,ceda_agmarknet
2024-06-14,mandya,tomato,,20.0,20.0,20.0,ceda_agmarknet
2024-06-16,mandya,tomato,,20.0,20.0,20.0,ceda_agmarknet
2024-06-18,mandya,tomato,,20.0,20.0,20.0,ceda_agmarknet
2024-06-20,mandya,tomato,,20.0,20.0,20.0,ceda_agmarknet
2024-06-21,mandya,tomato,,20.0,20.0,20.0,ceda_agmarknet
2024-06-23,mandya,tomato,,20.0,20.0,20.0,ceda_agmarknet
2024-06-24,mandya,tomato,,20.0,20.0,20.0,ceda_agmarknet
2024-06-25,mandya,tomato,,20.0,20.0,20.0,ceda_agmarknet
2024-06-26,mandya,tomato,,20.0,20.0,20.0,ceda_agmarknet
2024-06-27,mandya,tomato,,20.0,20.0,20.0,ceda_agmarknet
2024-06-28,mandya,tomato,,20.0,20.0,20.0,ceda_agmarknet
2024-06-30,mandya,tomato,,20.0,20.0,20.0,ceda_agmarknet
2024-07-01,mandya,tomato,,20.0,20.0,20.0,ceda_agmarknet
2024-07-02,mandya,tomato,,20.0,20.0,20.0,ceda_agmarknet
2024-07-04,mandya,tomato,,20.0,20.0,20.0,ceda_agmarknet
2024-07-05,mandya,tomato,,20.0,20.0,20.0,ceda_agmarknet
2024-07-07,mandya,tomato,,20.0,20.0,20.0,ceda_agmarknet
2024-07-08,mandya,tomato,,10.0,20.0,10.0,ceda_agmarknet
2024-07-09,mandya,tomato,,10.0,20.0,10.0,ceda_agmarknet
2024-07-11,mandya,tomato,,10.0,20.0,10.0,ceda_agmarknet
2024-07-12,mandya,tomato,,10.0,20.0,10.0,ceda_agmarknet
2024-07-14,mandya,tomato,,20.0,20.0,20.0,ceda_agmarknet
2024-07-16,mandya,tomato,,20.0,20.0,20.0,ceda_agmarknet
2024-07-18,mandya,tomato,,20.0,20.0,20.0,ceda_agmarknet
2024-07-19,mandya,tomato,,10.0,20.0,10.0,ceda_agmarknet
2024-07-23,mandya,tomato,,20.0,30.0,20.0,ceda_agmarknet
2024-07-24,mandya,tomato,,20.0,20.0,20.0,ceda_agmarknet
2024-07-25,mandya,tomato,,30.0,30.0,30.0,ceda_agmarknet
2024-07-26,mandya,tomato,,20.0,20.0,20.0,ceda_agmarknet
2024-07-28,mandya,tomato,,15.0,30.0,15.0,ceda_agmarknet
2024-07-29,mandya,tomato,,10.0,10.0,10.0,ceda_agmarknet
2024-07-30,mandya,tomato,,20.0,20.0,20.0,ceda_agmarknet
2024-08-04,mandya,tomato,,10.0,10.0,10.0,ceda_agmarknet
2024-08-05,mandya,tomato,3,10.0,10.0,10.0,ceda_agmarknet
2024-08-06,mandya,tomato,6,10.0,10.0,10.0,ceda_agmarknet
2024-08-08,mandya,tomato,4,10.0,10.0,10.0,ceda_agmarknet
2024-08-09,mandya,tomato,4,10.0,10.0,10.0,ceda_agmarknet
2024-08-11,mandya,tomato,2,10.0,10.0,10.0,ceda_agmarknet
2024-08-12,mandya,tomato,3,10.0,10.0,10.0,ceda_agmarknet
2024-08-13,mandya,tomato,3,10.0,10.0,10.0,ceda_agmarknet
2024-08-15,mandya,tomato,9,5.0,10.0,10.0,ceda_agmarknet
2024-08-18,mandya,tomato,7,10.0,10.0,10.0,ceda_agmarknet
2024-08-19,mandya,tomato,3,10.0,10.0,10.0,ceda_agmarknet
2024-08-20,mandya,tomato,5,10.0,10.0,10.0,ceda_agmarknet
2024-08-22,mandya,tomato,5,10.0,10.0,10.0,ceda_agmarknet
2024-08-23,mandya,tomato,6,10.0,10.0,10.0,ceda_agmarknet
2024-08-25,mandya,tomato,3,20.0,20.0,20.0,ceda_agmarknet
2024-08-26,mandya,tomato,3,10.0,10.0,10.0,ceda_agmarknet
2024-08-27,mandya,tomato,3,10.0,10.0,10.0,ceda_agmarknet
2024-08-29,mandya,tomato,3,10.0,10.0,10.0,ceda_agmarknet
2024-08-30,mandya,tomato,8,6.0,10.0,10.0,ceda_agmarknet
2024-09-01,mandya,tomato,5,10.0,10.0,10.0,ceda_agmarknet
2024-09-02,mandya,tomato,2,10.0,10.0,10.0,ceda_agmarknet
2024-09-03,mandya,tomato,4,10.0,10.0,10.0,ceda_agmarknet
2024-09-05,mandya,tomato,3,10.0,10.0,10.0,ceda_agmarknet
2024-09-06,mandya,tomato,4,10.0,10.0,10.0,ceda_agmarknet
2024-09-08,mandya,tomato,4,10.0,10.0,10.0,ceda_agmarknet
2024-09-10,mandya,tomato,5,10.0,10.0,10.0,ceda_agmarknet
2024-09-12,mandya,tomato,5,10.0,10.0,10.0,ceda_agmarknet
2024-09-15,mandya,tomato,2,10.0,10.0,10.0,ceda_agmarknet
2024-09-17,mandya,tomato,1,10.0,10.0,10.0,ceda_agmarknet
2024-09-24,mandya,tomato,4,10.0,10.0,10.0,ceda_agmarknet
2024-09-25,mandya,tomato,4,10.0,15.0,10.0,ceda_agmarknet
2024-10-04,mandya,tomato,1,10.0,10.0,10.0,ceda_agmarknet
2024-10-15,mandya,tomato,4,10.0,30.0,30.0,ceda_agmarknet
2024-10-17,mandya,tomato,2,40.0,40.0,40.0,ceda_agmarknet
2024-10-18,mandya,tomato,4,40.0,40.0,40.0,ceda_agmarknet
2024-10-21,mandya,tomato,3,40.0,40.0,40.0,ceda_agmarknet
2024-10-22,mandya,tomato,1,40.0,40.0,40.0,ceda_agmarknet
2024-10-23,mandya,tomato,2,40.0,40.0,40.0,ceda_agmarknet
2024-10-24,mandya,tomato,1,40.0,40.0,40.0,ceda_agmarknet
2024-10-25,mandya,tomato,4,30.0,40.0,40.0,ceda_agmarknet
2024-10-28,mandya,tomato,2,25.0,25.0,25.0,ceda_agmarknet
2024-10-29,mandya,tomato,7,25.0,25.0,25.0,ceda_agmarknet
2024-11-03,mandya,tomato,3,15.0,20.0,20.0,ceda_agmarknet
2024-11-04,mandya,tomato,4,20.0,20.0,20.0,ceda_agmarknet
2024-11-06,mandya,tomato,6,22.0,22.0,22.0,ceda_agmarknet
2024-11-07,mandya,tomato,10,21.0,21.0,21.0,ceda_agmarknet
2024-11-08,mandya,tomato,12,20.0,20.0,20.0,ceda_agmarknet
2024-11-12,mandya,tomato,13,13.0,13.0,13.0,ceda_agmarknet
2024-11-14,mandya,tomato,15,15.0,15.0,15.0,ceda_agmarknet
2024-11-15,mandya,tomato,19,13.0,13.0,13.0,ceda_agmarknet
2024-11-19,mandya,tomato,2,20.0,20.0,20.0,ceda_agmarknet
2024-11-20,mandya,tomato,6,22.0,22.0,22.0,ceda_agmarknet
2024-11-26,mandya,tomato,8,20.0,24.0,24.0,ceda_agmarknet
2024-12-03,mandya,tomato,5,35.0,40.0,35.0,ceda_agmarknet
2024-12-05,mandya,tomato,5,35.0,35.0,35.0,ceda_agmarknet
2024-12-09,mandya,tomato,2,20.0,20.0,20.0,ceda_agmarknet
2024-12-12,mandya,tomato,9,10.0,10.0,10.0,ceda_agmarknet
2024-12-13,mandya,tomato,14,10.0,10.0,10.0,ceda_agmarknet
2024-12-15,mandya,tomato,1,,,,ceda_agmarknet
2024-12-16,mandya,tomato,6,,,,ceda_agmarknet
2024-12-17,mandya,tomato,9,,,,ceda_agmarknet
2024-12-18,mandya,tomato,3,,,,ceda_agmarknet
2024-12-19,mandya,tomato,8,,,,ceda_agmarknet
2024-12-20,mandya,tomato,6,,,,ceda_agmarknet
2024-12-26,mandya,tomato,7,15.0,15.0,15.0,ceda_agmarknet
2024-12-27,mandya,tomato,3,15.0,15.0,15.0,ceda_agmarknet
2024-12-29,mandya,tomato,5,5.0,5.0,5.0,ceda_agmarknet
2024-12-30,mandya,tomato,2,15.0,15.0,15.0,ceda_agmarknet
2024-12-31,mandya,tomato,12,10.0,15.0,10.0,ceda_agmarknet
2025-01-01,mandya,tomato,5,10.0,10.0,10.0,ceda_agmarknet
2025-01-02,mandya,tomato,5,10.0,12.0,10.0,ceda_agmarknet
2025-01-03,mandya,tomato,9,10.0,10.0,10.0,ceda_agmarknet
2025-01-05,mandya,tomato,12,10.0,10.0,10.0,ceda_agmarknet
2025-01-06,mandya,tomato,4,10.0,10.0,10.0,ceda_agmarknet
2025-01-07,mandya,tomato,6,10.0,10.0,10.0,ceda_agmarknet
2025-01-09,mandya,tomato,5,10.0,10.0,10.0,ceda_agmarknet
2025-01-10,mandya,tomato,10,10.0,10.0,10.0,ceda_agmarknet
2025-01-12,mandya,tomato,6,10.0,10.0,10.0,ceda_agmarknet
2025-01-13,mandya,tomato,6,10.0,10.0,10.0,ceda_agmarknet
2025-01-14,mandya,tomato,11,10.0,10.0,10.0,ceda_agmarknet
2025-01-16,mandya,tomato,6,10.0,10.0,10.0,ceda_agmarknet
2025-01-17,mandya,tomato,11,10.0,15.0,10.0,ceda_agmarknet
2025-01-20,mandya,tomato,3,10.0,10.0,10.0,ceda_agmarknet
2025-01-21,mandya,tomato,1,10.0,10.0,10.0,ceda_agmarknet
2025-01-22,mandya,tomato,5,10.0,10.0,10.0,ceda_agmarknet
2025-01-23,mandya,tomato,8,10.0,10.0,10.0,ceda_agmarknet
2025-01-24,mandya,tomato,5,10.0,14.0,14.0,ceda_agmarknet
2025-01-27,mandya,tomato,5,10.0,10.0,10.0,ceda_agmarknet
2025-01-28,mandya,tomato,3,10.0,10.0,10.0,ceda_agmarknet
2025-01-29,mandya,tomato,2,10.0,10.0,10.0,ceda_agmarknet
2025-01-30,mandya,tomato,2,10.0,10.0,10.0,ceda_agmarknet
2025-01-31,mandya,tomato,11,10.0,10.0,10.0,ceda_agmarknet
2025-02-03,mandya,tomato,3,15.0,15.0,15.0,ceda_agmarknet
2025-02-04,mandya,tomato,4,10.0,10.0,10.0,ceda_agmarknet
2025-02-07,mandya,tomato,1,10.0,10.0,10.0,ceda_agmarknet
2025-02-09,mandya,tomato,12,15.0,15.0,15.0,ceda_agmarknet
2025-02-10,mandya,tomato,5,15.0,15.0,15.0,ceda_agmarknet
2025-02-11,mandya,tomato,7,10.0,15.0,10.0,ceda_agmarknet
2025-02-12,mandya,tomato,4,,,,ceda_agmarknet
2025-02-13,mandya,tomato,2,12.0,14.0,12.0,ceda_agmarknet
2025-02-14,mandya,tomato,8,10.0,10.0,10.0,ceda_agmarknet
2025-02-17,mandya,tomato,3,10.0,10.0,10.0,ceda_agmarknet
2025-02-18,mandya,tomato,12,10.0,10.0,10.0,ceda_agmarknet
2025-02-21,mandya,tomato,12,10.0,10.0,10.0,ceda_agmarknet
2025-02-23,mandya,tomato,6,10.0,10.0,10.0,ceda_agmarknet
2025-02-25,mandya,tomato,8,10.0,10.0,10.0,ceda_agmarknet
2025-02-26,mandya,tomato,2,10.0,10.0,10.0,ceda_agmarknet
2025-02-27,mandya,tomato,8,10.0,10.0,10.0,ceda_agmarknet
2025-02-28,mandya,tomato,10,10.0,10.0,10.0,ceda_agmarknet
2025-03-02,mandya,tomato,6,10.0,10.0,10.0,ceda_agmarknet
2025-03-13,mandya,tomato,12,6.0,6.0,6.0,ceda_agmarknet
2025-03-14,mandya,tomato,1,5.0,5.0,5.0,ceda_agmarknet
2025-03-17,mandya,tomato,6,5.0,5.0,5.0,ceda_agmarknet
2025-03-18,mandya,tomato,3,5.0,8.0,5.0,ceda_agmarknet
2025-03-20,mandya,tomato,19,5.0,7.0,5.0,ceda_agmarknet
2025-03-21,mandya,tomato,13,7.0,10.0,7.0,ceda_agmarknet
2025-03-24,mandya,tomato,9,7.0,7.0,7.0,ceda_agmarknet
2025-03-25,mandya,tomato,14,7.0,7.0,7.0,ceda_agmarknet
2025-03-27,mandya,tomato,14,8.0,8.0,8.0,ceda_agmarknet
2025-03-28,mandya,tomato,8,8.0,8.0,8.0,ceda_agmarknet
2025-04-04,mandya,tomato,15,7.0,7.0,7.0,ceda_agmarknet
2025-04-08,mandya,tomato,11,10.0,10.0,10.0,ceda_agmarknet
2025-04-11,mandya,tomato,7,10.0,10.0,10.0,ceda_agmarknet
2025-04-15,mandya,tomato,15,9.0,9.0,9.0,ceda_agmarknet
2025-04-21,mandya,tomato,6,10.0,10.0,10.0,ceda_agmarknet
2025-04-24,mandya,tomato,9,10.0,10.0,10.0,ceda_agmarknet
2025-04-25,mandya,tomato,6,10.0,10.0,10.0,ceda_agmarknet
2025-04-29,mandya,tomato,2,10.0,10.0,10.0,ceda_agmarknet
2025-05-02,mandya,tomato,2,10.0,10.0,10.0,ceda_agmarknet
2025-05-06,mandya,tomato,2,10.0,10.0,10.0,ceda_agmarknet
2025-05-07,mandya,tomato,3,10.0,10.0,10.0,ceda_agmarknet
2025-05-08,mandya,tomato,12,10.0,10.0,10.0,ceda_agmarknet
2025-05-09,mandya,tomato,13,7.0,10.0,7.0,ceda_agmarknet
2025-05-12,mandya,tomato,9,10.0,10.0,10.0,ceda_agmarknet
2025-05-13,mandya,tomato,8,10.0,10.0,10.0,ceda_agmarknet
2025-05-14,mandya,tomato,2,10.0,10.0,10.0,ceda_agmarknet
2025-05-15,mandya,tomato,4,10.0,10.0,10.0,ceda_agmarknet
2025-05-16,mandya,tomato,6,10.0,10.0,10.0,ceda_agmarknet
2025-05-19,mandya,tomato,4,10.0,10.0,10.0,ceda_agmarknet
2025-05-20,mandya,tomato,13,10.0,10.0,10.0,ceda_agmarknet
2025-05-22,mandya,tomato,7,10.0,10.0,10.0,ceda_agmarknet
2025-05-24,mandya,tomato,8,10.0,10.0,10.0,ceda_agmarknet
2025-05-25,mandya,tomato,8,10.0,10.0,10.0,ceda_agmarknet
2025-05-26,mandya,tomato,3,10.0,10.0,10.0,ceda_agmarknet
2025-05-29,mandya,tomato,7,12.0,12.0,12.0,ceda_agmarknet
2025-05-30,mandya,tomato,11,10.0,10.0,10.0,ceda_agmarknet
2025-05-31,mandya,tomato,1,10.0,10.0,10.0,ceda_agmarknet
2025-06-01,mandya,tomato,11,10.0,12.0,10.0,ceda_agmarknet
2025-06-02,mandya,tomato,4,10.0,10.0,10.0,ceda_agmarknet
2025-06-03,mandya,tomato,12,10.0,13.0,10.0,ceda_agmarknet
2025-06-04,mandya,tomato,10,10.0,10.0,10.0,ceda_agmarknet
2025-06-05,mandya,tomato,20,10.0,10.0,10.0,ceda_agmarknet
2025-06-06,mandya,tomato,3,10.0,10.0,10.0,ceda_agmarknet
2025-06-08,mandya,tomato,15,15.0,15.0,15.0,ceda_agmarknet
2025-06-09,mandya,tomato,9,10.0,10.0,10.0,ceda_agmarknet
2025-06-10,mandya,tomato,14,10.0,12.0,12.0,ceda_agmarknet
2025-06-11,mandya,tomato,10,15.0,15.0,15.0,ceda_agmarknet
2025-06-12,mandya,tomato,11,15.0,15.0,15.0,ceda_agmarknet
2025-06-13,mandya,tomato,21,14.0,14.0,14.0,ceda_agmarknet
2025-06-15,mandya,tomato,20,14.0,14.0,14.0,ceda_agmarknet
2025-06-16,mandya,tomato,6,10.0,10.0,10.0,ceda_agmarknet
2025-06-17,mandya,tomato,15,10.0,10.0,10.0,ceda_agmarknet
2025-06-19,mandya,tomato,12,10.0,10.0,10.0,ceda_agmarknet
2025-06-20,mandya,tomato,18,10.0,10.0,10.0,ceda_agmarknet
2025-06-22,mandya,tomato,16,10.0,10.0,10.0,ceda_agmarknet
2025-06-23,mandya,tomato,9,10.0,14.0,10.0,ceda_agmarknet
2025-06-24,mandya,tomato,4,10.0,15.0,15.0,ceda_agmarknet
2025-06-25,mandya,tomato,6,15.0,15.0,15.0,ceda_agmarknet
2025-06-26,mandya,tomato,9,19.0,19.0,19.0,ceda_agmarknet
2025-06-27,mandya,tomato,17,10.0,16.0,16.0,ceda_agmarknet
2025-06-29,mandya,tomato,9,16.0,16.0,16.0,ceda_agmarknet
2025-06-30,mandya,tomato,7,15.0,17.0,17.0,ceda_agmarknet
2022-01-01,mysuru,tomato,6,26.276666666666664,37.943333333333335,31.276666666666664,ceda_agmarknet
2022-01-02,mysuru,tomato,174,40.0,46.0,40.5,ceda_agmarknet
2022-01-03,mysuru,tomato,104,22.276666666666664,27.943333333333335,27.61,ceda_agmarknet
2022-01-04,mysuru,tomato,100,25.7075,29.9575,27.2075,ceda_agmarknet
2022-01-05,mysuru,tomato,142,19.276666666666667,23.276666666666664,21.276666666666664,ceda_agmarknet
2022-01-06,mysuru,tomato,185,21.276666666666664,23.943333333333335,21.943333333333335,ceda_agmarknet
2022-01-07,mysuru,tomato,294,19.2325,26.9575,24.2075,ceda_agmarknet
2022-01-08,mysuru,tomato,1,30.0,30.0,30.0,ceda_agmarknet
2022-01-09,mysuru,tomato,185,25.5,34.0,28.75,ceda_agmarknet
2022-01-10,mysuru,tomato,268,18.276666666666667,18.94333333333333,18.61,ceda_agmarknet
2022-01-11,mysuru,tomato,194,23.6825,36.4575,25.7525,ceda_agmarknet
2022-01-12,mysuru,tomato,214,24.4325,25.4575,25.2075,ceda_agmarknet
2022-01-13,mysuru,tomato,173,14.943333333333333,18.94333333333333,16.94333333333333,ceda_agmarknet
2022-01-14,mysuru,tomato,166,18.276666666666667,18.94333333333333,18.61,ceda_agmarknet
2022-01-15,mysuru,tomato,2,15.0,25.0,20.0,ceda_agmarknet
2022-01-16,mysuru,tomato,193,20.0,22.0,21.0,ceda_agmarknet
2022-01-17,mysuru,tomato,205,16.61,22.276666666666664,22.11,ceda_agmarknet
2022-01-18,mysuru,tomato,403,15.2075,20.2075,19.9575,ceda_agmarknet
2022-01-19,mysuru,tomato,169,15.0,17.333333333333332,16.5,ceda_agmarknet
2022-01-20,mysuru,tomato,195,10.0,16.0,13.25,ceda_agmarknet
2022-01-21,mysuru,tomato,199,10.666666666666668,16.333333333333332,12.666666666666668,ceda_agmarknet
2022-01-22,mysuru,tomato,1,10.0,15.0,12.0,ceda_agmarknet
2022-01-23,mysuru,tomato,192,11.0,12.0,11.75,ceda_agmarknet
2022-01-24,mysuru,tomato,103,11.0,17.0,14.25,ceda_agmarknet
2022-01-25,mysuru,tomato,185,14.0,15.0,14.75,ceda_agmarknet
2022-01-26,mysuru,tomato,98,11.5,15.0,13.0,ceda_agmarknet
2022-01-27,mysuru,tomato,207,12.666666666666668,15.333333333333332,14.0,ceda_agmarknet
2022-01-28,mysuru,tomato,204,10.0,20.666666666666664,19.833333333333332,ceda_agmarknet
2022-01-29,mysuru,tomato,7,11.0,25.0,25.0,ceda_agmarknet
2022-01-30,mysuru,tomato,170,8.0,11.0,9.75,ceda_agmarknet
2022-01-31,mysuru,tomato,192,8.0,24.0,9.5,ceda_agmarknet
2022-02-01,mysuru,tomato,198,7.333333333333334,12.666666666666668,11.833333333333332,ceda_agmarknet
2022-02-02,mysuru,tomato,188,10.333333333333332,12.666666666666668,12.5,ceda_agmarknet
2022-02-03,mysuru,tomato,307,7.333333333333334,16.333333333333332,10.833333333333332,ceda_agmarknet
2022-02-04,mysuru,tomato,169,10.666666666666668,16.333333333333332,16.166666666666668,ceda_agmarknet
2022-02-05,mysuru,tomato,7,7.5,15.0,14.0,ceda_agmarknet
2022-02-06,mysuru,tomato,192,10.0,11.0,10.75,ceda_agmarknet
2022-02-07,mysuru,tomato,168,9.0,15.0,14.75,ceda_agmarknet
2022-02-08,mysuru,tomato,186,9.833333333333334,19.0,17.833333333333332,ceda_agmarknet
2022-02-09,mysuru,tomato,167,9.0,14.333333333333332,11.833333333333332,ceda_agmarknet
2022-02-10,mysuru,tomato,178,8.666666666666666,14.0,11.333333333333332,ceda_agmarknet
2022-02-11,mysuru,tomato,155,5.0,8.0,6.75,ceda_agmarknet
2022-02-12,mysuru,tomato,2,10.0,10.0,10.0,ceda_agmarknet
2022-02-13,mysuru,tomato,184,4.5,8.0,6.75,ceda_agmarknet
2022-02-14,mysuru,tomato,186,6.0,23.0,20.25,ceda_agmarknet
2022-02-15,mysuru,tomato,186,4.5,8.0,6.5,ceda_agmarknet
2022-02-16,mysuru,tomato,137,6.333333333333334,10.333333333333332,9.833333333333334,ceda_agmarknet
2022-02-17,mysuru,tomato,173,3.0,5.0,4.5,ceda_agmarknet
2022-02-18,mysuru,tomato,175,6.5,7.5,7.25,ceda_agmarknet
2022-02-19,mysuru,tomato,5,9.5,10.5,10.0,ceda_agmarknet
2022-02-20,mysuru,tomato,192,4.0,7.5,4.75,ceda_agmarknet
2022-02-21,mysuru,tomato,163,3.0,5.0,4.5,ceda_agmarknet
2022-02-22,mysuru,tomato,193,7.666666666666666,11.666666666666668,10.833333333333332,ceda_agmarknet
2022-02-23,mysuru,tomato,132,6.0,11.666666666666668,9.0,ceda_agmarknet
2022-02-24,mysuru,tomato,188,5.666666666666666,12.0,7.833333333333334,ceda_agmarknet
2022-02-25,mysuru,tomato,143,5.666666666666666,12.333333333333332,9.666666666666666,ceda_agmarknet
2022-02-26,mysuru,tomato,1,6.0,7.0,6.0,ceda_agmarknet
2022-02-27,mysuru,tomato,191,3.0,5.5,4.75,ceda_agmarknet
2022-02-28,mysuru,tomato,168,7.0,13.0,10.25,ceda_agmarknet
2022-03-01,mysuru,tomato,139,4.0,5.5,4.75,ceda_agmarknet
2022-03-02,mysuru,tomato,102,6.5,10.0,9.75,ceda_agmarknet
2022-03-03,mysuru,tomato,186,3.5,7.5,5.25,ceda_agmarknet
2022-03-04,mysuru,tomato,167,5.666666666666666,9.666666666666666,7.666666666666666,ceda_agmarknet
2022-03-05,mysuru,tomato,4,7.0,12.5,10.5,ceda_agmarknet
2022-03-06,mysuru,tomato,197,3.5,7.0,4.25,ceda_agmarknet
2022-03-07,mysuru,tomato,99,6.0,9.5,9.25,ceda_agmarknet
2022-03-08,mysuru,tomato,133,3.5,5.0,4.75,ceda_agmarknet
2022-03-09,mysuru,tomato,98,5.333333333333334,9.0,8.0,ceda_agmarknet
2022-03-10,mysuru,tomato,197,5.666666666666666,8.333333333333334,7.833333333333334,ceda_agmarknet
2022-03-11,mysuru,tomato,137,4.666666666666667,7.333333333333334,6.166666666666666,ceda_agmarknet
2022-03-12,mysuru,tomato,2,6.0,6.0,6.0,ceda_agmarknet
2022-03-13,mysuru,tomato,190,3.0,7.5,5.0,ceda_agmarknet
2022-03-14,mysuru,tomato,175,6.0,12.0,9.0,ceda_agmarknet
2022-03-15,mysuru,tomato,177,5.666666666666666,13.666666666666668,9.833333333333334,ceda_agmarknet
2022-03-16,mysuru,tomato,132,5.333333333333334,9.333333333333334,7.5,ceda_agmarknet
2022-03-17,mysuru,tomato,177,5.333333333333334,8.0,7.333333333333334,ceda_agmarknet
2022-03-18,mysuru,tomato,95,3.5,4.5,4.25,ceda_agmarknet
2022-03-19,mysuru,tomato,5,6.5,10.0,9.5,ceda_agmarknet
2022-03-20,mysuru,tomato,193,3.5,7.5,4.75,ceda_agmarknet
2022-03-21,mysuru,tomato,134,6.5,10.0,9.75,ceda_agmarknet
2022-03-22,mysuru,tomato,130,6.0,8.666666666666666,8.5,ceda_agmarknet
2022-03-23,mysuru,tomato,129,6.0,8.666666666666666,8.0,ceda_agmarknet
2022-03-24,mysuru,tomato,141,5.666666666666666,10.0,7.833333333333334,ceda_agmarknet
2022-03-25,mysuru,tomato,138,5.333333333333334,10.0,7.666666666666666,ceda_agmarknet
2022-03-26,mysuru,tomato,2,5.0,10.0,5.0,ceda_agmarknet
2022-03-27,mysuru,tomato,2,4.0,6.0,5.0,ceda_agmarknet
2022-03-28,mysuru,tomato,3,10.0,20.0,15.0,ceda_agmarknet
2022-03-29,mysuru,tomato,191,8.0,11.5,11.0,ceda_agmarknet
2022-03-30,mysuru,tomato,142,8.0,10.333333333333332,10.166666666666666,ceda_agmarknet
2022-03-31,mysuru,tomato,138,7.333333333333334,13.333333333333332,10.166666666666666,ceda_agmarknet
2022-04-01,mysuru,tomato,142,7.666666666666666,13.0,9.666666666666666,ceda_agmarknet
2022-04-02,mysuru,tomato,2,4.0,5.0,5.0,ceda_agmarknet
2022-04-04,mysuru,tomato,167,9.5,15.5,12.5,ceda_agmarknet
2022-04-05,mysuru,tomato,131,6.0,9.5,9.25,ceda_agmarknet
2022-04-06,mysuru,tomato,126,5.5,9.0,6.75,ceda_agmarknet
2022-04-07,mysuru,tomato,142,5.5,6.5,6.25,ceda_agmarknet
2022-04-08,mysuru,tomato,131,7.666666666666666,13.333333333333332,10.166666666666666,ceda_agmarknet
2022-04-09,mysuru,tomato,2,5.0,10.0,8.0,ceda_agmarknet
2022-04-10,mysuru,tomato,191,8.5,12.5,10.0,ceda_agmarknet
2022-04-11,mysuru,tomato,140,13.0,15.0,14.0,ceda_agmarknet
2022-04-12,mysuru,tomato,185,14.0,17.5,15.5,ceda_agmarknet
2022-04-13,mysuru,tomato,129,11.333333333333332,16.0,15.0,ceda_agmarknet
2022-04-14,mysuru,tomato,40,9.0,12.0,10.5,ceda_agmarknet
2022-04-15,mysuru,tomato,90,13.0,14.0,13.5,ceda_agmarknet
2022-04-16,mysuru,tomato,6,15.0,22.0,18.0,ceda_agmarknet
2022-04-17,mysuru,tomato,184,15.0,21.0,18.0,ceda_agmarknet
2022-04-18,mysuru,tomato,102,20.0,23.5,22.0,ceda_agmarknet
2022-04-19,mysuru,tomato,97,19.333333333333332,21.666666666666664,21.333333333333336,ceda_agmarknet
2022-04-20,mysuru,tomato,187,20.0,25.666666666666664,23.0,ceda_agmarknet
2022-04-21,mysuru,tomato,180,21.0,23.333333333333336,22.333333333333336,ceda_agmarknet
2022-04-22,mysuru,tomato,93,20.333333333333332,24.666666666666664,22.333333333333336,ceda_agmarknet
2022-04-23,mysuru,tomato,1,25.0,25.0,25.0,ceda_agmarknet
2022-04-24,mysuru,tomato,199,24.0,27.0,25.5,ceda_agmarknet
2022-04-25,mysuru,tomato,89,29.0,34.0,32.0,ceda_agmarknet
2022-04-26,mysuru,tomato,94,26.333333333333336,30.333333333333336,29.0,ceda_agmarknet
2022-04-27,mysuru,tomato,85,31.666666666666664,34.0,32.666666666666664,ceda_agmarknet
2022-04-28,mysuru,tomato,101,29.0,36.0,32.333333333333336,ceda_agmarknet
2022-04-29,mysuru,tomato,76,33.666666666666664,37.333333333333336,35.333333333333336,ceda_agmarknet
2022-04-30,mysuru,tomato,3,25.5,33.0,29.5,ceda_agmarknet
2022-05-01,mysuru,tomato,76,34.0,45.0,34.5,ceda_agmarknet
2022-05-02,mysuru,tomato,3,30.0,41.0,38.0,ceda_agmarknet
2022-05-03,mysuru,tomato,93,41.5,42.5,42.0,ceda_agmarknet
2022-05-04,mysuru,tomato,78,37.666666666666664,45.66666666666667,41.66666666666667,ceda_agmarknet
2022-05-05,mysuru,tomato,117,35.333333333333336,39.333333333333336,38.0,ceda_agmarknet
2022-05-06,mysuru,tomato,103,38.666666666666664,51.0,44.66666666666667,ceda_agmarknet
2022-05-07,mysuru,tomato,4,45.0,47.5,46.0,ceda_agmarknet
2022-05-08,mysuru,tomato,88,44.0,50.0,47.0,ceda_agmarknet
2022-05-09,mysuru,tomato,89,45.0,50.0,49.0,ceda_agmarknet
2022-05-10,mysuru,tomato,102,41.0,51.0,46.33333333333333,ceda_agmarknet
2022-05-11,mysuru,tomato,43,47.66666666666667,55.0,50.66666666666667,ceda_agmarknet
2022-05-12,mysuru,tomato,101,41.0,51.66666666666667,47.33333333333333,ceda_agmarknet
2022-05-13,mysuru,tomato,87,49.0,57.5,55.0,ceda_agmarknet
2022-05-14,mysuru,tomato,1,30.0,60.0,50.0,ceda_agmarknet
2022-05-15,mysuru,tomato,94,49.0,55.0,54.5,ceda_agmarknet
2022-05-16,mysuru,tomato,77,51.5,60.0,57.5,ceda_agmarknet
2022-05-17,mysuru,tomato,89,43.33333333333333,64.0,53.0,ceda_agmarknet
2022-05-18,mysuru,tomato,77,43.33333333333333,62.33333333333333,53.66666666666667,ceda_agmarknet
2022-05-19,mysuru,tomato,91,51.5,60.0,57.5,ceda_agmarknet
2022-05-20,mysuru,tomato,78,46.0,61.66666666666667,57.0,ceda_agmarknet
2022-05-21,mysuru,tomato,3,45.0,75.0,59.0,ceda_agmarknet
2022-05-22,mysuru,tomato,94,64.0,90.0,74.5,ceda_agmarknet
2022-05-23,mysuru,tomato,75,61.5,64.5,63.5,ceda_agmarknet
2022-05-24,mysuru,tomato,76,52.33333333333333,75.0,65.5,ceda_agmarknet
2022-05-25,mysuru,tomato,67,44.33333333333333,58.33333333333333,53.33333333333333,ceda_agmarknet
2022-05-26,mysuru,tomato,81,40.666666666666664,58.0,50.66666666666667,ceda_agmarknet
2022-05-27,mysuru,tomato,76,41.66666666666667,60.66666666666667,49.66666666666667,ceda_agmarknet
2022-05-28,mysuru,tomato,2,40.0,70.0,60.0,ceda_agmarknet
2022-05-29,mysuru,tomato,92,41.5,52.5,52.0,ceda_agmarknet
2022-05-30,mysuru,tomato,87,53.0,55.0,54.0,ceda_agmarknet
2022-05-31,mysuru,tomato,3,45.0,50.0,45.25,ceda_agmarknet
2022-06-01,mysuru,tomato,64,39.0,45.0,42.0,ceda_agmarknet
2022-06-02,mysuru,tomato,83,34.333333333333336,43.66666666666667,41.5,ceda_agmarknet
2022-06-03,mysuru,tomato,83,38.5,44.66666666666667,42.33333333333333,ceda_agmarknet
2022-06-04,mysuru,tomato,3,35.0,37.5,35.0,ceda_agmarknet
2022-06-05,mysuru,tomato,99,35.0,41.0,38.0,ceda_agmarknet
2022-06-06,mysuru,tomato,74,41.5,43.0,42.25,ceda_agmarknet
2022-06-07,mysuru,tomato,95,39.0,45.0,42.0,ceda_agmarknet
2022-06-08,mysuru,tomato,66,33.333333333333336,44.0,37.0,ceda_agmarknet
2022-06-09,mysuru,tomato,96,30.0,39.333333333333336,35.333333333333336,ceda_agmarknet
2022-06-10,mysuru,tomato,61,41.5,42.5,42.0,ceda_agmarknet
2022-06-11,mysuru,tomato,1,30.0,40.0,35.0,ceda_agmarknet
2022-06-12,mysuru,tomato,95,39.0,40.0,39.5,ceda_agmarknet
2022-06-13,mysuru,tomato,83,28.0,34.0,31.0,ceda_agmarknet
2022-06-14,mysuru,tomato,103,31.0,38.333333333333336,36.333333333333336,ceda_agmarknet
2022-06-15,mysuru,tomato,74,34.0,40.0,37.0,ceda_agmarknet
2022-06-16,mysuru,tomato,86,26.0,33.333333333333336,31.333333333333336,ceda_agmarknet
2022-06-17,mysuru,tomato,78,24.666666666666664,35.333333333333336,28.333333333333336,ceda_agmarknet
2022-06-18,mysuru,tomato,2,17.5,40.0,30.0,ceda_agmarknet
2022-06-19,mysuru,tomato,100,33.0,39.0,36.0,ceda_agmarknet
2022-06-20,mysuru,tomato,76,24.0,32.0,30.5,ceda_agmarknet
2022-06-21,mysuru,tomato,93,26.0,33.333333333333336,29.833333333333336,ceda_agmarknet
2022-06-22,mysuru,tomato,71,27.5,33.5,28.0,ceda_agmarknet
2022-06-23,mysuru,tomato,67,18.333333333333332,30.666666666666664,24.0,ceda_agmarknet
2022-06-24,mysuru,tomato,109,25.0,26.0,25.5,ceda_agmarknet
2022-06-25,mysuru,tomato,1,15.0,30.0,20.0,ceda_agmarknet
2022-06-26,mysuru,tomato,125,18.0,29.0,23.5,ceda_agmarknet
2022-06-27,mysuru,tomato,97,14.0,22.5,17.0,ceda_agmarknet
2022-06-28,mysuru,tomato,128,13.0,19.0,13.5,ceda_agmarknet
2022-06-29,mysuru,tomato,101,14.666666666666668,25.333333333333336,21.666666666666664,ceda_agmarknet
2022-06-30,mysuru,tomato,2,20.0,20.0,20.0,ceda_agmarknet
2022-07-01,mysuru,tomato,1,15.0,31.0,20.0,ceda_agmarknet
2022-07-02,mysuru,tomato,1,10.0,25.0,20.0,ceda_agmarknet
2022-07-03,mysuru,tomato,138,8.0,16.5,11.25,ceda_agmarknet
2022-07-04,mysuru,tomato,192,8.0,10.0,9.0,ceda_agmarknet
2022-07-05,mysuru,tomato,116,12.0,19.333333333333332,14.666666666666668,ceda_agmarknet
2022-07-06,mysuru,tomato,136,9.0,11.0,9.75,ceda_agmarknet
2022-07-07,mysuru,tomato,132,12.666666666666668,18.333333333333332,13.833333333333332,ceda_agmarknet
2022-07-08,mysuru,tomato,131,8.5,9.5,9.0,ceda_agmarknet
2022-07-09,mysuru,tomato,2,10.0,15.0,12.0,ceda_agmarknet
2022-07-10,mysuru,tomato,96,9.0,12.5,9.5,ceda_agmarknet
2022-07-11,mysuru,tomato,123,14.5,21.0,19.75,ceda_agmarknet
2022-07-12,mysuru,tomato,132,7.0,9.0,8.75,ceda_agmarknet
2022-07-13,mysuru,tomato,135,11.333333333333332,19.333333333333332,14.5,ceda_agmarknet
2022-07-14,mysuru,tomato,513,11.666666666666668,15.5,12.5,ceda_agmarknet
2022-07-15,mysuru,tomato,186,6.5,8.5,7.0,ceda_agmarknet
2022-07-16,mysuru,tomato,4,7.5,17.5,13.0,ceda_agmarknet
2022-07-17,mysuru,tomato,129,4.0,7.5,6.25,ceda_agmarknet
2022-07-18,mysuru,tomato,96,4.0,6.0,5.5,ceda_agmarknet
2022-07-19,mysuru,tomato,129,6.333333333333334,12.0,9.5,ceda_agmarknet
2022-07-20,mysuru,tomato,132,4.5,5.5,5.0,ceda_agmarknet
2022-07-21,mysuru,tomato,136,6.0,12.0,9.166666666666666,ceda_agmarknet
2022-07-22,mysuru,tomato,124,3.5,4.5,4.25,ceda_agmarknet
2022-07-23,mysuru,tomato,2,5.0,8.0,6.0,ceda_agmarknet
2022-07-24,mysuru,tomato,132,4.0,7.5,6.25,ceda_agmarknet
2022-07-25,mysuru,tomato,133,6.5,15.0,11.25,ceda_agmarknet
2022-07-26,mysuru,tomato,127,5.666666666666666,11.333333333333332,8.666666666666666,ceda_agmarknet
2022-07-27,mysuru,tomato,95,3.5,4.5,3.75,ceda_agmarknet
2022-07-28,mysuru,tomato,196,6.0,11.0,9.166666666666666,ceda_agmarknet
2022-07-29,mysuru,tomato,130,3.0,7.0,4.75,ceda_agmarknet
2022-07-30,mysuru,tomato,3,7.5,17.5,12.5,ceda_agmarknet
2022-07-31,mysuru,tomato,195,3.5,5.0,4.25,ceda_agmarknet
2022-08-01,mysuru,tomato,130,6.0,12.0,9.25,ceda_agmarknet
2022-08-02,mysuru,tomato,130,3.5,7.5,4.75,ceda_agmarknet
2022-08-03,mysuru,tomato,192,15.333333333333332,18.333333333333332,16.5,ceda_agmarknet
2022-08-04,mysuru,tomato,195,5.666666666666666,11.666666666666668,8.166666666666666,ceda_agmarknet
2022-08-05,mysuru,tomato,131,6.333333333333334,12.0,10.333333333333332,ceda_agmarknet
2022-08-06,mysuru,tomato,2,17.0,24.0,22.5,ceda_agmarknet
2022-08-07,mysuru,tomato,197,5.5,6.5,6.25,ceda_agmarknet
2022-08-08,mysuru,tomato,65,6.5,12.5,9.75,ceda_agmarknet
2022-08-09,mysuru,tomato,164,3.5,5.0,4.5,ceda_agmarknet
2022-08-10,mysuru,tomato,132,4.0,8.0,5.0,ceda_agmarknet
2022-08-11,mysuru,tomato,162,6.666666666666666,12.333333333333332,9.166666666666666,ceda_agmarknet
2022-08-12,mysuru,tomato,155,6.0,9.5,8.25,ceda_agmarknet
2022-08-13,mysuru,tomato,2,5.0,10.0,8.0,ceda_agmarknet
2022-08-14,mysuru,tomato,174,6.0,9.5,7.0,ceda_agmarknet
2022-08-15,mysuru,tomato,93,8.0,10.0,9.5,ceda_agmarknet
2022-08-16,mysuru,tomato,165,9.0,14.333333333333332,11.5,ceda_agmarknet
2022-08-17,mysuru,tomato,95,6.5,10.0,7.75,ceda_agmarknet
2022-08-18,mysuru,tomato,124,7.333333333333334,13.0,11.333333333333332,ceda_agmarknet
2022-08-19,mysuru,tomato,94,10.0,11.0,10.75,ceda_agmarknet
2022-08-20,mysuru,tomato,2,10.0,12.5,10.75,ceda_agmarknet
2022-08-21,mysuru,tomato,173,10.0,13.5,11.5,ceda_agmarknet
2022-08-22,mysuru,tomato,99,8.0,10.0,9.0,ceda_agmarknet
2022-08-23,mysuru,tomato,135,7.0,12.666666666666668,10.0,ceda_agmarknet
2022-08-24,mysuru,tomato,93,7.666666666666666,11.0,9.333333333333334,ceda_agmarknet
2022-08-25,mysuru,tomato,185,8.0,9.0,8.75,ceda_agmarknet
2022-08-26,mysuru,tomato,132,8.333333333333334,13.0,10.666666666666668,ceda_agmarknet
2022-08-27,mysuru,tomato,1,10.0,10.0,10.0,ceda_agmarknet
2022-08-28,mysuru,tomato,191,11.0,14.5,12.5,ceda_agmarknet
2022-08-29,mysuru,tomato,99,11.5,15.0,13.0,ceda_agmarknet
2022-08-30,mysuru,tomato,115,12.0,17.666666666666668,14.666666666666668,ceda_agmarknet
2022-08-31,mysuru,tomato,75,12.0,20.5,15.0,ceda_agmarknet
2022-09-01,mysuru,tomato,127,14.0,16.0,15.0,ceda_agmarknet
2022-09-02,mysuru,tomato,130,18.5,27.0,24.0,ceda_agmarknet
2022-09-03,mysuru,tomato,2,20.0,40.0,30.0,ceda_agmarknet
2022-09-04,mysuru,tomato,165,24.5,28.0,26.0,ceda_agmarknet
2022-09-06,mysuru,tomato,3,25.0,35.0,30.0,ceda_agmarknet
2022-09-07,mysuru,tomato,1,30.0,50.0,35.0,ceda_agmarknet
2022-09-08,mysuru,tomato,88,24.333333333333336,30.0,27.0,ceda_agmarknet
2022-09-09,mysuru,tomato,74,34.0,35.0,34.5,ceda_agmarknet
2022-09-10,mysuru,tomato,2,30.0,30.0,30.0,ceda_agmarknet
2022-09-11,mysuru,tomato,125,24.0,30.0,27.0,ceda_agmarknet
2022-09-12,mysuru,tomato,113,25.0,30.0,26.5,ceda_agmarknet
2022-09-13,mysuru,tomato,113,19.0,25.0,22.0,ceda_agmarknet
2022-09-14,mysuru,tomato,91,24.333333333333336,31.666666666666664,29.0,ceda_agmarknet
2022-09-15,mysuru,tomato,91,24.0,27.5,25.5,ceda_agmarknet
2022-09-16,mysuru,tomato,75,27.666666666666664,33.333333333333336,31.833333333333336,ceda_agmarknet
2022-09-18,mysuru,tomato,73,30.0,32.0,31.0,ceda_agmarknet
2022-09-19,mysuru,tomato,60,29.0,30.0,29.75,ceda_agmarknet
2022-09-20,mysuru,tomato,77,23.0,25.0,24.0,ceda_agmarknet
2022-09-21,mysuru,tomato,47,22.333333333333336,22.666666666666664,22.5,ceda_agmarknet
2022-09-22,mysuru,tomato,89,21.5,25.0,24.5,ceda_agmarknet
2022-09-23,mysuru,tomato,56,23.666666666666664,25.0,24.666666666666664,ceda_agmarknet
2022-09-24,mysuru,tomato,2,30.0,30.0,30.0,ceda_agmarknet
2022-09-25,mysuru,tomato,60,23.0,25.0,24.0,ceda_agmarknet
2022-09-26,mysuru,tomato,13,26.0,28.0,27.0,ceda_agmarknet
2022-09-27,mysuru,tomato,34,27.666666666666664,35.0,33.0,ceda_agmarknet
2022-09-28,mysuru,tomato,21,26.5,27.5,27.0,ceda_agmarknet
2022-09-29,mysuru,tomato,27,27.666666666666664,31.666666666666664,29.666666666666664,ceda_agmarknet
2022-09-30,mysuru,tomato,21,25.0,28.5,28.0,ceda_agmarknet
2022-10-01,mysuru,tomato,3,27.5,30.0,27.5,ceda_agmarknet
2022-10-02,mysuru,tomato,56,24.0,27.5,24.5,ceda_agmarknet
2022-10-03,mysuru,tomato,13,25.0,27.0,26.0,ceda_agmarknet
2022-10-04,mysuru,tomato,53,30.0,32.0,31.0,ceda_agmarknet
2022-10-06,mysuru,tomato,30,31.0,32.0,31.5,ceda_agmarknet
2022-10-07,mysuru,tomato,24,31.5,32.5,32.0,ceda_agmarknet
2022-10-08,mysuru,tomato,1,25.0,40.0,30.0,ceda_agmarknet
2022-10-09,mysuru,tomato,54,25.0,28.5,28.0,ceda_agmarknet
2022-10-10,mysuru,tomato,28,27.5,28.5,28.0,ceda_agmarknet
2022-10-11,mysuru,tomato,31,26.5,27.5,27.25,ceda_agmarknet
2022-10-12,mysuru,tomato,15,27.666666666666664,30.0,28.166666666666664,ceda_agmarknet
2022-10-13,mysuru,tomato,15,29.0,30.0,29.5,ceda_agmarknet
2022-10-14,mysuru,tomato,22,26.0,31.666666666666664,28.0,ceda_agmarknet
2022-10-15,mysuru,tomato,2,30.0,35.0,30.0,ceda_agmarknet
2022-10-16,mysuru,tomato,31,25.0,31.5,28.75,ceda_agmarknet
2022-10-17,mysuru,tomato,33,27.5,28.5,28.25,ceda_agmarknet
2022-10-18,mysuru,tomato,24,23.5,27.0,25.5,ceda_agmarknet
2022-10-19,mysuru,tomato,23,22.666666666666664,30.0,26.5,ceda_agmarknet
2022-10-20,mysuru,tomato,15,23.0,27.0,25.0,ceda_agmarknet
2022-10-21,mysuru,tomato,23,19.5,23.0,21.0,ceda_agmarknet
2022-10-22,mysuru,tomato,2,20.0,25.0,25.0,ceda_agmarknet
2022-10-23,mysuru,tomato,23,20.0,21.0,20.5,ceda_agmarknet
2022-10-24,mysuru,tomato,13,20.0,22.0,21.0,ceda_agmarknet
2022-10-25,mysuru,tomato,16,20.333333333333332,22.666666666666664,22.333333333333336,ceda_agmarknet
2022-10-26,mysuru,tomato,14,15.5,17.5,17.0,ceda_agmarknet
2022-10-27,mysuru,tomato,15,16.5,25.0,22.0,ceda_agmarknet
2022-10-28,mysuru,tomato,14,10.0,16.0,14.5,ceda_agmarknet
2022-10-29,mysuru,tomato,3,17.5,20.0,20.0,ceda_agmarknet
2022-10-30,mysuru,tomato,23,9.0,15.0,12.25,ceda_agmarknet
2022-10-31,mysuru,tomato,13,8.0,10.0,9.0,ceda_agmarknet
2022-11-01,mysuru,tomato,13,10.0,16.0,13.0,ceda_agmarknet
2022-11-02,mysuru,tomato,14,14.333333333333332,18.333333333333332,16.5,ceda_agmarknet
2022-11-03,mysuru,tomato,15,8.0,11.5,9.5,ceda_agmarknet
2022-11-04,mysuru,tomato,15,14.333333333333332,16.666666666666668,15.666666666666668,ceda_agmarknet
2022-11-05,mysuru,tomato,2,10.0,12.0,11.0,ceda_agmarknet
2022-11-06,mysuru,tomato,2,20.0,20.0,20.0,ceda_agmarknet
2022-11-07,mysuru,tomato,1,20.0,20.0,20.0,ceda_agmarknet
2022-11-08,mysuru,tomato,1,10.0,10.0,10.0,ceda_agmarknet
2022-11-09,mysuru,tomato,3,15.0,16.0,15.5,ceda_agmarknet
2022-11-10,mysuru,tomato,15,8.0,14.0,11.25,ceda_agmarknet
2022-11-11,mysuru,tomato,12,6.0,9.0,7.75,ceda_agmarknet
2022-11-12,mysuru,tomato,1,15.0,20.0,18.0,ceda_agmarknet
2022-11-13,mysuru,tomato,14,7.0,10.0,8.75,ceda_agmarknet
2022-11-14,mysuru,tomato,12,13.5,14.5,14.25,ceda_agmarknet
2022-11-15,mysuru,tomato,14,9.0,11.0,10.25,ceda_agmarknet
2022-11-16,mysuru,tomato,10,12.0,14.333333333333332,12.833333333333332,ceda_agmarknet
2022-11-17,mysuru,tomato,14,6.0,10.5,7.5,ceda_agmarknet
2022-11-18,mysuru,tomato,15,7.0,13.0,10.0,ceda_agmarknet
2022-11-19,mysuru,tomato,2,6.0,10.0,8.0,ceda_agmarknet
2022-11-20,mysuru,tomato,15,6.5,7.5,7.25,ceda_agmarknet
2022-11-21,mysuru,tomato,16,7.5,8.0,7.75,ceda_agmarknet
2022-11-22,mysuru,tomato,18,5.5,11.5,8.5,ceda_agmarknet
2022-11-23,mysuru,tomato,15,8.0,10.0,9.166666666666666,ceda_agmarknet
2022-11-24,mysuru,tomato,15,8.0,9.0,8.75,ceda_agmarknet
2022-11-25,mysuru,tomato,15,7.333333333333334,9.333333333333334,8.333333333333334,ceda_agmarknet
2022-11-26,mysuru,tomato,,5.0,10.0,8.0,ceda_agmarknet
2022-11-27,mysuru,tomato,22,6.5,10.5,9.25,ceda_agmarknet
2022-11-28,mysuru,tomato,14,7.0,9.0,8.5,ceda_agmarknet
2022-11-29,mysuru,tomato,85,8.666666666666666,12.666666666666668,10.666666666666668,ceda_agmarknet
2022-11-30,mysuru,tomato,19,7.0,11.5,8.5,ceda_agmarknet
2022-12-01,mysuru,tomato,19,8.666666666666666,11.0,9.666666666666666,ceda_agmarknet
2022-12-02,mysuru,tomato,15,8.0,10.0,9.75,ceda_agmarknet
2022-12-03,mysuru,tomato,3,9.0,10.0,9.5,ceda_agmarknet
2022-12-04,mysuru,tomato,20,7.5,9.5,9.0,ceda_agmarknet
2022-12-05,mysuru,tomato,19,7.0,9.0,8.5,ceda_agmarknet
2022-12-06,mysuru,tomato,15,8.333333333333334,9.666666666666666,9.0,ceda_agmarknet
2022-12-07,mysuru,tomato,14,7.5,9.5,8.75,ceda_agmarknet
2022-12-08,mysuru,tomato,16,8.666666666666666,10.333333333333332,9.833333333333334,ceda_agmarknet
2022-12-09,mysuru,tomato,17,7.5,9.5,8.5,ceda_agmarknet
2022-12-10,mysuru,tomato,2,10.0,15.0,10.0,ceda_agmarknet
2022-12-11,mysuru,tomato,18,8.0,10.0,9.5,ceda_agmarknet
2022-12-12,mysuru,tomato,14,10.5,11.5,11.0,ceda_agmarknet
2022-12-13,mysuru,tomato,22,12.0,15.5,14.0,ceda_agmarknet
2022-12-14,mysuru,tomato,15,10.333333333333332,14.333333333333332,12.333333333333332,ceda_agmarknet
2022-12-15,mysuru,tomato,12,10.5,17.5,14.75,ceda_agmarknet
2022-12-16,mysuru,tomato,16,13.666666666666668,16.0,14.0,ceda_agmarknet
2022-12-17,mysuru,tomato,2,15.0,20.0,18.0,ceda_agmarknet
2022-12-18,mysuru,tomato,14,12.0,15.5,12.5,ceda_agmarknet
2022-12-19,mysuru,tomato,11,17.0,18.0,17.5,ceda_agmarknet
2022-12-20,mysuru,tomato,14,10.5,14.0,11.0,ceda_agmarknet
2022-12-21,mysuru,tomato,12,13.0,13.666666666666668,13.333333333333332,ceda_agmarknet
2022-12-22,mysuru,tomato,20,8.5,12.0,11.5,ceda_agmarknet
2022-12-23,mysuru,tomato,13,11.0,13.333333333333332,12.0,ceda_agmarknet
2022-12-24,mysuru,tomato,2,10.0,15.0,10.0,ceda_agmarknet
2022-12-25,mysuru,tomato,14,10.0,13.5,11.5,ceda_agmarknet
2022-12-26,mysuru,tomato,10,8.0,10.0,9.5,ceda_agmarknet
2022-12-27,mysuru,tomato,14,14.333333333333332,16.666666666666668,15.333333333333332,ceda_agmarknet
2022-12-28,mysuru,tomato,12,6.0,9.0,7.5,ceda_agmarknet
2022-12-29,mysuru,tomato,13,11.333333333333332,13.333333333333332,12.5,ceda_agmarknet
2022-12-30,mysuru,tomato,16,10.0,13.5,11.5,ceda_agmarknet
2022-12-31,mysuru,tomato,3,15.0,17.5,16.0,ceda_agmarknet
2023-01-01,mysuru,tomato,16,10.0,16.0,13.0,ceda_agmarknet
2023-01-02,mysuru,tomato,11,10.0,12.0,11.0,ceda_agmarknet
2023-01-03,mysuru,tomato,14,12.666666666666668,15.666666666666668,13.666666666666668,ceda_agmarknet
2023-01-04,mysuru,tomato,13,10.0,13.5,11.5,ceda_agmarknet
2023-01-05,mysuru,tomato,15,13.666666666666668,16.0,14.833333333333332,ceda_agmarknet
2023-01-06,mysuru,tomato,14,10.0,13.5,11.5,ceda_agmarknet
2023-01-07,mysuru,tomato,3,15.0,17.5,15.0,ceda_agmarknet
2023-01-08,mysuru,tomato,14,9.0,12.5,10.75,ceda_agmarknet
2023-01-09,mysuru,tomato,12,9.0,11.0,10.0,ceda_agmarknet
2023-01-10,mysuru,tomato,14,14.0,16.333333333333332,15.0,ceda_agmarknet
2023-01-11,mysuru,tomato,14,11.0,17.0,14.0,ceda_agmarknet
2023-01-12,mysuru,tomato,15,16.0,17.333333333333332,16.666666666666668,ceda_agmarknet
2023-01-13,mysuru,tomato,13,16.5,20.0,18.5,ceda_agmarknet
2023-01-14,mysuru,tomato,2,15.0,20.0,18.0,ceda_agmarknet
2023-01-15,mysuru,tomato,19,22.0,28.0,25.0,ceda_agmarknet
2023-01-16,mysuru,tomato,11,22.0,23.0,22.5,ceda_agmarknet
2023-01-17,mysuru,tomato,14,20.0,26.0,21.5,ceda_agmarknet
2023-01-18,mysuru,tomato,16,25.0,27.333333333333336,26.333333333333336,ceda_agmarknet
2023-01-19,mysuru,tomato,14,18.5,27.0,24.0,ceda_agmarknet
2023-01-20,mysuru,tomato,13,27.666666666666664,35.0,31.333333333333336,ceda_agmarknet
2023-01-21,mysuru,tomato,1,25.0,32.0,30.0,ceda_agmarknet
2023-01-22,mysuru,tomato,18,20.0,21.0,20.5,ceda_agmarknet
2023-01-23,mysuru,tomato,14,21.5,22.5,22.25,ceda_agmarknet
2023-01-24,mysuru,tomato,14,18.0,21.5,18.5,ceda_agmarknet
2023-01-25,mysuru,tomato,15,16.666666666666668,19.333333333333332,18.0,ceda_agmarknet
2023-01-26,mysuru,tomato,19,14.0,20.0,17.0,ceda_agmarknet
2023-01-27,mysuru,tomato,14,15.0,18.5,16.0,ceda_agmarknet
2023-01-28,mysuru,tomato,2,15.0,30.0,20.0,ceda_agmarknet
2023-01-29,mysuru,tomato,15,15.5,17.0,16.0,ceda_agmarknet
2023-01-30,mysuru,tomato,14,18.0,19.0,18.5,ceda_agmarknet
2023-01-31,mysuru,tomato,14,11.5,17.5,14.75,ceda_agmarknet
2023-02-01,mysuru,tomato,20,14.333333333333332,18.333333333333332,16.333333333333332,ceda_agmarknet
2023-02-02,mysuru,tomato,14,14.5,18.0,15.5,ceda_agmarknet
2023-02-03,mysuru,tomato,13,11.0,17.0,14.0,ceda_agmarknet
2023-02-04,mysuru,tomato,2,14.0,16.0,15.0,ceda_agmarknet
2023-02-05,mysuru,tomato,14,7.5,13.5,10.75,ceda_agmarknet
2023-02-06,mysuru,tomato,13,21.0,21.5,21.25,ceda_agmarknet
2023-02-07,mysuru,tomato,15,11.0,17.0,14.0,ceda_agmarknet
2023-02-08,mysuru,tomato,2,14.0,20.0,15.0,ceda_agmarknet
2023-02-09,mysuru,tomato,16,17.333333333333332,20.333333333333332,18.333333333333332,ceda_agmarknet
2023-02-10,mysuru,tomato,15,20.333333333333332,22.666666666666664,21.666666666666664,ceda_agmarknet
2023-02-11,mysuru,tomato,2,15.0,20.0,18.0,ceda_agmarknet
2023-02-12,mysuru,tomato,14,16.5,20.0,18.75,ceda_agmarknet
2023-02-13,mysuru,tomato,12,21.5,22.5,22.0,ceda_agmarknet
2023-02-14,mysuru,tomato,13,19.5,23.0,21.0,ceda_agmarknet
2023-02-15,mysuru,tomato,21,18.0,20.333333333333332,19.0,ceda_agmarknet
2023-02-16,mysuru,tomato,14,18.0,21.5,20.0,ceda_agmarknet
2023-02-17,mysuru,tomato,15,18.666666666666668,22.666666666666664,20.666666666666664,ceda_agmarknet
2023-02-18,mysuru,tomato,2,20.0,25.0,22.0,ceda_agmarknet
2023-02-19,mysuru,tomato,12,22.0,24.0,23.5,ceda_agmarknet
2023-02-20,mysuru,tomato,14,20.0,22.0,21.0,ceda_agmarknet
2023-02-21,mysuru,tomato,20,18.666666666666668,21.0,20.666666666666664,ceda_agmarknet
2023-02-22,mysuru,tomato,16,21.0,25.0,23.0,ceda_agmarknet
2023-02-23,mysuru,tomato,16,19.333333333333332,23.333333333333336,21.333333333333336,ceda_agmarknet
2023-02-24,mysuru,tomato,14,15.333333333333332,19.333333333333332,18.333333333333332,ceda_agmarknet
2023-02-25,mysuru,tomato,2,10.0,20.0,15.0,ceda_agmarknet
2023-02-26,mysuru,tomato,20,15.5,19.0,17.5,ceda_agmarknet
2023-02-27,mysuru,tomato,17,18.0,20.0,19.5,ceda_agmarknet
2023-02-28,mysuru,tomato,17,17.0,19.0,18.166666666666668,ceda_agmarknet
2023-03-01,mysuru,tomato,15,13.0,16.5,13.75,ceda_agmarknet
2023-03-02,mysuru,tomato,15,15.0,18.5,17.0,ceda_agmarknet
2023-03-03,mysuru,tomato,14,13.0,16.5,13.5,ceda_agmarknet
2023-03-04,mysuru,tomato,2,10.0,20.0,15.0,ceda_agmarknet
2023-03-05,mysuru,tomato,21,12.0,15.5,13.5,ceda_agmarknet
2023-03-06,mysuru,tomato,14,14.0,16.0,15.0,ceda_agmarknet
2023-03-07,mysuru,tomato,18,12.0,18.0,15.0,ceda_agmarknet
2023-03-08,mysuru,tomato,12,12.5,21.0,18.0,ceda_agmarknet
2023-03-09,mysuru,tomato,20,12.5,16.0,13.0,ceda_agmarknet
2023-03-10,mysuru,tomato,20,9.5,13.5,11.5,ceda_agmarknet
2023-03-11,mysuru,tomato,1,10.0,10.0,10.0,ceda_agmarknet
2023-03-12,mysuru,tomato,18,9.0,12.0,10.75,ceda_agmarknet
2023-03-13,mysuru,tomato,12,8.0,10.0,9.5,ceda_agmarknet
2023-03-14,mysuru,tomato,15,8.5,13.0,10.0,ceda_agmarknet
2023-03-15,mysuru,tomato,7,10.0,11.0,10.5,ceda_agmarknet
2023-03-16,mysuru,tomato,16,9.5,14.0,12.0,ceda_agmarknet
2023-03-17,mysuru,tomato,13,7.0,10.5,9.0,ceda_agmarknet
2023-03-18,mysuru,tomato,2,8.0,12.0,10.0,ceda_agmarknet
2023-03-19,mysuru,tomato,19,8.0,29.0,8.5,ceda_agmarknet
2023-03-20,mysuru,tomato,9,5.0,7.0,6.0,ceda_agmarknet
2023-03-21,mysuru,tomato,16,5.0,8.5,5.5,ceda_agmarknet
2023-03-22,mysuru,tomato,1,5.0,10.0,10.0,ceda_agmarknet
2023-03-23,mysuru,tomato,9,8.0,10.0,9.5,ceda_agmarknet
2023-03-24,mysuru,tomato,13,5.5,8.5,8.0,ceda_agmarknet
2023-03-25,mysuru,tomato,1,5.0,10.0,10.0,ceda_agmarknet
2023-03-26,mysuru,tomato,14,4.0,6.0,5.0,ceda_agmarknet
2023-03-27,mysuru,tomato,10,3.0,5.0,4.0,ceda_agmarknet
2023-03-28,mysuru,tomato,6,5.5,7.5,7.0,ceda_agmarknet
2023-03-29,mysuru,tomato,13,6.5,7.5,7.0,ceda_agmarknet
2023-03-30,mysuru,tomato,13,5.0,8.0,7.5,ceda_agmarknet
2023-03-31,mysuru,tomato,13,6.0,8.0,7.5,ceda_agmarknet
2023-04-01,mysuru,tomato,1,5.0,6.0,6.0,ceda_agmarknet
2023-04-02,mysuru,tomato,13,4.0,6.0,5.0,ceda_agmarknet
2023-04-03,mysuru,tomato,11,4.0,6.0,5.0,ceda_agmarknet
2023-04-04,mysuru,tomato,12,5.0,6.0,5.5,ceda_agmarknet
2023-04-05,mysuru,tomato,8,6.5,8.5,8.0,ceda_agmarknet
2023-04-06,mysuru,tomato,8,4.5,5.5,5.0,ceda_agmarknet
2023-04-07,mysuru,tomato,14,5.5,7.5,7.0,ceda_agmarknet
2023-04-08,mysuru,tomato,1,5.0,5.0,5.0,ceda_agmarknet
2023-04-09,mysuru,tomato,19,6.0,8.0,7.5,ceda_agmarknet
2023-04-10,mysuru,tomato,10,5.0,7.0,6.0,ceda_agmarknet
2023-04-11,mysuru,tomato,12,5.0,6.5,6.0,ceda_agmarknet
2023-04-12,mysuru,tomato,11,5.0,6.0,5.5,ceda_agmarknet
2023-04-13,mysuru,tomato,13,6.0,8.0,7.5,ceda_agmarknet
2023-04-14,mysuru,tomato,5,5.0,8.5,8.0,ceda_agmarknet
2023-04-15,mysuru,tomato,,8.0,10.0,10.0,ceda_agmarknet
2023-04-16,mysuru,tomato,13,6.5,8.5,8.0,ceda_agmarknet
2023-04-17,mysuru,tomato,10,4.0,6.0,5.0,ceda_agmarknet
2023-04-18,mysuru,tomato,10,5.5,7.0,6.5,ceda_agmarknet
2023-04-19,mysuru,tomato,11,6.0,8.0,7.5,ceda_agmarknet
2023-04-20,mysuru,tomato,11,4.0,7.5,7.0,ceda_agmarknet
2023-04-21,mysuru,tomato,1,8.0,10.0,10.0,ceda_agmarknet
2023-04-22,mysuru,tomato,1,5.0,5.0,5.0,ceda_agmarknet
2023-04-23,mysuru,tomato,10,6.0,8.0,7.5,ceda_agmarknet
2023-04-24,mysuru,tomato,7,5.0,7.0,6.0,ceda_agmarknet
2023-04-25,mysuru,tomato,12,5.0,7.0,6.5,ceda_agmarknet
2023-04-26,mysuru,tomato,11,3.5,7.0,6.5,ceda_agmarknet
2023-04-27,mysuru,tomato,14,4.0,6.5,6.0,ceda_agmarknet
2023-04-28,mysuru,tomato,12,4.5,7.0,6.5,ceda_agmarknet
2023-04-29,mysuru,tomato,1,5.0,6.0,6.0,ceda_agmarknet
2023-04-30,mysuru,tomato,14,4.0,7.5,7.0,ceda_agmarknet
2023-05-01,mysuru,tomato,10,3.0,5.0,4.0,ceda_agmarknet
2023-05-02,mysuru,tomato,12,4.5,5.5,5.0,ceda_agmarknet
2023-05-03,mysuru,tomato,11,5.0,6.0,5.5,ceda_agmarknet
2023-05-04,mysuru,tomato,13,5.5,9.0,8.5,ceda_agmarknet
2023-05-05,mysuru,tomato,12,7.0,9.0,8.5,ceda_agmarknet
2023-05-06,mysuru,tomato,1,5.0,5.0,5.0,ceda_agmarknet
2023-05-07,mysuru,tomato,13,6.5,8.5,8.0,ceda_agmarknet
2023-05-08,mysuru,tomato,10,6.0,8.0,7.0,ceda_agmarknet
2023-05-09,mysuru,tomato,13,6.0,8.0,7.5,ceda_agmarknet
2023-05-10,mysuru,tomato,9,6.0,8.0,7.0,ceda_agmarknet
2023-05-11,mysuru,tomato,10,11.5,13.0,12.0,ceda_agmarknet
2023-05-12,mysuru,tomato,13,8.0,11.5,11.0,ceda_agmarknet
2023-05-13,mysuru,tomato,,15.0,20.0,15.0,ceda_agmarknet
2023-05-14,mysuru,tomato,13,9.0,10.0,9.5,ceda_agmarknet
2023-05-15,mysuru,tomato,9,11.0,13.0,12.0,ceda_agmarknet
2023-05-16,mysuru,tomato,12,7.5,11.0,10.5,ceda_agmarknet
2023-05-17,mysuru,tomato,13,9.5,13.0,12.5,ceda_agmarknet
2023-05-18,mysuru,tomato,16,6.0,7.0,6.5,ceda_agmarknet
2023-05-19,mysuru,tomato,12,11.0,12.0,11.5,ceda_agmarknet
2023-05-20,mysuru,tomato,1,10.0,10.0,10.0,ceda_agmarknet
2023-05-21,mysuru,tomato,12,8.5,12.0,9.0,ceda_agmarknet
2023-05-22,mysuru,tomato,9,7.0,9.0,8.0,ceda_agmarknet
2023-05-23,mysuru,tomato,20,8.5,12.0,9.0,ceda_agmarknet
2023-05-24,mysuru,tomato,13,9.0,10.0,9.5,ceda_agmarknet
2023-05-25,mysuru,tomato,9,9.0,11.0,9.5,ceda_agmarknet
2023-05-26,mysuru,tomato,13,9.0,10.0,9.5,ceda_agmarknet
2023-05-27,mysuru,tomato,1,8.0,10.0,8.0,ceda_agmarknet
2023-05-28,mysuru,tomato,13,6.5,7.5,7.0,ceda_agmarknet
2023-05-29,mysuru,tomato,9,10.0,12.0,11.0,ceda_agmarknet
2023-05-30,mysuru,tomato,5,11.5,12.5,12.0,ceda_agmarknet
2023-05-31,mysuru,tomato,12,16.5,17.5,17.0,ceda_agmarknet
2023-06-01,mysuru,tomato,10,20.0,22.0,21.0,ceda_agmarknet
2023-06-02,mysuru,tomato,10,20.0,22.0,21.0,ceda_agmarknet
2023-06-04,mysuru,tomato,13,16.0,18.0,17.0,ceda_agmarknet
2023-06-05,mysuru,tomato,12,13.0,15.0,14.0,ceda_agmarknet
2023-06-06,mysuru,tomato,13,16.0,18.0,17.0,ceda_agmarknet
2023-06-07,mysuru,tomato,9,19.0,21.0,20.0,ceda_agmarknet
2023-06-08,mysuru,tomato,12,23.0,25.0,24.0,ceda_agmarknet
2023-06-09,mysuru,tomato,12,20.0,22.0,21.0,ceda_agmarknet
2023-06-11,mysuru,tomato,16,20.0,22.0,21.0,ceda_agmarknet
2023-06-12,mysuru,tomato,9,22.0,24.0,23.0,ceda_agmarknet
2023-06-13,mysuru,tomato,10,22.0,24.0,23.0,ceda_agmarknet
2023-06-14,mysuru,tomato,7,22.0,24.0,23.0,ceda_agmarknet
2023-06-15,mysuru,tomato,3,25.0,27.0,26.0,ceda_agmarknet
2023-06-16,mysuru,tomato,11,28.0,30.0,29.0,ceda_agmarknet
2023-06-18,mysuru,tomato,13,31.0,33.0,32.0,ceda_agmarknet
2023-06-19,mysuru,tomato,12,26.0,28.0,27.0,ceda_agmarknet
2023-06-20,mysuru,tomato,11,26.0,28.0,27.0,ceda_agmarknet
2023-06-21,mysuru,tomato,11,28.0,30.0,29.0,ceda_agmarknet
2023-06-22,mysuru,tomato,10,28.0,30.0,29.0,ceda_agmarknet
2023-06-23,mysuru,tomato,10,30.0,32.0,31.0,ceda_agmarknet
2023-06-25,mysuru,tomato,18,53.0,55.0,54.0,ceda_agmarknet
2023-06-26,mysuru,tomato,10,50.0,52.0,51.0,ceda_agmarknet
2023-06-27,mysuru,tomato,11,53.0,55.0,54.0,ceda_agmarknet
2023-06-28,mysuru,tomato,4,50.0,52.0,51.0,ceda_agmarknet
2023-06-29,mysuru,tomato,3,53.0,55.0,54.0,ceda_agmarknet
2023-06-30,mysuru,tomato,5,68.0,70.0,69.0,ceda_agmarknet
2023-07-01,mysuru,tomato,1,70.0,80.0,70.0,ceda_agmarknet
2023-07-02,mysuru,tomato,14,61.5,67.5,62.0,ceda_agmarknet
2023-07-03,mysuru,tomato,10,62.0,65.0,63.0,ceda_agmarknet
2023-07-04,mysuru,tomato,13,66.5,72.5,69.5,ceda_agmarknet
2023-07-05,mysuru,tomato,10,38.0,39.0,38.5,ceda_agmarknet
2023-07-06,mysuru,tomato,10,66.5,72.5,67.0,ceda_agmarknet
2023-07-07,mysuru,tomato,10,71.5,77.5,72.0,ceda_agmarknet
2023-07-09,mysuru,tomato,5,83.0,85.0,84.0,ceda_agmarknet
2023-07-10,mysuru,tomato,6,78.0,80.0,79.0,ceda_agmarknet
2023-07-11,mysuru,tomato,10,68.0,70.0,69.0,ceda_agmarknet
2023-07-12,mysuru,tomato,8,73.0,75.0,74.0,ceda_agmarknet
2023-07-13,mysuru,tomato,9,73.0,75.0,74.0,ceda_agmarknet
2023-07-14,mysuru,tomato,10,78.0,80.0,79.0,ceda_agmarknet
2023-07-16,mysuru,tomato,12,78.0,80.0,79.0,ceda_agmarknet
2023-07-17,mysuru,tomato,9,78.0,80.0,79.0,ceda_agmarknet
2023-07-18,mysuru,tomato,10,78.0,80.0,79.0,ceda_agmarknet
2023-07-19,mysuru,tomato,9,78.0,80.0,79.0,ceda_agmarknet
2023-07-20,mysuru,tomato,10,73.0,75.0,74.0,ceda_agmarknet
2023-07-21,mysuru,tomato,9,73.0,75.0,74.0,ceda_agmarknet
2023-07-23,mysuru,tomato,11,73.0,75.0,74.0,ceda_agmarknet
2023-07-24,mysuru,tomato,9,73.0,75.0,74.0,ceda_agmarknet
2023-07-25,mysuru,tomato,10,78.0,80.0,79.0,ceda_agmarknet
2023-07-26,mysuru,tomato,9,73.0,75.0,74.0,ceda_agmarknet
2023-07-27,mysuru,tomato,10,73.0,75.0,74.0,ceda_agmarknet
2023-07-28,mysuru,tomato,8,88.0,90.0,89.0,ceda_agmarknet
2023-07-30,mysuru,tomato,6,98.0,100.0,99.0,ceda_agmarknet
2023-07-31,mysuru,tomato,7,8.0,10.0,9.0,ceda_agmarknet
2023-08-01,mysuru,tomato,9,83.0,85.0,84.0,ceda_agmarknet
2023-08-02,mysuru,tomato,8,88.0,90.0,89.0,ceda_agmarknet
2023-08-03,mysuru,tomato,10,83.0,85.0,84.0,ceda_agmarknet
2023-08-04,mysuru,tomato,8,78.0,80.0,79.0,ceda_agmarknet
2023-08-06,mysuru,tomato,11,58.0,60.0,59.0,ceda_agmarknet
2023-08-07,mysuru,tomato,11,53.0,55.0,54.0,ceda_agmarknet
2023-08-08,mysuru,tomato,13,52.0,55.0,54.0,ceda_agmarknet
2023-08-09,mysuru,tomato,9,53.0,55.0,54.0,ceda_agmarknet
2023-08-10,mysuru,tomato,10,48.0,50.0,49.0,ceda_agmarknet
2023-08-11,mysuru,tomato,9,38.0,40.0,39.0,ceda_agmarknet
2023-08-13,mysuru,tomato,12,34.0,36.0,35.0,ceda_agmarknet
2023-08-15,mysuru,tomato,12,36.0,38.0,37.0,ceda_agmarknet
2023-08-16,mysuru,tomato,9,34.0,36.0,35.0,ceda_agmarknet
2023-08-17,mysuru,tomato,9,28.0,30.0,29.0,ceda_agmarknet
2023-08-18,mysuru,tomato,12,18.0,20.0,19.0,ceda_agmarknet
2023-08-20,mysuru,tomato,13,18.0,20.0,19.0,ceda_agmarknet
2023-08-23,mysuru,tomato,10,21.0,23.0,22.0,ceda_agmarknet
2023-08-24,mysuru,tomato,11,18.0,20.0,19.0,ceda_agmarknet
2023-08-25,mysuru,tomato,10,16.0,18.0,17.0,ceda_agmarknet
2023-08-26,mysuru,tomato,12,18.0,20.0,19.0,ceda_agmarknet
2023-08-27,mysuru,tomato,17,12.0,14.0,13.0,ceda_agmarknet
2023-09-01,mysuru,tomato,19,6.0,8.0,7.0,ceda_agmarknet
2023-09-03,mysuru,tomato,20,10.0,12.0,11.0,ceda_agmarknet
2023-09-04,mysuru,tomato,17,10.0,12.0,11.0,ceda_agmarknet
2023-09-05,mysuru,tomato,13,8.0,10.0,9.0,ceda_agmarknet
2023-09-08,mysuru,tomato,14,4.0,6.0,5.0,ceda_agmarknet
2023-09-10,mysuru,tomato,14,6.0,8.0,7.0,ceda_agmarknet
2023-09-11,mysuru,tomato,12,9.415,10.415,9.915,ceda_agmarknet
2023-09-12,mysuru,tomato,13,6.0,8.0,7.0,ceda_agmarknet
2023-09-13,mysuru,tomato,17,5.0,7.0,6.0,ceda_agmarknet
2023-09-14,mysuru,tomato,18,9.415,10.415,9.915,ceda_agmarknet
2023-09-15,mysuru,tomato,2,13.83,13.83,13.83,ceda_agmarknet
2023-09-16,mysuru,tomato,2,13.83,13.83,13.83,ceda_agmarknet
2023-09-19,mysuru,tomato,19,8.915,9.915,9.415,ceda_agmarknet
2023-09-20,mysuru,tomato,18,10.415,11.415,10.915,ceda_agmarknet
2023-09-21,mysuru,tomato,23,9.61,10.276666666666667,9.943333333333333,ceda_agmarknet
2023-09-22,mysuru,tomato,18,8.61,9.276666666666666,8.943333333333333,ceda_agmarknet
2023-09-25,mysuru,tomato,5,13.83,13.83,13.83,ceda_agmarknet
2023-09-26,mysuru,tomato,25,7.9575,8.9575,8.4575,ceda_agmarknet
2023-09-27,mysuru,tomato,5,8.915,10.415,9.415,ceda_agmarknet
2023-09-29,mysuru,tomato,3,9.415,10.415,9.915,ceda_agmarknet
2023-09-30,mysuru,tomato,4,9.415,10.915,9.915,ceda_agmarknet
2023-10-03,mysuru,tomato,6,9.415,10.915,9.915,ceda_agmarknet
2023-10-04,mysuru,tomato,20,6.7575,7.7575,7.0075,ceda_agmarknet
2023-10-05,mysuru,tomato,23,8.0075,9.5075,8.7575,ceda_agmarknet
2023-10-06,mysuru,tomato,27,8.4025,9.4025,8.9025,ceda_agmarknet
2023-10-07,mysuru,tomato,5,10.915,11.915,11.915,ceda_agmarknet
2023-10-08,mysuru,tomato,19,7.0,9.0,8.0,ceda_agmarknet
2023-10-09,mysuru,tomato,19,9.415,10.415,9.915,ceda_agmarknet
2023-10-10,mysuru,tomato,19,9.415,10.415,9.915,ceda_agmarknet
2023-10-11,mysuru,tomato,46,9.866666666666667,10.533333333333333,9.866666666666667,ceda_agmarknet
2023-10-12,mysuru,tomato,37,9.2525,10.0025,9.5025,ceda_agmarknet
2023-10-13,mysuru,tomato,19,10.276666666666667,11.61,10.61,ceda_agmarknet
2023-10-15,mysuru,tomato,17,8.0,10.0,9.0,ceda_agmarknet
2023-10-16,mysuru,tomato,28,9.67,10.336666666666668,10.003333333333334,ceda_agmarknet
2023-10-17,mysuru,tomato,16,9.915,10.915,10.415,ceda_agmarknet
2023-10-18,mysuru,tomato,4,13.83,13.83,13.83,ceda_agmarknet
2023-10-19,mysuru,tomato,4,11.915,12.915,11.915,ceda_agmarknet
2023-10-20,mysuru,tomato,56,11.326666666666668,15.49,14.016666666666667,ceda_agmarknet
2023-10-21,mysuru,tomato,5,11.915,12.915,11.915,ceda_agmarknet
2023-10-25,mysuru,tomato,19,10.915,11.915,11.415,ceda_agmarknet
2023-10-26,mysuru,tomato,21,9.276666666666666,10.276666666666667,9.61,ceda_agmarknet
2023-10-27,mysuru,tomato,23,9.79,11.54,10.79,ceda_agmarknet
2023-10-30,mysuru,tomato,16,14.915,15.915,15.415,ceda_agmarknet
2023-10-31,mysuru,tomato,17,19.2075,19.7075,19.4575,ceda_agmarknet
2023-11-02,mysuru,tomato,24,14.5,15.166666666666668,14.833333333333332,ceda_agmarknet
2023-11-03,mysuru,tomato,22,20.165,22.4,20.7625,ceda_agmarknet
2023-11-04,mysuru,tomato,3,13.83,13.83,13.83,ceda_agmarknet
2023-11-06,mysuru,tomato,21,17.9725,20.2075,18.57,ceda_agmarknet
2023-11-07,mysuru,tomato,13,15.163333333333332,15.78,15.78,ceda_agmarknet
2023-11-08,mysuru,tomato,21,20.61,21.276666666666664,20.943333333333335,ceda_agmarknet
2023-11-09,mysuru,tomato,2,19.415,19.415,19.415,ceda_agmarknet
2023-11-10,mysuru,tomato,42,19.415,19.48,19.465,ceda_agmarknet
2023-11-15,mysuru,tomato,15,17.415,18.415,17.915,ceda_agmarknet
2023-11-16,mysuru,tomato,18,17.276666666666667,17.94333333333333,17.61,ceda_agmarknet
2023-11-17,mysuru,tomato,26,17.9575,19.7075,18.7075,ceda_agmarknet
2023-11-18,mysuru,tomato,8,21.276666666666664,22.943333333333335,21.276666666666664,ceda_agmarknet
2023-11-21,mysuru,tomato,2,30.0,30.0,30.0,ceda_agmarknet
2023-11-22,mysuru,tomato,1,29.17,29.17,29.17,ceda_agmarknet
2023-11-23,mysuru,tomato,19,18.0,20.0,19.0,ceda_agmarknet
2023-11-24,mysuru,tomato,18,17.415,18.415,17.915,ceda_agmarknet
2023-11-27,mysuru,tomato,5,22.386666666666667,22.386666666666667,22.386666666666667,ceda_agmarknet
2023-11-28,mysuru,tomato,15,18.415,19.415,18.915,ceda_agmarknet
2023-11-29,mysuru,tomato,12,23.0,25.0,24.0,ceda_agmarknet
2023-11-30,mysuru,tomato,4,20.0,28.0,25.0,ceda_agmarknet
2023-12-01,mysuru,tomato,,26.92,26.92,26.92,ceda_agmarknet
2023-12-02,mysuru,tomato,,30.0,30.0,30.0,ceda_agmarknet
2023-12-05,mysuru,tomato,,30.0,30.0,30.0,ceda_agmarknet
2023-12-06,mysuru,tomato,,18.0,20.0,19.0,ceda_agmarknet
2023-12-07,mysuru,tomato,,23.86,24.526666666666664,24.193333333333335,ceda_agmarknet
2023-12-08,mysuru,tomato,,19.0,21.0,20.0,ceda_agmarknet
2023-12-11,mysuru,tomato,,21.89,23.165,22.535,ceda_agmarknet
2023-12-13,mysuru,tomato,,22.165,23.165,22.665,ceda_agmarknet
2023-12-14,mysuru,tomato,,23.53,23.53,23.53,ceda_agmarknet
2023-12-15,mysuru,tomato,20,18.665,19.76,19.22,ceda_agmarknet
2023-12-16,mysuru,tomato,6,16.915,18.58,17.97,ceda_agmarknet
2023-12-18,mysuru,tomato,19,14.915,96.915,15.415,ceda_agmarknet
2023-12-19,mysuru,tomato,21,18.09,18.756666666666668,18.423333333333332,ceda_agmarknet
2023-12-20,mysuru,tomato,16,18.0,20.0,19.0,ceda_agmarknet
2023-12-21,mysuru,tomato,20,17.09,17.756666666666668,17.423333333333332,ceda_agmarknet
2023-12-22,mysuru,tomato,28,18.3725,19.7275,19.0175,ceda_agmarknet
2023-12-26,mysuru,tomato,24,18.525,19.025,18.775,ceda_agmarknet
2023-12-27,mysuru,tomato,19,21.5,22.5,22.0,ceda_agmarknet
2023-12-28,mysuru,tomato,21,20.22,21.22,20.72,ceda_agmarknet
2023-12-29,mysuru,tomato,19,18.94,19.60666666666667,19.273333333333333,ceda_agmarknet
2023-12-30,mysuru,tomato,1,20.0,20.0,20.0,ceda_agmarknet
2023-12-31,mysuru,tomato,17,20.0,22.0,21.0,ceda_agmarknet
2024-01-01,mysuru,tomato,13,22.0,24.0,23.0,ceda_agmarknet
2024-01-02,mysuru,tomato,14,22.0,24.0,23.0,ceda_agmarknet
2024-01-03,mysuru,tomato,20,22.333333333333336,23.0,22.666666666666664,ceda_agmarknet
2024-01-04,mysuru,tomato,17,19.0,21.0,20.0,ceda_agmarknet
2024-01-05,mysuru,tomato,21,18.93,19.93,19.43,ceda_agmarknet
2024-01-06,mysuru,tomato,1,13.83,13.83,13.83,ceda_agmarknet
2024-01-08,mysuru,tomato,16,18.61,19.276666666666667,18.94333333333333,ceda_agmarknet
2024-01-09,mysuru,tomato,25,15.943333333333333,18.61,17.15,ceda_agmarknet
2024-01-10,mysuru,tomato,26,16.13,16.796666666666667,16.46333333333333,ceda_agmarknet
2024-01-11,mysuru,tomato,16,17.94333333333333,18.61,18.276666666666667,ceda_agmarknet
2024-01-12,mysuru,tomato,18,14.415,15.415,14.915,ceda_agmarknet
2024-01-16,mysuru,tomato,9,19.76,19.76,19.76,ceda_agmarknet
2024-01-17,mysuru,tomato,2,19.44,19.44,19.44,ceda_agmarknet
2024-01-18,mysuru,tomato,15,14.915,15.915,15.415,ceda_agmarknet
2024-01-19,mysuru,tomato,20,14.0,16.0,15.0,ceda_agmarknet
2024-01-21,mysuru,tomato,17,16.0,18.0,17.0,ceda_agmarknet
2024-01-22,mysuru,tomato,19,16.0,18.0,17.0,ceda_agmarknet
2024-01-23,mysuru,tomato,13,18.0,20.0,19.0,ceda_agmarknet
2024-01-24,mysuru,tomato,19,18.225,19.225,18.725,ceda_agmarknet
2024-01-25,mysuru,tomato,18,16.0,18.0,17.0,ceda_agmarknet
2024-01-29,mysuru,tomato,22,17.94333333333333,18.61,18.276666666666667,ceda_agmarknet
2024-01-30,mysuru,tomato,14,13.0,15.0,14.0,ceda_agmarknet
2024-01-31,mysuru,tomato,14,15.0,17.0,16.0,ceda_agmarknet
2024-02-01,mysuru,tomato,14,16.0,18.0,17.0,ceda_agmarknet
2024-02-02,mysuru,tomato,18,19.276666666666667,19.94333333333333,19.61,ceda_agmarknet
2024-02-03,mysuru,tomato,5,20.276666666666667,20.276666666666667,20.276666666666667,ceda_agmarknet
2024-02-05,mysuru,tomato,2,13.83,13.83,13.83,ceda_agmarknet
2024-02-06,mysuru,tomato,23,17.47,18.136666666666667,17.80333333333333,ceda_agmarknet
2024-02-07,mysuru,tomato,3,21.915,21.915,21.915,ceda_agmarknet
2024-02-08,mysuru,tomato,22,17.47,18.136666666666667,17.80333333333333,ceda_agmarknet
2024-02-09,mysuru,tomato,3,17.205,17.205,17.205,ceda_agmarknet
2024-02-12,mysuru,tomato,13,13.915,14.915,14.415,ceda_agmarknet
2024-02-13,mysuru,tomato,12,16.0,16.0,16.0,ceda_agmarknet
2024-02-14,mysuru,tomato,3,15.245,15.245,15.245,ceda_agmarknet
2024-02-15,mysuru,tomato,1,13.83,13.83,13.83,ceda_agmarknet
2024-02-16,mysuru,tomato,23,15.233333333333333,15.9,15.566666666666668,ceda_agmarknet
2024-02-17,mysuru,tomato,4,13.365,13.365,13.365,ceda_agmarknet
2024-02-18,mysuru,tomato,19,10.0,12.0,11.0,ceda_agmarknet
2024-02-19,mysuru,tomato,14,10.0,12.0,11.0,ceda_agmarknet
2024-02-20,mysuru,tomato,3,16.915,16.915,16.915,ceda_agmarknet
2024-02-21,mysuru,tomato,16,11.915,12.915,12.415,ceda_agmarknet
2024-02-22,mysuru,tomato,21,10.415,11.415,10.915,ceda_agmarknet
2024-02-23,mysuru,tomato,21,12.395,12.895,12.645,ceda_agmarknet
2024-02-25,mysuru,tomato,16,6.0,8.0,7.0,ceda_agmarknet
2024-02-26,mysuru,tomato,23,7.875,8.875,8.375,ceda_agmarknet
2024-02-27,mysuru,tomato,22,9.386666666666667,10.053333333333335,9.72,ceda_agmarknet
2024-02-28,mysuru,tomato,22,9.386666666666667,10.053333333333335,9.72,ceda_agmarknet
2024-02-29,mysuru,tomato,21,13.276666666666667,13.943333333333333,13.61,ceda_agmarknet
2024-03-01,mysuru,tomato,15,9.415,10.415,9.915,ceda_agmarknet
2024-03-02,mysuru,tomato,2,13.83,13.83,13.83,ceda_agmarknet
2024-03-04,mysuru,tomato,22,13.943333333333333,14.61,14.276666666666667,ceda_agmarknet
2024-03-05,mysuru,tomato,8,13.915,14.915,14.415,ceda_agmarknet
2024-03-06,mysuru,tomato,16,13.833333333333332,14.5,14.166666666666668,ceda_agmarknet
2024-03-07,mysuru,tomato,18,10.915,11.915,11.415,ceda_agmarknet
2024-03-11,mysuru,tomato,22,11.915,12.915,12.415,ceda_agmarknet
2024-03-12,mysuru,tomato,22,11.966666666666667,12.633333333333333,12.3,ceda_agmarknet
2024-03-13,mysuru,tomato,32,11.966666666666667,12.633333333333333,12.3,ceda_agmarknet
2024-03-14,mysuru,tomato,25,14.61,15.276666666666667,14.943333333333333,ceda_agmarknet
2024-03-15,mysuru,tomato,3,16.915,16.915,16.915,ceda_agmarknet
2024-03-16,mysuru,tomato,5,12.415,12.415,12.415,ceda_agmarknet
2024-03-18,mysuru,tomato,17,10.915,11.915,11.415,ceda_agmarknet
2024-03-19,mysuru,tomato,22,11.915,12.915,12.415,ceda_agmarknet
2024-03-20,mysuru,tomato,26,11.915,12.915,12.415,ceda_agmarknet
2024-03-21,mysuru,tomato,35,15.3725,15.8725,15.6225,ceda_agmarknet
2024-03-22,mysuru,tomato,30,12.415,13.415,12.915,ceda_agmarknet
2024-03-25,mysuru,tomato,32,11.915,12.915,12.415,ceda_agmarknet
2024-03-26,mysuru,tomato,18,11.83,12.496666666666668,12.163333333333332,ceda_agmarknet
2024-03-27,mysuru,tomato,28,11.363333333333333,11.696666666666667,11.53,ceda_agmarknet
2024-03-28,mysuru,tomato,34,15.116666666666667,15.783333333333333,15.45,ceda_agmarknet
2024-03-29,mysuru,tomato,27,13.0,15.0,14.0,ceda_agmarknet
2024-03-30,mysuru,tomato,17,14.255,17.315,14.695,ceda_agmarknet
2024-03-31,mysuru,tomato,32,14.0,16.0,15.0,ceda_agmarknet
2024-04-01,mysuru,tomato,,11.48,18.815,13.325,ceda_agmarknet
2024-04-02,mysuru,tomato,,16.11,16.776666666666667,16.44333333333333,ceda_agmarknet
2024-04-03,mysuru,tomato,,17.415,18.415,17.915,ceda_agmarknet
2024-04-04,mysuru,tomato,31,17.915,18.915,18.415,ceda_agmarknet
2024-04-05,mysuru,tomato,24,17.3,18.3,17.8,ceda_agmarknet
2024-04-06,mysuru,tomato,3,18.3,18.3,18.3,ceda_agmarknet
2024-04-07,mysuru,tomato,29,20.0,22.0,21.0,ceda_agmarknet
2024-04-08,mysuru,tomato,28,22.0,24.0,23.0,ceda_agmarknet
2024-04-12,mysuru,tomato,30,16.0,18.0,17.0,ceda_agmarknet
2024-04-15,mysuru,tomato,28,15.11,16.926666666666666,15.56,ceda_agmarknet
2024-04-16,mysuru,tomato,18,16.866666666666667,17.53333333333333,17.2,ceda_agmarknet
2024-04-17,mysuru,tomato,24,16.3,17.3,16.8,ceda_agmarknet
2024-04-18,mysuru,tomato,40,16.866666666666667,19.53333333333333,18.53333333333333,ceda_agmarknet
2024-04-19,mysuru,tomato,22,17.53333333333333,19.53333333333333,18.53333333333333,ceda_agmarknet
2024-04-20,mysuru,tomato,1,16.6,16.6,16.6,ceda_agmarknet
2024-04-21,mysuru,tomato,19,20.0,22.0,21.0,ceda_agmarknet
2024-04-22,mysuru,tomato,20,19.583333333333332,20.25,19.916666666666668,ceda_agmarknet
2024-04-23,mysuru,tomato,14,19.0,20.0,19.5,ceda_agmarknet
2024-04-24,mysuru,tomato,15,18.866666666666667,19.53333333333333,19.2,ceda_agmarknet
2024-04-25,mysuru,tomato,14,16.915,17.915,17.415,ceda_agmarknet
2024-04-26,mysuru,tomato,13,21.0,23.0,22.0,ceda_agmarknet
2024-04-28,mysuru,tomato,17,24.0,26.0,25.0,ceda_agmarknet
2024-04-29,mysuru,tomato,15,19.8,20.8,20.3,ceda_agmarknet
2024-05-01,mysuru,tomato,13,18.0,20.0,19.0,ceda_agmarknet
2024-05-02,mysuru,tomato,15,17.3,18.3,17.8,ceda_agmarknet
2024-05-03,mysuru,tomato,18,18.795,19.295,19.045,ceda_agmarknet
2024-05-04,mysuru,tomato,3,18.59,18.59,18.59,ceda_agmarknet
2024-05-06,mysuru,tomato,14,17.3,18.3,17.8,ceda_agmarknet
2024-05-07,mysuru,tomato,19,17.3,18.3,17.8,ceda_agmarknet
2024-05-08,mysuru,tomato,13,17.3,18.3,17.8,ceda_agmarknet
2024-05-09,mysuru,tomato,20,17.3,18.3,17.8,ceda_agmarknet
2024-05-10,mysuru,tomato,20,18.0,20.0,19.0,ceda_agmarknet
2024-05-12,mysuru,tomato,21,21.0,23.0,22.0,ceda_agmarknet
2024-05-13,mysuru,tomato,18,17.3,18.3,17.8,ceda_agmarknet
2024-05-14,mysuru,tomato,19,18.0,20.0,19.0,ceda_agmarknet
2024-05-15,mysuru,tomato,21,20.0,22.0,21.0,ceda_agmarknet
2024-05-16,mysuru,tomato,30,20.0,22.0,21.0,ceda_agmarknet
2024-05-17,mysuru,tomato,21,18.8,19.8,19.3,ceda_agmarknet
2024-05-18,mysuru,tomato,1,16.6,16.6,16.6,ceda_agmarknet
2024-05-20,mysuru,tomato,13,26.0,28.0,27.0,ceda_agmarknet
2024-05-21,mysuru,tomato,23,23.3,24.3,23.8,ceda_agmarknet
2024-05-22,mysuru,tomato,18,24.3,25.3,24.8,ceda_agmarknet
2024-05-23,mysuru,tomato,24,28.533333333333335,29.2,28.866666666666664,ceda_agmarknet
2024-05-24,mysuru,tomato,12,36.5,37.5,37.0,ceda_agmarknet
2024-05-26,mysuru,tomato,28,36.0,38.0,37.0,ceda_agmarknet
2024-05-27,mysuru,tomato,18,28.525,29.525,29.025,ceda_agmarknet
2024-05-28,mysuru,tomato,22,34.0,36.0,35.0,ceda_agmarknet
2024-05-29,mysuru,tomato,18,23.3,24.3,23.8,ceda_agmarknet
2024-05-30,mysuru,tomato,22,26.08,27.08,26.58,ceda_agmarknet
2024-05-31,mysuru,tomato,20,19.8,20.8,20.3,ceda_agmarknet
2024-06-02,mysuru,tomato,,23.0,25.0,24.0,ceda_agmarknet
2024-06-03,mysuru,tomato,,20.3,21.3,20.8,ceda_agmarknet
2024-06-04,mysuru,tomato,,23.0,25.0,24.0,ceda_agmarknet
2024-06-05,mysuru,tomato,,24.866666666666664,25.533333333333335,25.2,ceda_agmarknet
2024-06-06,mysuru,tomato,,30.76,30.76,30.76,ceda_agmarknet
2024-06-07,mysuru,tomato,,33.0,35.0,34.0,ceda_agmarknet
2024-06-10,mysuru,tomato,,31.0,33.0,32.0,ceda_agmarknet
2024-06-11,mysuru,tomato,,34.0,36.0,35.0,ceda_agmarknet
2024-06-12,mysuru,tomato,,33.20333333333333,34.443333333333335,33.86666666666667,ceda_agmarknet
2024-06-13,mysuru,tomato,,48.0,50.0,49.0,ceda_agmarknet
2024-06-14,mysuru,tomato,,46.0,48.0,47.0,ceda_agmarknet
2024-06-17,mysuru,tomato,,48.0,50.0,49.0,ceda_agmarknet
2024-06-18,mysuru,tomato,,51.0,55.0,52.0,ceda_agmarknet
2024-06-19,mysuru,tomato,,58.0,60.0,59.0,ceda_agmarknet
2024-06-20,mysuru,tomato,,58.0,60.0,59.0,ceda_agmarknet
2024-06-21,mysuru,tomato,,59.165,60.165,59.665,ceda_agmarknet
2024-06-23,mysuru,tomato,,56.0,58.0,57.0,ceda_agmarknet
2024-06-24,mysuru,tomato,,55.57,56.57,56.07,ceda_agmarknet
2024-06-25,mysuru,tomato,,46.5,47.5,47.0,ceda_agmarknet
2024-06-26,mysuru,tomato,,45.775,46.775,46.275,ceda_agmarknet
2024-06-27,mysuru,tomato,,38.0,40.0,39.0,ceda_agmarknet
2024-06-28,mysuru,tomato,,46.0,48.0,47.0,ceda_agmarknet
2024-06-30,mysuru,tomato,,35.0,37.0,36.0,ceda_agmarknet
2024-07-01,mysuru,tomato,,35.0,37.0,36.0,ceda_agmarknet
2024-07-02,mysuru,tomato,,35.0,37.0,36.0,ceda_agmarknet
2024-07-03,mysuru,tomato,,30.0,32.0,31.0,ceda_agmarknet
2024-07-04,mysuru,tomato,,32.0,34.0,33.0,ceda_agmarknet
2024-07-05,mysuru,tomato,,31.25,31.25,31.25,ceda_agmarknet
2024-07-08,mysuru,tomato,,35.71,35.71,35.71,ceda_agmarknet
2024-07-09,mysuru,tomato,,28.0,30.0,29.0,ceda_agmarknet
2024-07-10,mysuru,tomato,,28.0,30.0,29.0,ceda_agmarknet
2024-07-11,mysuru,tomato,,28.0,30.0,29.0,ceda_agmarknet
2024-07-15,mysuru,tomato,,43.0,45.0,44.0,ceda_agmarknet
2024-07-16,mysuru,tomato,,43.0,45.0,44.0,ceda_agmarknet
2024-07-17,mysuru,tomato,,43.0,45.0,44.0,ceda_agmarknet
2024-07-18,mysuru,tomato,,46.0,48.0,47.0,ceda_agmarknet
2024-07-19,mysuru,tomato,,48.0,50.0,49.0,ceda_agmarknet
2024-07-21,mysuru,tomato,,43.0,45.0,44.0,ceda_agmarknet
2024-07-22,mysuru,tomato,,33.0,35.0,34.0,ceda_agmarknet
2024-07-23,mysuru,tomato,,36.875,37.875,37.375,ceda_agmarknet
2024-07-24,mysuru,tomato,,33.44,34.44,33.94,ceda_agmarknet
2024-07-25,mysuru,tomato,,24.375,25.375,24.875,ceda_agmarknet
2024-07-26,mysuru,tomato,,18.0,20.0,19.0,ceda_agmarknet
2024-07-28,mysuru,tomato,,14.0,16.0,15.0,ceda_agmarknet
2024-07-29,mysuru,tomato,,14.415,16.8,14.915,ceda_agmarknet
2024-07-30,mysuru,tomato,,15.3,16.3,15.8,ceda_agmarknet
2024-07-31,mysuru,tomato,,13.415,15.8,13.915,ceda_agmarknet
2024-08-04,mysuru,tomato,,12.0,14.0,13.0,ceda_agmarknet
2024-08-05,mysuru,tomato,11,13.415,14.415,13.915,ceda_agmarknet
2024-08-06,mysuru,tomato,9,11.0,13.0,12.0,ceda_agmarknet
2024-08-07,mysuru,tomato,10,8.0,10.0,9.0,ceda_agmarknet
2024-08-08,mysuru,tomato,10,7.0,9.0,8.0,ceda_agmarknet
2024-08-09,mysuru,tomato,11,10.415,11.415,10.915,ceda_agmarknet
2024-08-11,mysuru,tomato,12,11.0,13.0,12.0,ceda_agmarknet
2024-08-12,mysuru,tomato,10,10.0,12.0,11.0,ceda_agmarknet
2024-08-13,mysuru,tomato,11,10.915,11.915,11.415,ceda_agmarknet
2024-08-14,mysuru,tomato,11,9.915,10.915,10.415,ceda_agmarknet
2024-08-16,mysuru,tomato,12,10.915,11.915,11.415,ceda_agmarknet
2024-08-17,mysuru,tomato,2,13.83,13.83,13.83,ceda_agmarknet
2024-08-18,mysuru,tomato,13,8.0,10.0,9.0,ceda_agmarknet
2024-08-19,mysuru,tomato,9,10.915,11.915,11.415,ceda_agmarknet
2024-08-20,mysuru,tomato,1,13.83,13.83,13.83,ceda_agmarknet
2024-08-21,mysuru,tomato,22,9.915,10.915,10.415,ceda_agmarknet
2024-08-22,mysuru,tomato,23,10.915,11.915,11.415,ceda_agmarknet
2024-08-23,mysuru,tomato,22,13.415,14.415,13.915,ceda_agmarknet
2024-08-25,mysuru,tomato,10,8.0,10.0,9.0,ceda_agmarknet
2024-08-26,mysuru,tomato,19,12.016666666666667,12.683333333333332,12.35,ceda_agmarknet
2024-08-27,mysuru,tomato,10,10.915,11.915,11.415,ceda_agmarknet
2024-08-28,mysuru,tomato,11,12.415,13.415,12.915,ceda_agmarknet
2024-08-29,mysuru,tomato,16,11.92,12.586666666666668,12.253333333333332,ceda_agmarknet
2024-08-30,mysuru,tomato,9,8.0,10.0,9.0,ceda_agmarknet
2024-08-31,mysuru,tomato,3,13.33,13.33,13.33,ceda_agmarknet
2024-09-01,mysuru,tomato,10,10.0,12.0,11.0,ceda_agmarknet
2024-09-02,mysuru,tomato,10,11.915,12.915,12.415,ceda_agmarknet
2024-09-03,mysuru,tomato,11,11.915,12.915,12.415,ceda_agmarknet
2024-09-04,mysuru,tomato,8,12.0,14.0,13.0,ceda_agmarknet
2024-09-05,mysuru,tomato,11,13.415,14.415,13.915,ceda_agmarknet
2024-09-06,mysuru,tomato,21,13.915,14.915,14.415,ceda_agmarknet
2024-09-08,mysuru,tomato,17,16.0,18.0,17.0,ceda_agmarknet
2024-09-09,mysuru,tomato,24,15.853333333333332,16.52,16.186666666666667,ceda_agmarknet
2024-09-10,mysuru,tomato,20,13.415,15.8,15.3,ceda_agmarknet
2024-09-11,mysuru,tomato,27,14.3,15.3,14.8,ceda_agmarknet
2024-09-12,mysuru,tomato,19,13.276666666666667,13.943333333333333,13.61,ceda_agmarknet
2024-09-13,mysuru,tomato,18,14.0,16.0,15.0,ceda_agmarknet
2024-09-16,mysuru,tomato,13,15.0,17.0,16.0,ceda_agmarknet
2024-09-17,mysuru,tomato,18,16.44333333333333,17.11,16.776666666666667,ceda_agmarknet
2024-09-18,mysuru,tomato,22,15.915,16.915,16.415,ceda_agmarknet
2024-09-19,mysuru,tomato,22,20.0,22.0,21.0,ceda_agmarknet
2024-09-20,mysuru,tomato,21,19.3,20.3,19.8,ceda_agmarknet
2024-09-21,mysuru,tomato,1,16.6,16.6,16.6,ceda_agmarknet
2024-09-22,mysuru,tomato,20,26.0,28.0,27.0,ceda_agmarknet
2024-09-23,mysuru,tomato,21,24.665,25.665,25.165,ceda_agmarknet
2024-09-24,mysuru,tomato,35,27.5,28.5,28.0,ceda_agmarknet
2024-09-25,mysuru,tomato,13,30.0,32.0,31.0,ceda_agmarknet
2024-09-26,mysuru,tomato,20,28.0,30.0,29.0,ceda_agmarknet
2024-09-27,mysuru,tomato,20,28.0,30.0,29.0,ceda_agmarknet
2024-09-30,mysuru,tomato,20,36.0,38.0,37.0,ceda_agmarknet
2024-10-01,mysuru,tomato,16,38.0,40.0,39.0,ceda_agmarknet
2024-10-03,mysuru,tomato,1,13.83,13.83,13.83,ceda_agmarknet
2024-10-04,mysuru,tomato,13,46.0,48.0,47.0,ceda_agmarknet
2024-10-06,mysuru,tomato,16,46.0,48.0,47.0,ceda_agmarknet
2024-10-07,mysuru,tomato,13,43.0,45.0,44.0,ceda_agmarknet
2024-10-08,mysuru,tomato,9,38.0,40.0,39.0,ceda_agmarknet
2024-10-09,mysuru,tomato,8,34.0,36.0,35.0,ceda_agmarknet
2024-10-10,mysuru,tomato,14,32.0,34.0,33.0,ceda_agmarknet
2024-10-14,mysuru,tomato,13,36.0,38.0,37.0,ceda_agmarknet
2024-10-15,mysuru,tomato,20,36.0,38.0,37.0,ceda_agmarknet
2024-10-16,mysuru,tomato,20,38.0,40.0,39.0,ceda_agmarknet
2024-10-17,mysuru,tomato,10,38.0,40.0,39.0,ceda_agmarknet
2024-10-18,mysuru,tomato,5,40.0,42.0,41.0,ceda_agmarknet
2024-10-20,mysuru,tomato,21,40.0,42.0,41.0,ceda_agmarknet
2024-10-21,mysuru,tomato,16,40.0,42.0,41.0,ceda_agmarknet
2024-10-22,mysuru,tomato,14,33.0,35.0,34.0,ceda_agmarknet
2024-10-23,mysuru,tomato,13,33.0,35.0,34.0,ceda_agmarknet
2024-10-24,mysuru,tomato,17,33.0,35.0,34.0,ceda_agmarknet
2024-10-25,mysuru,tomato,16,33.0,35.0,34.0,ceda_agmarknet
2024-10-28,mysuru,tomato,4,25.0,27.0,26.0,ceda_agmarknet
2024-10-29,mysuru,tomato,16,23.0,25.0,24.0,ceda_agmarknet
2024-10-30,mysuru,tomato,13,20.0,22.0,21.0,ceda_agmarknet
2024-11-04,mysuru,tomato,13,17.3,18.3,17.8,ceda_agmarknet
2024-11-05,mysuru,tomato,19,16.915,17.915,17.415,ceda_agmarknet
2024-11-06,mysuru,tomato,14,18.3,19.3,18.8,ceda_agmarknet
2024-11-07,mysuru,tomato,15,17.8,18.8,18.3,ceda_agmarknet
2024-11-08,mysuru,tomato,16,15.915,18.3,16.415,ceda_agmarknet
2024-11-10,mysuru,tomato,18,14.0,16.0,15.0,ceda_agmarknet
2024-11-11,mysuru,tomato,16,11.915,12.915,12.415,ceda_agmarknet
2024-11-12,mysuru,tomato,20,12.415,13.415,12.915,ceda_agmarknet
2024-11-13,mysuru,tomato,15,14.8,15.8,15.3,ceda_agmarknet
2024-11-14,mysuru,tomato,22,11.69,14.415,13.915,ceda_agmarknet
2024-11-15,mysuru,tomato,2,13.83,13.83,13.83,ceda_agmarknet
2024-11-16,mysuru,tomato,2,13.83,13.83,13.83,ceda_agmarknet
2024-11-19,mysuru,tomato,14,14.85,17.33,16.17,ceda_agmarknet
2024-11-20,mysuru,tomato,13,16.915,17.915,17.415,ceda_agmarknet
2024-11-21,mysuru,tomato,20,17.915,18.915,18.415,ceda_agmarknet
2024-12-02,mysuru,tomato,13,30.0,32.0,31.0,ceda_agmarknet
2024-12-03,mysuru,tomato,20,38.0,40.0,39.0,ceda_agmarknet
2024-12-05,mysuru,tomato,8,36.0,38.0,37.0,ceda_agmarknet
2024-12-06,mysuru,tomato,20,38.0,40.0,39.0,ceda_agmarknet
2024-12-07,mysuru,tomato,9,16.66,20.83,18.51,ceda_agmarknet
2024-12-09,mysuru,tomato,13,25.64,30.3,27.77,ceda_agmarknet
2024-12-16,mysuru,tomato,24,,,,ceda_agmarknet
2024-12-17,mysuru,tomato,26,,,,ceda_agmarknet
2024-12-18,mysuru,tomato,24,,,,ceda_agmarknet
2024-12-20,mysuru,tomato,21,,,,ceda_agmarknet
2024-12-27,mysuru,tomato,13,13.0,15.0,14.0,ceda_agmarknet
2024-12-29,mysuru,tomato,18,13.0,15.0,14.0,ceda_agmarknet
2024-12-30,mysuru,tomato,9,13.0,15.0,14.0,ceda_agmarknet
2024-12-31,mysuru,tomato,10,11.0,13.0,12.0,ceda_agmarknet
2025-01-02,mysuru,tomato,14,12.415,13.415,12.915,ceda_agmarknet
2025-01-03,mysuru,tomato,18,16.156666666666666,17.53333333333333,16.49,ceda_agmarknet
2025-01-04,mysuru,tomato,6,13.83,13.83,13.83,ceda_agmarknet
2025-01-06,mysuru,tomato,30,12.075,14.27,13.33,ceda_agmarknet
2025-01-07,mysuru,tomato,9,12.415,13.415,12.915,ceda_agmarknet
2025-01-08,mysuru,tomato,14,11.915,12.915,12.415,ceda_agmarknet
2025-01-09,mysuru,tomato,30,12.576666666666668,13.72,13.216666666666667,ceda_agmarknet
2025-01-10,mysuru,tomato,15,11.965,12.865,12.47,ceda_agmarknet
2025-01-13,mysuru,tomato,20,13.09,13.58,13.325,ceda_agmarknet
2025-01-15,mysuru,tomato,43,11.026666666666667,12.313333333333333,11.643333333333333,ceda_agmarknet
2025-01-16,mysuru,tomato,15,12.915,13.915,13.415,ceda_agmarknet
2025-01-17,mysuru,tomato,2,13.83,13.83,13.83,ceda_agmarknet
2025-01-18,mysuru,tomato,13,12.12,14.49,13.325,ceda_agmarknet
2025-01-19,mysuru,tomato,13,10.0,12.0,11.0,ceda_agmarknet
2025-01-20,mysuru,tomato,12,10.915,11.915,11.415,ceda_agmarknet
2025-01-21,mysuru,tomato,3,13.83,13.83,13.83,ceda_agmarknet
2025-01-22,mysuru,tomato,11,10.915,11.915,11.415,ceda_agmarknet
2025-01-23,mysuru,tomato,11,12.915,13.915,13.415,ceda_agmarknet
2025-01-24,mysuru,tomato,15,12.915,13.915,13.415,ceda_agmarknet
2025-01-27,mysuru,tomato,14,12.915,13.915,13.415,ceda_agmarknet
2025-01-28,mysuru,tomato,12,11.915,12.915,12.415,ceda_agmarknet
2025-01-29,mysuru,tomato,11,12.915,13.915,13.415,ceda_agmarknet
2025-01-30,mysuru,tomato,11,13.915,14.915,14.415,ceda_agmarknet
2025-01-31,mysuru,tomato,11,14.915,15.915,15.415,ceda_agmarknet
2025-02-01,mysuru,tomato,3,13.83,13.83,13.83,ceda_agmarknet
2025-02-03,mysuru,tomato,12,13.415,14.415,13.915,ceda_agmarknet
2025-02-04,mysuru,tomato,12,13.415,14.415,13.915,ceda_agmarknet
2025-02-05,mysuru,tomato,11,13.415,14.415,13.915,ceda_agmarknet
2025-02-06,mysuru,tomato,13,13.415,14.415,13.915,ceda_agmarknet
2025-02-07,mysuru,tomato,10,14.0,16.0,15.0,ceda_agmarknet
2025-02-10,mysuru,tomato,15,14.415,15.415,14.915,ceda_agmarknet
2025-02-11,mysuru,tomato,13,14.415,15.415,14.915,ceda_agmarknet
2025-02-12,mysuru,tomato,12,13.415,14.415,13.915,ceda_agmarknet
2025-02-13,mysuru,tomato,13,11.0,13.0,12.0,ceda_agmarknet
2025-02-14,mysuru,tomato,17,11.915,12.915,12.415,ceda_agmarknet
2025-02-15,mysuru,tomato,4,13.83,13.83,13.83,ceda_agmarknet
2025-02-16,mysuru,tomato,11,11.0,13.0,12.0,ceda_agmarknet
2025-02-17,mysuru,tomato,18,14.673333333333332,16.663333333333334,15.62,ceda_agmarknet
2025-02-18,mysuru,tomato,12,12.915,13.915,13.415,ceda_agmarknet
2025-02-19,mysuru,tomato,19,15.876666666666667,17.866666666666667,16.823333333333334,ceda_agmarknet
2025-02-20,mysuru,tomato,13,8.0,10.0,9.0,ceda_agmarknet
2025-02-21,mysuru,tomato,15,9.915,10.915,10.415,ceda_agmarknet
2025-02-23,mysuru,tomato,29,6.0,8.0,7.0,ceda_agmarknet
2025-02-24,mysuru,tomato,61,9.02,11.776666666666667,10.186666666666666,ceda_agmarknet
2025-02-25,mysuru,tomato,48,9.02,11.61,10.186666666666666,ceda_agmarknet
2025-02-26,mysuru,tomato,19,6.0,8.0,7.0,ceda_agmarknet
2025-02-27,mysuru,tomato,34,10.49,12.575,11.75,ceda_agmarknet
2025-02-28,mysuru,tomato,22,10.915,11.915,11.415,ceda_agmarknet
2025-03-01,mysuru,tomato,6,18.815,20.8,19.735,ceda_agmarknet
2025-03-13,mysuru,tomato,9,4.0,6.0,5.0,ceda_agmarknet
2025-03-14,mysuru,tomato,10,4.0,6.0,5.0,ceda_agmarknet
2025-03-17,mysuru,tomato,10,4.0,6.0,5.0,ceda_agmarknet
2025-03-18,mysuru,tomato,9,6.0,8.0,7.0,ceda_agmarknet
2025-03-19,mysuru,tomato,8,6.0,8.0,7.0,ceda_agmarknet
2025-03-20,mysuru,tomato,7,5.0,7.0,6.0,ceda_agmarknet
2025-03-21,mysuru,tomato,7,5.0,7.0,6.0,ceda_agmarknet
2025-03-24,mysuru,tomato,19,5.0,7.0,6.0,ceda_agmarknet
2025-03-28,mysuru,tomato,17,6.0,8.0,7.0,ceda_agmarknet
2025-04-03,mysuru,tomato,7,5.0,7.0,6.0,ceda_agmarknet
2025-04-04,mysuru,tomato,7,5.0,7.0,6.0,ceda_agmarknet
2025-04-06,mysuru,tomato,20,6.0,8.0,7.0,ceda_agmarknet
2025-04-07,mysuru,tomato,20,6.0,8.0,7.0,ceda_agmarknet
2025-04-08,mysuru,tomato,19,10.0,12.0,11.0,ceda_agmarknet
2025-04-10,mysuru,tomato,20,9.0,11.0,10.0,ceda_agmarknet
2025-04-11,mysuru,tomato,19,9.0,11.0,10.0,ceda_agmarknet
2025-04-14,mysuru,tomato,20,7.0,9.0,8.0,ceda_agmarknet
2025-04-15,mysuru,tomato,14,7.0,9.0,8.0,ceda_agmarknet
2025-04-18,mysuru,tomato,19,8.0,10.0,9.0,ceda_agmarknet
2025-04-19,mysuru,tomato,6,16.66,22.22,20.83,ceda_agmarknet
2025-04-20,mysuru,tomato,20,8.0,10.0,9.0,ceda_agmarknet
2025-04-21,mysuru,tomato,20,8.0,10.0,9.0,ceda_agmarknet
2025-04-22,mysuru,tomato,13,8.0,10.0,9.0,ceda_agmarknet
2025-04-23,mysuru,tomato,7,16.66,22.22,20.83,ceda_agmarknet
2025-04-24,mysuru,tomato,27,14.255,17.11,15.915,ceda_agmarknet
2025-04-25,mysuru,tomato,20,12.0,14.0,13.0,ceda_agmarknet
2025-05-01,mysuru,tomato,18,9.0,11.0,10.0,ceda_agmarknet
2025-05-02,mysuru,tomato,12,10.0,12.0,11.0,ceda_agmarknet
2025-05-03,mysuru,tomato,8,16.66,22.22,18.51,ceda_agmarknet
2025-05-06,mysuru,tomato,13,7.0,9.0,8.0,ceda_agmarknet
2025-05-07,mysuru,tomato,13,7.0,9.0,8.0,ceda_agmarknet
2025-05-09,mysuru,tomato,22,7.0,9.0,8.0,ceda_agmarknet
2025-05-11,mysuru,tomato,22,10.0,12.0,11.0,ceda_agmarknet
2025-05-12,mysuru,tomato,17,10.0,12.0,11.0,ceda_agmarknet
2025-05-16,mysuru,tomato,18,10.0,12.0,11.0,ceda_agmarknet
2025-05-21,mysuru,tomato,7,10.0,12.0,11.0,ceda_agmarknet
2025-05-23,mysuru,tomato,14,,,,ceda_agmarknet
2025-05-25,mysuru,tomato,19,,,,ceda_agmarknet
2025-05-26,mysuru,tomato,11,8.0,10.0,9.0,ceda_agmarknet
2025-05-27,mysuru,tomato,18,9.0,11.0,10.0,ceda_agmarknet
2025-05-29,mysuru,tomato,20,11.0,13.0,12.0,ceda_agmarknet
2025-05-30,mysuru,tomato,13,10.0,12.0,11.0,ceda_agmarknet
2025-06-01,mysuru,tomato,14,10.0,12.0,11.0,ceda_agmarknet
2025-06-02,mysuru,tomato,14,10.0,12.0,11.0,ceda_agmarknet
2025-06-04,mysuru,tomato,9,11.0,13.0,12.0,ceda_agmarknet
2025-06-05,mysuru,tomato,14,14.0,16.0,15.0,ceda_agmarknet
2025-06-06,mysuru,tomato,9,13.0,15.0,14.0,ceda_agmarknet
2025-06-08,mysuru,tomato,14,10.0,12.0,11.0,ceda_agmarknet
2025-06-09,mysuru,tomato,11,10.0,12.0,11.0,ceda_agmarknet
2025-06-11,mysuru,tomato,12,15.0,17.0,16.0,ceda_agmarknet
2025-06-18,mysuru,tomato,20,11.0,13.0,12.0,ceda_agmarknet
2025-06-19,mysuru,tomato,13,11.0,13.0,12.0,ceda_agmarknet
2025-06-22,mysuru,tomato,19,13.0,15.0,14.0,ceda_agmarknet
2025-06-23,mysuru,tomato,13,14.0,16.0,15.0,ceda_agmarknet
2025-06-25,mysuru,tomato,13,16.0,18.0,17.0,ceda_agmarknet
2025-06-26,mysuru,tomato,14,19.0,21.0,20.0,ceda_agmarknet
2025-06-27,mysuru,tomato,13,16.0,18.0,17.0,ceda_agmarknet
2025-06-30,mysuru,tomato,12,15.0,17.0,16.0,ceda_agmarknet
2022-01-01,madanapalle,tomato,97.64999999999999,14.875,43.675,29.575,ceda_agmarknet
2022-01-02,madanapalle,tomato,92.53999999999999,13.566666666666668,38.9,27.233333333333334,ceda_agmarknet
2022-01-03,madanapalle,tomato,114.21000000000001,12.725,36.75,24.85,ceda_agmarknet
2022-01-04,madanapalle,tomato,154.29,12.333333333333332,30.0,21.4,ceda_agmarknet
2022-01-05,madanapalle,tomato,154.99,10.825,28.675,19.625,ceda_agmarknet
2022-01-06,madanapalle,tomato,130.95999999999998,8.225,26.425,16.825,ceda_agmarknet
2022-01-07,madanapalle,tomato,142.06,10.125,30.85,20.85,ceda_agmarknet
2022-01-08,madanapalle,tomato,138.62,11.425,32.35,21.25,ceda_agmarknet
2022-01-09,madanapalle,tomato,26.9,13.35,32.7,22.5,ceda_agmarknet
2022-01-10,madanapalle,tomato,131.8,11.575,30.675,21.425,ceda_agmarknet
2022-01-11,madanapalle,tomato,124.05,8.675,28.25,18.3,ceda_agmarknet
2022-01-12,madanapalle,tomato,153.51,8.125,26.175,16.775,ceda_agmarknet
2022-01-13,madanapalle,tomato,114.7,8.35,25.85,16.85,ceda_agmarknet
2022-01-14,madanapalle,tomato,143.18,7.575,19.675,13.625,ceda_agmarknet
2022-01-15,madanapalle,tomato,42.36,7.55,20.4,14.1,ceda_agmarknet
2022-01-16,madanapalle,tomato,6.9,8.7,23.7,16.2,ceda_agmarknet
2022-01-17,madanapalle,tomato,134.3,7.566666666666666,20.0,13.8,ceda_agmarknet
2022-01-18,madanapalle,tomato,152.92000000000002,7.75,19.325,13.45,ceda_agmarknet
2022-01-19,madanapalle,tomato,171.69,6.733333333333333,17.333333333333332,12.2,ceda_agmarknet
2022-01-20,madanapalle,tomato,91.82,6.833333333333334,15.9,11.366666666666667,ceda_agmarknet
2022-01-21,madanapalle,tomato,97.05,7.025,16.75,12.15,ceda_agmarknet
2022-01-22,madanapalle,tomato,116.88,7.1,17.0,12.133333333333333,ceda_agmarknet
2022-01-23,madanapalle,tomato,51.56,5.9,12.466666666666667,9.0,ceda_agmarknet
2022-01-24,madanapalle,tomato,119.76,7.42,15.52,11.32,ceda_agmarknet
2022-01-25,madanapalle,tomato,119.47000000000001,6.85,17.25,11.85,ceda_agmarknet
2022-01-26,madanapalle,tomato,100.47999999999999,7.1,18.333333333333332,12.466666666666667,ceda_agmarknet
2022-01-27,madanapalle,tomato,145.16,6.6,16.425,11.3,ceda_agmarknet
2022-01-28,madanapalle,tomato,128.75,7.05,14.4,10.15,ceda_agmarknet
2022-01-29,madanapalle,tomato,162.57,6.4,14.08,9.74,ceda_agmarknet
2022-01-30,madanapalle,tomato,90.5,5.2,11.5,7.85,ceda_agmarknet
2022-01-31,madanapalle,tomato,133.65,5.1,11.0,7.675,ceda_agmarknet
2022-02-01,madanapalle,tomato,243.04000000000002,4.65,8.75,6.45,ceda_agmarknet
2022-02-02,madanapalle,tomato,278,4.66,8.38,6.54,ceda_agmarknet
2022-02-03,madanapalle,tomato,123.78,4.433333333333334,8.5,6.2,ceda_agmarknet
2022-02-04,madanapalle,tomato,230.46,6.54,13.82,9.52,ceda_agmarknet
2022-02-05,madanapalle,tomato,140.5,7.35,13.2,10.0,ceda_agmarknet
2022-02-06,madanapalle,tomato,149,6.7,11.85,9.0,ceda_agmarknet
2022-02-07,madanapalle,tomato,126.33,5.95,12.95,9.475,ceda_agmarknet
2022-02-08,madanapalle,tomato,161.94,6.4,12.75,9.375,ceda_agmarknet
2022-02-09,madanapalle,tomato,220.47,6.1,11.0,8.2,ceda_agmarknet
2022-02-10,madanapalle,tomato,218.20999999999998,6.0,10.85,8.35,ceda_agmarknet
2022-02-11,madanapalle,tomato,193.69,6.0,11.0,8.0,ceda_agmarknet
2022-02-12,madanapalle,tomato,141.38,5.466666666666666,9.8,7.466666666666666,ceda_agmarknet
2022-02-13,madanapalle,tomato,105.62,5.5,10.5,7.8,ceda_agmarknet
2022-02-14,madanapalle,tomato,149.65,5.933333333333334,10.133333333333333,7.933333333333334,ceda_agmarknet
2022-02-15,madanapalle,tomato,135.73,5.75,9.375,7.575,ceda_agmarknet
2022-02-16,madanapalle,tomato,160.05,5.75,9.2,7.5,ceda_agmarknet
2022-02-17,madanapalle,tomato,268.97,5.42,9.08,7.26,ceda_agmarknet
2022-02-18,madanapalle,tomato,130.63,5.5,9.05,7.225,ceda_agmarknet
2022-02-19,madanapalle,tomato,182.43,5.533333333333334,9.233333333333334,7.333333333333334,ceda_agmarknet
2022-02-20,madanapalle,tomato,116.3,5.2,9.466666666666667,7.2,ceda_agmarknet
2022-02-21,madanapalle,tomato,187.12,5.4,8.8,7.025,ceda_agmarknet
2022-02-22,madanapalle,tomato,172.02999999999997,5.575,9.05,7.15,ceda_agmarknet
2022-02-23,madanapalle,tomato,285.86,5.06,8.64,6.94,ceda_agmarknet
2022-02-24,madanapalle,tomato,233.82999999999998,5.22,8.58,6.86,ceda_agmarknet
2022-02-25,madanapalle,tomato,176.26000000000002,5.0,8.7,6.933333333333334,ceda_agmarknet
2022-02-26,madanapalle,tomato,164.45,5.0,8.8,7.066666666666666,ceda_agmarknet
2022-02-27,madanapalle,tomato,180.61,5.0,8.466666666666667,7.0,ceda_agmarknet
2022-02-28,madanapalle,tomato,277.65999999999997,5.0,8.5,6.94,ceda_agmarknet
2022-03-01,madanapalle,tomato,182.8,5.133333333333334,9.2,7.333333333333334,ceda_agmarknet
2022-03-02,madanapalle,tomato,152.4,5.6,9.233333333333334,7.466666666666666,ceda_agmarknet
2022-03-03,madanapalle,tomato,147.95,5.5,8.9,7.1,ceda_agmarknet
2022-03-04,madanapalle,tomato,310.25,5.466666666666666,8.733333333333334,7.033333333333334,ceda_agmarknet
2022-03-05,madanapalle,tomato,292.35,5.25,8.525,6.925,ceda_agmarknet
2022-03-06,madanapalle,tomato,279.2,5.25,8.0,6.575,ceda_agmarknet
2022-03-07,madanapalle,tomato,256.18,5.2,8.0,6.54,ceda_agmarknet
2022-03-08,madanapalle,tomato,289.29,5.4,8.1,6.66,ceda_agmarknet
2022-03-09,madanapalle,tomato,314.74,5.35,7.975,6.475,ceda_agmarknet
2022-03-10,madanapalle,tomato,272.83000000000004,5.333333333333334,8.0,6.5,ceda_agmarknet
2022-03-11,madanapalle,tomato,189.57999999999998,5.425,8.1,6.65,ceda_agmarknet
2022-03-12,madanapalle,tomato,169.5,5.333333333333334,7.666666666666666,6.4,ceda_agmarknet
2022-03-13,madanapalle,tomato,208.3,5.15,7.725,6.4,ceda_agmarknet
2022-03-14,madanapalle,tomato,293.69,5.28,7.84,6.46,ceda_agmarknet
2022-03-15,madanapalle,tomato,162.19,5.15,7.675,6.45,ceda_agmarknet
2022-03-16,madanapalle,tomato,330.34000000000003,5.2,7.76,6.36,ceda_agmarknet
2022-03-17,madanapalle,tomato,363.41,5.28,7.7,6.52,ceda_agmarknet
2022-03-18,madanapalle,tomato,159.72,5.2,7.866666666666666,6.366666666666666,ceda_agmarknet
2022-03-19,madanapalle,tomato,252.6,5.2,7.8,6.4,ceda_agmarknet
2022-03-20,madanapalle,tomato,153.97,5.35,7.75,6.5,ceda_agmarknet
2022-03-21,madanapalle,tomato,203.87,5.25,7.875,6.525,ceda_agmarknet
2022-03-22,madanapalle,tomato,342.74,5.25,7.725,6.3,ceda_agmarknet
2022-03-23,madanapalle,tomato,390.59000000000003,5.2,7.58,6.46,ceda_agmarknet
2022-03-24,madanapalle,tomato,334.79,5.34,7.8,6.44,ceda_agmarknet
2022-03-25,madanapalle,tomato,244.5,5.325,7.85,6.375,ceda_agmarknet
2022-03-26,madanapalle,tomato,183.88,5.466666666666666,8.0,6.633333333333334,ceda_agmarknet
2022-03-27,madanapalle,tomato,161.29,5.25,8.025,6.475,ceda_agmarknet
2022-03-28,madanapalle,tomato,167.67000000000002,5.35,8.275,6.675,ceda_agmarknet
2022-03-29,madanapalle,tomato,160.16,5.2,8.1,6.633333333333334,ceda_agmarknet
2022-03-30,madanapalle,tomato,143.84,5.333333333333334,8.1,6.633333333333334,ceda_agmarknet
2022-03-31,madanapalle,tomato,198.60999999999999,5.25,8.225,6.625,ceda_agmarknet
2022-04-01,madanapalle,tomato,161.51999999999998,5.333333333333334,8.1,6.5,ceda_agmarknet
2022-04-02,madanapalle,tomato,177.13,5.333333333333334,8.133333333333333,6.5,ceda_agmarknet
2022-04-03,madanapalle,tomato,114.67,6.133333333333334,10.566666666666668,8.2,ceda_agmarknet
2022-04-04,madanapalle,tomato,173,7.0,13.0,9.2,ceda_agmarknet
2022-04-05,madanapalle,tomato,250.12,6.6,11.65,9.05,ceda_agmarknet
2022-04-06,madanapalle,tomato,285.41,5.35,9.475,7.45,ceda_agmarknet
2022-04-07,madanapalle,tomato,281.73,5.4,8.75,7.0,ceda_agmarknet
2022-04-08,madanapalle,tomato,227.72,5.85,11.0,8.25,ceda_agmarknet
2022-04-09,madanapalle,tomato,172.88,5.966666666666666,11.9,8.8,ceda_agmarknet
2022-04-10,madanapalle,tomato,169.63,6.15,12.35,9.125,ceda_agmarknet
2022-04-11,madanapalle,tomato,317.98,6.0,11.92,8.78,ceda_agmarknet
2022-04-12,madanapalle,tomato,225.24,6.25,12.775,9.5,ceda_agmarknet
2022-04-13,madanapalle,tomato,247.64,5.975,13.15,9.7,ceda_agmarknet
2022-04-14,madanapalle,tomato,261.6,6.2,14.125,10.775,ceda_agmarknet
2022-04-15,madanapalle,tomato,215.61,6.9,15.5,11.575,ceda_agmarknet
2022-04-16,madanapalle,tomato,204.8,7.5,15.033333333333333,11.5,ceda_agmarknet
2022-04-17,madanapalle,tomato,157.28,7.125,15.25,10.85,ceda_agmarknet
2022-04-18,madanapalle,tomato,211.26,7.675,21.5,14.8,ceda_agmarknet
2022-04-19,madanapalle,tomato,178.11,9.6,24.2,16.8,ceda_agmarknet
2022-04-20,madanapalle,tomato,193.84,9.25,24.85,16.725,ceda_agmarknet
2022-04-21,madanapalle,tomato,283.9,8.54,24.4,16.06,ceda_agmarknet
2022-04-22,madanapalle,tomato,291.84999999999997,8.9,24.233333333333334,16.233333333333334,ceda_agmarknet
2022-04-23,madanapalle,tomato,172.63,10.0,20.0,14.0,ceda_agmarknet
2022-04-24,madanapalle,tomato,151.10999999999999,11.0,20.0,15.0,ceda_agmarknet
2022-04-25,madanapalle,tomato,188.15,15.0,27.0,20.0,ceda_agmarknet
2022-04-26,madanapalle,tomato,180.3,10.2,28.2,18.7,ceda_agmarknet
2022-04-27,madanapalle,tomato,154.99,15.0,27.0,20.0,ceda_agmarknet
2022-04-28,madanapalle,tomato,131.69,,,,ceda_agmarknet
2022-04-29,madanapalle,tomato,160.31,,,,ceda_agmarknet
2022-04-30,madanapalle,tomato,140.75,,,,ceda_agmarknet
2022-05-01,madanapalle,tomato,80.46000000000001,,,,ceda_agmarknet
2022-05-02,madanapalle,tomato,301.65000000000003,,,,ceda_agmarknet
2022-05-03,madanapalle,tomato,206.01,,,,ceda_agmarknet
2022-05-04,madanapalle,tomato,284.46999999999997,,,,ceda_agmarknet
2022-05-05,madanapalle,tomato,200.78000000000003,,,,ceda_agmarknet
2022-05-06,madanapalle,tomato,268.12,,,,ceda_agmarknet
2022-05-08,madanapalle,tomato,73,,,,ceda_agmarknet
2022-05-09,madanapalle,tomato,284.75,,,,ceda_agmarknet
2022-05-10,madanapalle,tomato,354.75,,,,ceda_agmarknet
2022-05-11,madanapalle,tomato,343.69,,,,ceda_agmarknet
2022-05-12,madanapalle,tomato,257.61,,,,ceda_agmarknet
2022-05-13,madanapalle,tomato,307.64,,,,ceda_agmarknet
2022-05-14,madanapalle,tomato,215.75,4.5,5.3,4.8,ceda_agmarknet
2022-05-15,madanapalle,tomato,192.53,,,,ceda_agmarknet
2022-05-16,madanapalle,tomato,253.53,,,,ceda_agmarknet
2022-05-17,madanapalle,tomato,348.03,,,,ceda_agmarknet
2022-05-18,madanapalle,tomato,323.45000000000005,,,,ceda_agmarknet
2022-05-19,madanapalle,tomato,298.76,,,,ceda_agmarknet
2022-05-20,madanapalle,tomato,420.55999999999995,,,,ceda_agmarknet
2022-05-21,madanapalle,tomato,301.34999999999997,,,,ceda_agmarknet
2022-05-22,madanapalle,tomato,336.03000000000003,,,,ceda_agmarknet
2022-05-23,madanapalle,tomato,308.10999999999996,,,,ceda_agmarknet
2022-05-24,madanapalle,tomato,358.43,,,,ceda_agmarknet
2022-05-25,madanapalle,tomato,371.52,,,,ceda_agmarknet
2022-05-26,madanapalle,tomato,394.66,,,,ceda_agmarknet
2022-05-27,madanapalle,tomato,385.04,,,,ceda_agmarknet
2022-05-28,madanapalle,tomato,234.45,,,,ceda_agmarknet
2022-05-29,madanapalle,tomato,361.08,,,,ceda_agmarknet
2022-05-30,madanapalle,tomato,408.01,,,,ceda_agmarknet
2022-05-31,madanapalle,tomato,460.2,,,,ceda_agmarknet
2022-06-01,madanapalle,tomato,435.26,52.0,60.0,58.0,ceda_agmarknet
2022-06-02,madanapalle,tomato,195.26999999999998,15.2,48.0,31.6,ceda_agmarknet
2022-06-03,madanapalle,tomato,158.57,,,,ceda_agmarknet
2022-06-04,madanapalle,tomato,83.7,,,,ceda_agmarknet
2022-06-05,madanapalle,tomato,105.18,,,,ceda_agmarknet
2022-06-06,madanapalle,tomato,102.68,,,,ceda_agmarknet
2022-06-07,madanapalle,tomato,182.01,,,,ceda_agmarknet
2022-06-08,madanapalle,tomato,184.77,,,,ceda_agmarknet
2022-06-09,madanapalle,tomato,192.82,,,,ceda_agmarknet
2022-06-10,madanapalle,tomato,676,51.0,56.0,54.0,ceda_agmarknet
2022-06-11,madanapalle,tomato,629.1999999999999,44.0,50.0,49.0,ceda_agmarknet
2022-06-12,madanapalle,tomato,716.99,27.8,48.0,38.4,ceda_agmarknet
2022-06-13,madanapalle,tomato,752.8599999999999,42.0,48.0,46.0,ceda_agmarknet
2022-06-14,madanapalle,tomato,159.26,,,,ceda_agmarknet
2022-06-15,madanapalle,tomato,182.94,,,,ceda_agmarknet
2022-06-16,madanapalle,tomato,172.69,12.4,48.0,30.0,ceda_agmarknet
2022-06-17,madanapalle,tomato,8554.94,22.666666666666664,34.666666666666664,29.0,ceda_agmarknet
2022-06-18,madanapalle,tomato,8288.070000000002,18.95,31.5,25.975,ceda_agmarknet
2022-06-19,madanapalle,tomato,9352.25,22.5,32.9,27.3,ceda_agmarknet
2022-06-20,madanapalle,tomato,9292.89,17.333333333333332,34.0,26.866666666666664,ceda_agmarknet
2022-06-21,madanapalle,tomato,317.40999999999997,11.8,33.0,23.5,ceda_agmarknet
2022-06-22,madanapalle,tomato,270.28000000000003,11.0,35.65,23.7,ceda_agmarknet
2022-06-23,madanapalle,tomato,206.53,11.0,34.65,22.6,ceda_agmarknet
2022-06-24,madanapalle,tomato,352.59000000000003,10.6,31.0,21.85,ceda_agmarknet
2022-06-25,madanapalle,tomato,1555.74,16.1,29.75,23.25,ceda_agmarknet
2022-06-26,madanapalle,tomato,1825.79,12.76,24.88,19.08,ceda_agmarknet
2022-06-27,madanapalle,tomato,2092.43,10.8,21.8,16.56,ceda_agmarknet
2022-06-28,madanapalle,tomato,380.81,10.9,18.9,15.15,ceda_agmarknet
2022-06-29,madanapalle,tomato,493.35,8.533333333333333,16.666666666666668,12.666666666666668,ceda_agmarknet
2022-06-30,madanapalle,tomato,523.3800000000001,7.866666666666666,14.133333333333333,11.066666666666668,ceda_agmarknet
2022-07-01,madanapalle,tomato,137.01,5.6,10.5,8.1,ceda_agmarknet
2022-07-03,madanapalle,tomato,524.41,9.2,17.766666666666666,13.8,ceda_agmarknet
2022-07-04,madanapalle,tomato,500.37,11.2,21.333333333333336,16.2,ceda_agmarknet
2022-07-05,madanapalle,tomato,948.73,10.2,18.45,14.375,ceda_agmarknet
2022-07-06,madanapalle,tomato,993.88,9.35,15.2,12.425,ceda_agmarknet
2022-07-07,madanapalle,tomato,918.9300000000001,7.65,13.1,10.45,ceda_agmarknet
2022-07-08,madanapalle,tomato,1013.61,8.333333333333334,12.333333333333332,10.666666666666668,ceda_agmarknet
2022-07-09,madanapalle,tomato,709.6,9.0,13.35,11.475,ceda_agmarknet
2022-07-10,madanapalle,tomato,950.48,8.4,12.575,10.7,ceda_agmarknet
2022-07-11,madanapalle,tomato,833.38,7.9,12.525,10.05,ceda_agmarknet
2022-07-12,madanapalle,tomato,1021.4300000000001,8.8,13.5,11.525,ceda_agmarknet
2022-07-13,madanapalle,tomato,1139.8400000000001,7.9,13.15,10.575,ceda_agmarknet
2022-07-14,madanapalle,tomato,613.12,7.066666666666666,12.933333333333332,10.166666666666666,ceda_agmarknet
2022-07-15,madanapalle,tomato,916.95,7.5,12.175,9.95,ceda_agmarknet
2022-07-16,madanapalle,tomato,415.40000000000003,8.133333333333333,12.533333333333333,10.333333333333332,ceda_agmarknet
2022-07-17,madanapalle,tomato,557,6.8,12.65,10.0,ceda_agmarknet
2022-07-18,madanapalle,tomato,917.4200000000001,7.866666666666666,12.433333333333332,10.333333333333332,ceda_agmarknet
2022-07-19,madanapalle,tomato,924.0500000000001,7.325,12.525,10.15,ceda_agmarknet
2022-07-20,madanapalle,tomato,1018.24,7.475,12.4,10.2,ceda_agmarknet
2022-07-21,madanapalle,tomato,1037.55,7.65,12.0,10.05,ceda_agmarknet
2022-07-22,madanapalle,tomato,1111.92,7.0,11.575,9.4,ceda_agmarknet
2022-07-23,madanapalle,tomato,948.28,6.9,11.125,8.95,ceda_agmarknet
2022-07-24,madanapalle,tomato,955.03,6.733333333333333,10.133333333333333,8.666666666666666,ceda_agmarknet
2022-07-25,madanapalle,tomato,1059.7,7.325,11.2,9.475,ceda_agmarknet
2022-07-26,madanapalle,tomato,1017.8199999999999,7.35,11.05,9.6,ceda_agmarknet
2022-07-27,madanapalle,tomato,1043.85,6.95,10.575,8.875,ceda_agmarknet
2022-07-28,madanapalle,tomato,1067.45,6.5,10.0,8.4,ceda_agmarknet
2022-07-29,madanapalle,tomato,1082.9,6.833333333333334,10.133333333333333,8.5,ceda_agmarknet
2022-07-30,madanapalle,tomato,614.1800000000001,6.2,10.266666666666667,8.466666666666667,ceda_agmarknet
2022-07-31,madanapalle,tomato,934.88,6.75,10.15,8.5,ceda_agmarknet
2022-08-01,madanapalle,tomato,729.96,6.333333333333334,11.533333333333333,9.2,ceda_agmarknet
2022-08-02,madanapalle,tomato,8763.970000000001,8.72,12.74,11.18,ceda_agmarknet
2022-08-03,madanapalle,tomato,9281.19,9.18,15.34,12.66,ceda_agmarknet
2022-08-04,madanapalle,tomato,8605.59,10.1,15.3,13.06,ceda_agmarknet
2022-08-05,madanapalle,tomato,9447.65,8.98,14.08,11.76,ceda_agmarknet
2022-08-06,madanapalle,tomato,9124.83,7.74,12.66,10.04,ceda_agmarknet
2022-08-07,madanapalle,tomato,7078.38,7.78,11.3,9.78,ceda_agmarknet
2022-08-08,madanapalle,tomato,6291.490000000001,9.14,12.96,11.16,ceda_agmarknet
2022-08-09,madanapalle,tomato,965.28,8.35,13.4,10.875,ceda_agmarknet
2022-08-10,madanapalle,tomato,1027.99,7.5,12.3,10.2,ceda_agmarknet
2022-08-11,madanapalle,tomato,826.24,8.775,14.925,12.025,ceda_agmarknet
2022-08-12,madanapalle,tomato,837.98,9.4,16.566666666666666,13.5,ceda_agmarknet
2022-08-13,madanapalle,tomato,745.01,8.45,14.95,11.975,ceda_agmarknet
2022-08-14,madanapalle,tomato,796.47,8.85,15.1,11.925,ceda_agmarknet
2022-08-15,madanapalle,tomato,646.05,8.575,14.3,11.625,ceda_agmarknet
2022-08-16,madanapalle,tomato,870.8299999999999,7.85,13.7,11.025,ceda_agmarknet
2022-08-17,madanapalle,tomato,783.3500000000001,8.275,14.25,11.475,ceda_agmarknet
2022-08-18,madanapalle,tomato,805.48,8.35,14.675,11.775,ceda_agmarknet
2022-08-19,madanapalle,tomato,1172.29,9.56,15.46,12.9,ceda_agmarknet
2022-08-20,madanapalle,tomato,4271.4,9.68,15.88,13.0,ceda_agmarknet
2022-08-21,madanapalle,tomato,4313.67,9.44,16.2,13.06,ceda_agmarknet
2022-08-22,madanapalle,tomato,4834.93,8.64,14.74,11.86,ceda_agmarknet
2022-08-23,madanapalle,tomato,674.11,7.0,12.533333333333333,10.033333333333333,ceda_agmarknet
2022-08-24,madanapalle,tomato,802.1800000000001,7.275,11.55,9.55,ceda_agmarknet
2022-08-25,madanapalle,tomato,587.09,7.333333333333334,13.0,10.166666666666666,ceda_agmarknet
2022-08-26,madanapalle,tomato,725.8,8.75,14.35,11.55,ceda_agmarknet
2022-08-27,madanapalle,tomato,673.15,9.0,13.466666666666667,11.166666666666668,ceda_agmarknet
2022-08-28,madanapalle,tomato,658.0600000000001,9.3,14.875,11.925,ceda_agmarknet
2022-08-29,madanapalle,tomato,563.22,9.2,15.425,12.15,ceda_agmarknet
2022-08-30,madanapalle,tomato,549.79,8.266666666666666,16.53333333333333,12.4,ceda_agmarknet
2022-08-31,madanapalle,tomato,446.1,13.2,16.35,14.5,ceda_agmarknet
2022-09-01,madanapalle,tomato,247.04000000000002,14.225,23.675,19.1,ceda_agmarknet
2022-09-02,madanapalle,tomato,605.64,14.425,34.5,24.6,ceda_agmarknet
2022-09-03,madanapalle,tomato,591.5,17.2,30.233333333333334,23.866666666666664,ceda_agmarknet
2022-09-04,madanapalle,tomato,463.6,17.066666666666666,28.9,23.333333333333336,ceda_agmarknet
2022-09-05,madanapalle,tomato,424.72999999999996,13.033333333333333,29.8,21.866666666666664,ceda_agmarknet
2022-09-06,madanapalle,tomato,670.65,23.44,41.88,32.92,ceda_agmarknet
2022-09-07,madanapalle,tomato,624.02,22.66,41.2,32.44,ceda_agmarknet
2022-09-08,madanapalle,tomato,526.03,21.6,38.34,30.64,ceda_agmarknet
2022-09-09,madanapalle,tomato,557.12,23.12,41.2,32.86,ceda_agmarknet
2022-09-10,madanapalle,tomato,587.4,24.65,40.05,33.275,ceda_agmarknet
2022-09-11,madanapalle,tomato,538.1800000000001,22.0,38.8,30.86,ceda_agmarknet
2022-09-12,madanapalle,tomato,588.48,17.75,37.65,28.95,ceda_agmarknet
2022-09-13,madanapalle,tomato,577.21,20.15,40.15,31.0,ceda_agmarknet
2022-09-14,madanapalle,tomato,423.39,19.475,35.8,27.65,ceda_agmarknet
2022-09-15,madanapalle,tomato,440.68,17.333333333333332,42.33333333333333,30.466666666666665,ceda_agmarknet
2022-09-16,madanapalle,tomato,630.83,22.92,40.48,32.24,ceda_agmarknet
2022-09-17,madanapalle,tomato,584.8,25.775,41.35,34.6,ceda_agmarknet
2022-09-18,madanapalle,tomato,674.9,21.34,37.88,30.6,ceda_agmarknet
2022-09-19,madanapalle,tomato,812.4,17.816666666666666,35.56666666666666,27.4,ceda_agmarknet
2022-09-20,madanapalle,tomato,592.82,15.4,27.9,22.333333333333336,ceda_agmarknet
2022-09-21,madanapalle,tomato,543.4,19.85,26.85,24.35,ceda_agmarknet
2022-09-22,madanapalle,tomato,504,18.5,24.85,22.7,ceda_agmarknet
2022-09-23,madanapalle,tomato,577.5799999999999,12.9,24.075,19.125,ceda_agmarknet
2022-09-24,madanapalle,tomato,566.8499999999999,13.65,26.175,20.5,ceda_agmarknet
2022-09-25,madanapalle,tomato,453.52,14.0,26.375,20.85,ceda_agmarknet
2022-09-26,madanapalle,tomato,438.67,15.05,28.675,22.25,ceda_agmarknet
2022-09-27,madanapalle,tomato,660.5,18.4,36.0,27.75,ceda_agmarknet
2022-09-28,madanapalle,tomato,719.97,19.4,35.74,27.88,ceda_agmarknet
2022-09-29,madanapalle,tomato,375.74,16.075,32.1,24.25,ceda_agmarknet
2022-09-30,madanapalle,tomato,460.8,17.566666666666666,29.9,24.9,ceda_agmarknet
2022-10-01,madanapalle,tomato,320.13,13.7,34.0,23.6,ceda_agmarknet
2022-10-02,madanapalle,tomato,349.03,16.35,34.25,25.925,ceda_agmarknet
2022-10-03,madanapalle,tomato,432.65,17.8,36.575,28.0,ceda_agmarknet
2022-10-04,madanapalle,tomato,437.73,16.675,34.75,26.45,ceda_agmarknet
2022-10-05,madanapalle,tomato,470.32000000000005,16.45,33.075,25.625,ceda_agmarknet
2022-10-06,madanapalle,tomato,436.48,16.05,34.575,26.125,ceda_agmarknet
2022-10-07,madanapalle,tomato,276.6,16.525,34.0,26.425,ceda_agmarknet
2022-10-08,madanapalle,tomato,514.5,17.066666666666666,31.466666666666665,24.1,ceda_agmarknet
2022-10-09,madanapalle,tomato,365.75,15.6,31.25,23.625,ceda_agmarknet
2022-10-10,madanapalle,tomato,401.18,14.1,30.425,21.85,ceda_agmarknet
2022-10-11,madanapalle,tomato,482.1,15.35,29.425,21.5,ceda_agmarknet
2022-10-12,madanapalle,tomato,463.88,15.0,30.85,22.125,ceda_agmarknet
2022-10-13,madanapalle,tomato,447.51,15.15,30.425,22.05,ceda_agmarknet
2022-10-14,madanapalle,tomato,497.35,15.15,32.175,23.95,ceda_agmarknet
2022-10-15,madanapalle,tomato,441.28,16.133333333333333,33.13333333333333,24.633333333333336,ceda_agmarknet
2022-10-16,madanapalle,tomato,381.09,15.975,34.175,25.075,ceda_agmarknet
2022-10-17,madanapalle,tomato,501.35,15.6,36.1,25.775,ceda_agmarknet
2022-10-18,madanapalle,tomato,485.55,13.466666666666667,34.333333333333336,24.5,ceda_agmarknet
2022-10-19,madanapalle,tomato,609.89,14.125,30.1,22.75,ceda_agmarknet
2022-10-20,madanapalle,tomato,626.33,11.65,26.1,18.575,ceda_agmarknet
2022-10-21,madanapalle,tomato,638.9799999999999,11.2,25.35,18.425,ceda_agmarknet
2022-10-22,madanapalle,tomato,623.26,13.45,26.5,20.3,ceda_agmarknet
2022-10-23,madanapalle,tomato,526.45,13.55,26.0,20.5,ceda_agmarknet
2022-10-24,madanapalle,tomato,602.52,10.625,22.25,16.9,ceda_agmarknet
2022-10-25,madanapalle,tomato,468.85,7.8,18.925,13.775,ceda_agmarknet
2022-10-26,madanapalle,tomato,468.17,9.1,18.75,13.925,ceda_agmarknet
2022-10-27,madanapalle,tomato,514.02,9.0,19.566666666666666,15.133333333333333,ceda_agmarknet
2022-10-28,madanapalle,tomato,739.4799999999999,7.9,18.6,13.95,ceda_agmarknet
2022-10-29,madanapalle,tomato,643.48,7.666666666666666,16.46666666666667,11.9,ceda_agmarknet
2022-10-30,madanapalle,tomato,563.6999999999999,7.2,14.333333333333332,11.533333333333333,ceda_agmarknet
2022-10-31,madanapalle,tomato,535.72,8.25,15.7,12.65,ceda_agmarknet
2022-11-01,madanapalle,tomato,587.73,9.666666666666666,16.733333333333334,13.333333333333332,ceda_agmarknet
2022-11-02,madanapalle,tomato,478.19,9.566666666666666,17.366666666666667,13.733333333333333,ceda_agmarknet
2022-11-03,madanapalle,tomato,431.23,7.8,16.3,12.45,ceda_agmarknet
2022-11-04,madanapalle,tomato,520.83,8.066666666666666,17.066666666666666,12.8,ceda_agmarknet
2022-11-05,madanapalle,tomato,540.9100000000001,8.166666666666666,13.266666666666667,10.833333333333332,ceda_agmarknet
2022-11-06,madanapalle,tomato,100.81,8.066666666666666,15.066666666666668,12.0,ceda_agmarknet
2022-11-07,madanapalle,tomato,167.3,7.666666666666666,16.566666666666666,12.466666666666667,ceda_agmarknet
2022-11-08,madanapalle,tomato,95.33,7.3,17.0,12.4,ceda_agmarknet
2022-11-09,madanapalle,tomato,130.3,8.733333333333334,15.633333333333333,12.333333333333332,ceda_agmarknet
2022-11-10,madanapalle,tomato,133.25,8.033333333333333,14.133333333333333,11.1,ceda_agmarknet
2022-11-11,madanapalle,tomato,67.81,7.5,12.85,10.7,ceda_agmarknet
2022-11-12,madanapalle,tomato,78.38,7.6,13.1,10.35,ceda_agmarknet
2022-11-13,madanapalle,tomato,7.35,8.0,20.0,12.8,ceda_agmarknet
2022-11-14,madanapalle,tomato,100.38000000000001,7.866666666666666,15.566666666666668,11.4,ceda_agmarknet
2022-11-15,madanapalle,tomato,124.50999999999999,8.3,13.1,10.733333333333333,ceda_agmarknet
2022-11-16,madanapalle,tomato,108.76,7.3,11.933333333333332,8.733333333333334,ceda_agmarknet
2022-11-17,madanapalle,tomato,107.78,7.6,10.133333333333333,8.6,ceda_agmarknet
2022-11-18,madanapalle,tomato,131.96,7.566666666666666,11.3,9.3,ceda_agmarknet
2022-11-19,madanapalle,tomato,99.5,8.95,14.3,11.6,ceda_agmarknet
2022-11-20,madanapalle,tomato,67.97,7.833333333333334,12.6,9.4,ceda_agmarknet
2022-11-21,madanapalle,tomato,129.16,8.066666666666666,12.166666666666668,9.866666666666667,ceda_agmarknet
2022-11-22,madanapalle,tomato,100.7,7.333333333333334,10.866666666666667,9.033333333333333,ceda_agmarknet
2022-11-23,madanapalle,tomato,107.55000000000001,8.6,11.7,10.15,ceda_agmarknet
2022-11-24,madanapalle,tomato,57.5,12.0,13.4,12.7,ceda_agmarknet
2022-11-25,madanapalle,tomato,105.72999999999999,10.3,13.7,11.55,ceda_agmarknet
2022-11-26,madanapalle,tomato,117.8,7.55,11.0,9.3,ceda_agmarknet
2022-11-27,madanapalle,tomato,77,7.35,10.3,8.7,ceda_agmarknet
2022-11-28,madanapalle,tomato,85.56,8.466666666666667,13.166666666666668,10.766666666666667,ceda_agmarknet
2022-11-29,madanapalle,tomato,105.85999999999999,8.466666666666667,13.866666666666667,11.333333333333332,ceda_agmarknet
2022-11-30,madanapalle,tomato,39.53,6.9,15.5,12.05,ceda_agmarknet
2022-12-01,madanapalle,tomato,93.67999999999999,8.466666666666667,13.766666666666667,11.566666666666668,ceda_agmarknet
2022-12-02,madanapalle,tomato,97.98,7.7,11.6,9.933333333333334,ceda_agmarknet
2022-12-03,madanapalle,tomato,96.45000000000002,8.266666666666666,12.0,10.3,ceda_agmarknet
2022-12-04,madanapalle,tomato,76.55,9.15,13.0,11.1,ceda_agmarknet
2022-12-05,madanapalle,tomato,81.53,8.1,12.933333333333332,10.533333333333333,ceda_agmarknet
2022-12-06,madanapalle,tomato,58.839999999999996,8.0,12.0,10.35,ceda_agmarknet
2022-12-07,madanapalle,tomato,80.62,7.466666666666666,11.733333333333333,9.833333333333334,ceda_agmarknet
2022-12-08,madanapalle,tomato,58.83,7.166666666666666,10.666666666666668,9.266666666666666,ceda_agmarknet
2022-12-09,madanapalle,tomato,40.93,8.0,10.85,9.35,ceda_agmarknet
2022-12-10,madanapalle,tomato,12.5,10.0,11.4,10.7,ceda_agmarknet
2022-12-11,madanapalle,tomato,11.5,10.7,12.0,11.4,ceda_agmarknet
2022-12-12,madanapalle,tomato,25.6,12.666666666666668,24.566666666666666,18.8,ceda_agmarknet
2022-12-13,madanapalle,tomato,110.94999999999999,9.2,14.8,11.833333333333332,ceda_agmarknet
2022-12-14,madanapalle,tomato,97.78,8.875,15.0,11.9,ceda_agmarknet
2022-12-15,madanapalle,tomato,75.39999999999999,7.733333333333333,14.6,11.266666666666667,ceda_agmarknet
2022-12-16,madanapalle,tomato,82.55,9.0,13.566666666666668,11.2,ceda_agmarknet
2022-12-17,madanapalle,tomato,65.47,9.733333333333334,14.5,11.933333333333332,ceda_agmarknet
2022-12-18,madanapalle,tomato,67.5,10.0,13.2,11.35,ceda_agmarknet
2022-12-19,madanapalle,tomato,79.35,8.375,13.075,10.95,ceda_agmarknet
2022-12-20,madanapalle,tomato,95.85,7.4,12.5,9.9,ceda_agmarknet
2022-12-21,madanapalle,tomato,94.80000000000001,7.5,11.533333333333333,9.566666666666666,ceda_agmarknet
2022-12-22,madanapalle,tomato,93.2,7.133333333333334,10.233333333333334,8.666666666666666,ceda_agmarknet
2022-12-23,madanapalle,tomato,101.99000000000001,6.775,10.25,8.5,ceda_agmarknet
2022-12-24,madanapalle,tomato,92.85,7.55,10.4,8.7,ceda_agmarknet
2022-12-25,madanapalle,tomato,98.1,7.0,9.7,7.85,ceda_agmarknet
2022-12-26,madanapalle,tomato,91.80000000000001,6.766666666666667,10.0,8.0,ceda_agmarknet
2022-12-27,madanapalle,tomato,88.8,6.5,9.85,8.075,ceda_agmarknet
2022-12-28,madanapalle,tomato,103.75,7.35,9.4,8.3,ceda_agmarknet
2022-12-29,madanapalle,tomato,100.00999999999999,7.033333333333334,10.266666666666667,8.6,ceda_agmarknet
2022-12-30,madanapalle,tomato,103.15,7.133333333333334,10.233333333333334,8.866666666666667,ceda_agmarknet
2022-12-31,madanapalle,tomato,90.98,7.6,10.866666666666667,8.833333333333334,ceda_agmarknet
2023-01-01,madanapalle,tomato,52,6.0,10.0,7.0,ceda_agmarknet
2023-01-02,madanapalle,tomato,67.30000000000001,7.8,10.7,8.933333333333334,ceda_agmarknet
2023-01-03,madanapalle,tomato,88.2,10.35,13.5,11.7,ceda_agmarknet
2023-01-04,madanapalle,tomato,110.99,7.275,11.0,9.6,ceda_agmarknet
2023-01-05,madanapalle,tomato,105.27999999999999,7.0,11.15,9.675,ceda_agmarknet
2023-01-06,madanapalle,tomato,100.35,7.6,11.933333333333332,9.7,ceda_agmarknet
2023-01-07,madanapalle,tomato,72.7,7.7,10.35,9.0,ceda_agmarknet
2023-01-08,madanapalle,tomato,66.10000000000001,7.8,11.233333333333333,9.533333333333333,ceda_agmarknet
2023-01-09,madanapalle,tomato,74.38,6.8,13.1,9.866666666666667,ceda_agmarknet
2023-01-10,madanapalle,tomato,86.2,6.65,12.675,10.45,ceda_agmarknet
2023-01-11,madanapalle,tomato,74.25,8.333333333333334,11.9,10.466666666666667,ceda_agmarknet
2023-01-12,madanapalle,tomato,32.55,9.4,14.95,12.1,ceda_agmarknet
2023-01-13,madanapalle,tomato,28.68,7.8,17.35,12.5,ceda_agmarknet
2023-01-14,madanapalle,tomato,16.5,8.0,18.7,13.4,ceda_agmarknet
2023-01-15,madanapalle,tomato,62.8,9.35,18.0,13.2,ceda_agmarknet
2023-01-16,madanapalle,tomato,23.2,10.0,15.0,11.7,ceda_agmarknet
2023-01-17,madanapalle,tomato,147,16.0,22.5,20.0,ceda_agmarknet
2023-01-18,madanapalle,tomato,178.77,15.666666666666668,26.666666666666664,21.6,ceda_agmarknet
2023-01-19,madanapalle,tomato,172.92,15.666666666666668,30.0,22.333333333333336,ceda_agmarknet
2023-01-20,madanapalle,tomato,221.67,12.6,27.333333333333336,20.066666666666666,ceda_agmarknet
2023-01-21,madanapalle,tomato,59.92,11.433333333333332,23.333333333333336,17.333333333333332,ceda_agmarknet
2023-01-22,madanapalle,tomato,56.8,13.0,19.35,15.7,ceda_agmarknet
2023-01-23,madanapalle,tomato,38.15,10.733333333333333,26.0,17.266666666666666,ceda_agmarknet
2023-01-24,madanapalle,tomato,50.28000000000001,9.75,19.0,13.825,ceda_agmarknet
2023-01-25,madanapalle,tomato,92.64,8.225,16.4,11.9,ceda_agmarknet
2023-01-26,madanapalle,tomato,69.97999999999999,9.0,15.8,12.233333333333333,ceda_agmarknet
2023-01-27,madanapalle,tomato,55.9,11.2,15.35,13.0,ceda_agmarknet
2023-01-28,madanapalle,tomato,71.5,11.5,16.35,13.7,ceda_agmarknet
2023-01-29,madanapalle,tomato,12.4,16.0,18.7,17.4,ceda_agmarknet
2023-01-30,madanapalle,tomato,53.7,10.7,16.2,13.2,ceda_agmarknet
2023-01-31,madanapalle,tomato,62.3,10.2,17.5,13.85,ceda_agmarknet
2023-02-01,madanapalle,tomato,65.75,9.666666666666666,18.2,13.8,ceda_agmarknet
2023-02-02,madanapalle,tomato,64.56,9.65,18.625,14.075,ceda_agmarknet
2023-02-03,madanapalle,tomato,61.09,9.4,17.875,13.35,ceda_agmarknet
2023-02-04,madanapalle,tomato,70.7,9.4,16.9,13.0,ceda_agmarknet
2023-02-05,madanapalle,tomato,39.2,10.5,14.85,12.7,ceda_agmarknet
2023-02-06,madanapalle,tomato,74.2,8.833333333333334,16.066666666666666,12.533333333333333,ceda_agmarknet
2023-02-07,madanapalle,tomato,79.6,9.25,18.05,13.525,ceda_agmarknet
2023-02-08,madanapalle,tomato,38.980000000000004,10.15,18.35,14.4,ceda_agmarknet
2023-02-09,madanapalle,tomato,37.88,8.533333333333333,20.0,14.266666666666667,ceda_agmarknet
2023-02-10,madanapalle,tomato,58.7,14.5,22.7,18.35,ceda_agmarknet
2023-02-11,madanapalle,tomato,17.07,13.6,23.7,18.35,ceda_agmarknet
2023-02-12,madanapalle,tomato,36.9,14.2,19.7,16.2,ceda_agmarknet
2023-02-13,madanapalle,tomato,72,12.15,23.175,17.15,ceda_agmarknet
2023-02-14,madanapalle,tomato,76.21,12.05,23.625,17.45,ceda_agmarknet
2023-02-15,madanapalle,tomato,55.16,12.075,22.925,17.3,ceda_agmarknet
2023-02-16,madanapalle,tomato,49.86,11.975,23.1,17.35,ceda_agmarknet
2023-02-17,madanapalle,tomato,61.129999999999995,10.55,21.9,15.925,ceda_agmarknet
2023-02-18,madanapalle,tomato,49.6,9.933333333333334,22.633333333333336,16.53333333333333,ceda_agmarknet
2023-02-19,madanapalle,tomato,22,11.7,21.0,16.85,ceda_agmarknet
2023-02-20,madanapalle,tomato,27.52,8.4,24.0,15.5,ceda_agmarknet
2023-02-21,madanapalle,tomato,126.16,11.14,27.74,19.8,ceda_agmarknet
2023-02-22,madanapalle,tomato,48.4,12.7,21.0,17.35,ceda_agmarknet
2023-02-23,madanapalle,tomato,60.8,9.933333333333334,20.666666666666664,15.566666666666668,ceda_agmarknet
2023-02-24,madanapalle,tomato,49.05,9.6,18.866666666666667,14.566666666666668,ceda_agmarknet
2023-02-25,madanapalle,tomato,54.97,9.866666666666667,19.233333333333334,14.866666666666667,ceda_agmarknet
2023-02-26,madanapalle,tomato,35,9.0,15.0,13.0,ceda_agmarknet
2023-02-27,madanapalle,tomato,35.35,7.9,19.0,13.6,ceda_agmarknet
2023-02-28,madanapalle,tomato,55.22,9.6,18.9,13.933333333333332,ceda_agmarknet
2023-03-01,madanapalle,tomato,64.05,9.733333333333334,20.066666666666666,14.666666666666668,ceda_agmarknet
2023-03-02,madanapalle,tomato,71.44999999999999,9.6,20.46666666666667,14.533333333333333,ceda_agmarknet
2023-03-03,madanapalle,tomato,56.35,9.866666666666667,20.966666666666665,15.066666666666668,ceda_agmarknet
2023-03-04,madanapalle,tomato,38.97,9.733333333333334,20.066666666666666,14.566666666666668,ceda_agmarknet
2023-03-05,madanapalle,tomato,50.8,10.7,17.5,13.39,ceda_agmarknet
2023-03-06,madanapalle,tomato,70.67999999999999,9.266666666666666,18.96666666666667,13.733333333333333,ceda_agmarknet
2023-03-07,madanapalle,tomato,62.38,8.366666666666667,16.866666666666667,12.533333333333333,ceda_agmarknet
2023-03-08,madanapalle,tomato,26.05,7.2,17.0,12.0,ceda_agmarknet
2023-03-09,madanapalle,tomato,46.2,9.733333333333334,19.0,14.3,ceda_agmarknet
2023-03-10,madanapalle,tomato,30.43,9.2,21.0,15.0,ceda_agmarknet
2023-03-11,madanapalle,tomato,17.8,12.0,20.0,16.0,ceda_agmarknet
2023-03-12,madanapalle,tomato,14.7,12.0,20.0,16.0,ceda_agmarknet
2023-03-14,madanapalle,tomato,57.8,10.0,12.85,11.7,ceda_agmarknet
2023-03-15,madanapalle,tomato,69.6,10.0,12.85,11.7,ceda_agmarknet
2023-03-16,madanapalle,tomato,52,7.0,9.0,8.0,ceda_agmarknet
2023-03-17,madanapalle,tomato,55,8.0,10.0,9.0,ceda_agmarknet
2023-03-18,madanapalle,tomato,45,9.0,11.0,10.0,ceda_agmarknet
2023-03-19,madanapalle,tomato,77.8,8.0,11.2,9.35,ceda_agmarknet
2023-03-20,madanapalle,tomato,99.6,7.0,10.0,8.5,ceda_agmarknet
2023-03-21,madanapalle,tomato,106,7.5,9.2,8.35,ceda_agmarknet
2023-03-22,madanapalle,tomato,116.7,7.35,9.5,8.2,ceda_agmarknet
2023-03-23,madanapalle,tomato,39.2,7.7,9.35,8.5,ceda_agmarknet
2023-03-24,madanapalle,tomato,91.8,8.5,10.2,9.35,ceda_agmarknet
2023-03-25,madanapalle,tomato,92.9,7.7,9.35,8.5,ceda_agmarknet
2023-03-26,madanapalle,tomato,79,6.0,8.0,7.0,ceda_agmarknet
2023-03-27,madanapalle,tomato,107.5,7.0,8.7,7.85,ceda_agmarknet
2023-03-28,madanapalle,tomato,92.1,7.0,8.7,7.85,ceda_agmarknet
2023-03-29,madanapalle,tomato,92,6.0,8.0,7.0,ceda_agmarknet
2023-03-30,madanapalle,tomato,14.2,8.0,9.4,8.7,ceda_agmarknet
2023-03-31,madanapalle,tomato,105.7,6.7,9.0,7.85,ceda_agmarknet
2023-04-01,madanapalle,tomato,144.2,7.0,8.7,7.85,ceda_agmarknet
2023-04-02,madanapalle,tomato,166.3,6.5,8.7,7.85,ceda_agmarknet
2023-04-03,madanapalle,tomato,191.1,6.2,8.35,7.5,ceda_agmarknet
2023-04-04,madanapalle,tomato,172.3,5.85,8.0,7.2,ceda_agmarknet
2023-04-05,madanapalle,tomato,174.1,5.85,8.0,7.2,ceda_agmarknet
2023-04-06,madanapalle,tomato,229.9,6.2,8.1,7.25,ceda_agmarknet
2023-04-07,madanapalle,tomato,45.7,6.7,8.0,7.4,ceda_agmarknet
2023-04-08,madanapalle,tomato,119.7,6.2,7.85,7.0,ceda_agmarknet
2023-04-09,madanapalle,tomato,146.1,6.2,7.85,7.0,ceda_agmarknet
2023-04-10,madanapalle,tomato,143.6,6.85,8.5,7.7,ceda_agmarknet
2023-04-11,madanapalle,tomato,140.2,6.5,8.2,7.35,ceda_agmarknet
2023-04-12,madanapalle,tomato,197.8,6.2,7.85,7.0,ceda_agmarknet
2023-04-13,madanapalle,tomato,163.4,5.5,7.2,6.35,ceda_agmarknet
2023-04-14,madanapalle,tomato,167.1,5.5,7.2,6.35,ceda_agmarknet
2023-04-15,madanapalle,tomato,107,5.0,7.0,6.0,ceda_agmarknet
2023-04-16,madanapalle,tomato,167.8,5.5,7.2,6.35,ceda_agmarknet
2023-04-17,madanapalle,tomato,178.3,6.35,8.0,7.2,ceda_agmarknet
2023-04-18,madanapalle,tomato,199.6,5.5,7.2,6.35,ceda_agmarknet
2023-04-19,madanapalle,tomato,204.9,5.85,7.5,6.7,ceda_agmarknet
2023-04-20,madanapalle,tomato,227.51,5.0,7.0,6.0,ceda_agmarknet
2023-04-21,madanapalle,tomato,301.65,5.333333333333334,7.133333333333334,6.233333333333333,ceda_agmarknet
2023-04-22,madanapalle,tomato,137,5.0,8.0,7.0,ceda_agmarknet
2023-04-23,madanapalle,tomato,92,5.0,7.0,6.0,ceda_agmarknet
2023-04-24,madanapalle,tomato,353.14,5.275,7.175,6.225,ceda_agmarknet
2023-04-25,madanapalle,tomato,811.5600000000001,5.7,7.52,6.58,ceda_agmarknet
2023-04-26,madanapalle,tomato,924.5799999999999,5.7,8.02,6.88,ceda_agmarknet
2023-04-27,madanapalle,tomato,980.28,5.42,7.44,6.4,ceda_agmarknet
2023-04-28,madanapalle,tomato,1019.6899999999999,5.4,7.3,6.5,ceda_agmarknet
2023-04-29,madanapalle,tomato,984.74,5.48,7.36,6.54,ceda_agmarknet
2023-04-30,madanapalle,tomato,975.81,5.616666666666666,7.466666666666666,6.616666666666666,ceda_agmarknet
2023-05-01,madanapalle,tomato,698.5999999999999,5.34,7.1,6.16,ceda_agmarknet
2023-05-02,madanapalle,tomato,1185.28,5.7,7.8,6.76,ceda_agmarknet
2023-05-03,madanapalle,tomato,1493.35,5.4,7.4,6.44,ceda_agmarknet
2023-05-04,madanapalle,tomato,1640.7499999999998,5.2,6.8,6.02,ceda_agmarknet
2023-05-05,madanapalle,tomato,1682.6599999999999,5.28,6.92,6.26,ceda_agmarknet
2023-05-06,madanapalle,tomato,1639.47,5.35,6.725,5.975,ceda_agmarknet
2023-05-07,madanapalle,tomato,1446.06,5.28,7.5,6.36,ceda_agmarknet
2023-05-08,madanapalle,tomato,1435.94,6.16,8.6,7.4,ceda_agmarknet
2023-05-09,madanapalle,tomato,1788.3200000000002,6.44,9.18,7.88,ceda_agmarknet
2023-05-10,madanapalle,tomato,2090.62,5.96,8.48,7.28,ceda_agmarknet
2023-05-11,madanapalle,tomato,2035.3999999999999,5.675,8.175,7.075,ceda_agmarknet
2023-05-12,madanapalle,tomato,1951.7899999999997,7.05,9.65,8.35,ceda_agmarknet
2023-05-13,madanapalle,tomato,1531.33,7.5,10.333333333333332,8.866666666666667,ceda_agmarknet
2023-05-14,madanapalle,tomato,1568.54,7.025,10.6,9.0,ceda_agmarknet
2023-05-15,madanapalle,tomato,1965.2,6.48,11.28,8.76,ceda_agmarknet
2023-05-16,madanapalle,tomato,2154.18,7.466666666666666,12.133333333333333,9.933333333333334,ceda_agmarknet
2023-05-17,madanapalle,tomato,2374.14,7.24,11.94,9.54,ceda_agmarknet
2023-05-18,madanapalle,tomato,2331.6299999999997,6.36,9.72,7.9,ceda_agmarknet
2023-05-19,madanapalle,tomato,2484.9700000000003,6.84,10.04,8.46,ceda_agmarknet
2023-05-20,madanapalle,tomato,2196.23,6.84,11.06,9.1,ceda_agmarknet
2023-05-21,madanapalle,tomato,2246.06,6.76,10.32,8.68,ceda_agmarknet
2023-05-22,madanapalle,tomato,2240.37,6.8,10.94,9.18,ceda_agmarknet
2023-05-23,madanapalle,tomato,2566.77,6.68,10.58,8.96,ceda_agmarknet
2023-05-24,madanapalle,tomato,2047.6100000000001,6.7,10.425,8.625,ceda_agmarknet
2023-05-25,madanapalle,tomato,1953.77,6.95,10.75,8.9,ceda_agmarknet
2023-05-26,madanapalle,tomato,1963.7800000000002,7.84,11.26,9.76,ceda_agmarknet
2023-05-27,madanapalle,tomato,1792.95,7.92,11.42,9.88,ceda_agmarknet
2023-05-28,madanapalle,tomato,1671.15,8.32,12.54,10.48,ceda_agmarknet
2023-05-29,madanapalle,tomato,2027.2600000000002,10.22857142857143,16.78571428571429,13.714285714285714,ceda_agmarknet
2023-05-30,madanapalle,tomato,1849.91,14.042857142857143,24.685714285714283,19.314285714285713,ceda_agmarknet
2023-05-31,madanapalle,tomato,1668.8399999999997,14.428571428571429,26.357142857142858,21.228571428571428,ceda_agmarknet
2023-06-01,madanapalle,tomato,1533.18,11.2,23.65,17.733333333333334,ceda_agmarknet
2023-06-02,madanapalle,tomato,1674.76,9.64,18.36,14.52,ceda_agmarknet
2023-06-03,madanapalle,tomato,2341.29,10.933333333333332,17.71666666666667,14.766666666666667,ceda_agmarknet
2023-06-04,madanapalle,tomato,2251.1200000000003,14.716666666666667,23.666666666666664,19.833333333333332,ceda_agmarknet
2023-06-05,madanapalle,tomato,2585.27,14.116666666666667,23.666666666666664,19.2,ceda_agmarknet
2023-06-06,madanapalle,tomato,1967.52,13.24,24.0,19.2,ceda_agmarknet
2023-06-07,madanapalle,tomato,2592.6,13.1,22.166666666666664,18.183333333333334,ceda_agmarknet
2023-06-08,madanapalle,tomato,2624.41,14.033333333333333,23.183333333333334,19.0,ceda_agmarknet
2023-06-09,madanapalle,tomato,2160.02,16.15,26.95,21.683333333333334,ceda_agmarknet
2023-06-10,madanapalle,tomato,773.38,13.225,26.25,20.65,ceda_agmarknet
2023-06-11,madanapalle,tomato,181.79999999999998,10.066666666666666,25.666666666666664,18.333333333333332,ceda_agmarknet
2023-06-12,madanapalle,tomato,1923.05,16.866666666666667,28.666666666666664,23.816666666666666,ceda_agmarknet
2023-06-13,madanapalle,tomato,1492.85,19.883333333333333,35.233333333333334,28.133333333333336,ceda_agmarknet
2023-06-14,madanapalle,tomato,1979.11,19.78333333333333,32.916666666666664,26.733333333333334,ceda_agmarknet
2023-06-15,madanapalle,tomato,1704.3500000000001,16.833333333333332,34.166666666666664,26.0,ceda_agmarknet
2023-06-16,madanapalle,tomato,2138.88,17.666666666666668,29.9,23.883333333333336,ceda_agmarknet
2023-06-17,madanapalle,tomato,162.57999999999998,11.2,28.2,19.6,ceda_agmarknet
2023-06-18,madanapalle,tomato,1941.75,19.483333333333334,33.0,26.8,ceda_agmarknet
2023-06-19,madanapalle,tomato,2635.7799999999997,18.616666666666667,33.4,26.966666666666665,ceda_agmarknet
2023-06-20,madanapalle,tomato,2664.29,18.7,33.11666666666667,26.566666666666666,ceda_agmarknet
2023-06-21,madanapalle,tomato,2229.04,19.25,34.4,27.866666666666664,ceda_agmarknet
2023-06-22,madanapalle,tomato,2433.84,18.757142857142856,35.14285714285714,27.571428571428573,ceda_agmarknet
2023-06-23,madanapalle,tomato,2293.06,21.116666666666664,36.233333333333334,29.666666666666664,ceda_agmarknet
2023-06-24,madanapalle,tomato,2129.45,30.2,46.68,38.94,ceda_agmarknet
2023-06-25,madanapalle,tomato,1056.72,41.48,64.94,54.2,ceda_agmarknet
2023-06-26,madanapalle,tomato,1939.17,34.0,61.06666666666667,52.45,ceda_agmarknet
2023-06-27,madanapalle,tomato,2043.59,29.214285714285715,61.285714285714285,49.05714285714285,ceda_agmarknet
2023-06-28,madanapalle,tomato,2339.16,34.15714285714286,66.71428571428572,52.34285714285715,ceda_agmarknet
2023-06-29,madanapalle,tomato,647.74,33.3,72.675,56.75,ceda_agmarknet
2023-06-30,madanapalle,tomato,1217.22,58.385714285714286,95.52857142857142,78.81428571428572,ceda_agmarknet
2023-07-01,madanapalle,tomato,1342.9,68.53333333333333,81.2,74.7,ceda_agmarknet
2023-07-02,madanapalle,tomato,1841.95,81.0,93.5,89.5,ceda_agmarknet
2023-07-03,madanapalle,tomato,1772.1599999999999,92.0,104.0,99.0,ceda_agmarknet
2023-07-04,madanapalle,tomato,1256.1699999999998,108.0,130.0,121.0,ceda_agmarknet
2023-07-05,madanapalle,tomato,1275.8899999999999,98.0,114.5,105.0,ceda_agmarknet
2023-07-06,madanapalle,tomato,1329.8,89.5,105.5,100.5,ceda_agmarknet
2023-07-07,madanapalle,tomato,1516.8,87.0,97.5,94.0,ceda_agmarknet
2023-07-08,madanapalle,tomato,1013.35,87.0,97.5,94.0,ceda_agmarknet
2023-07-09,madanapalle,tomato,1062.93,88.0,100.5,96.5,ceda_agmarknet
2023-07-10,madanapalle,tomato,1260.83,103.0,117.5,111.5,ceda_agmarknet
2023-07-11,madanapalle,tomato,1272.07,108.0,130.0,121.0,ceda_agmarknet
2023-07-12,madanapalle,tomato,946.06,118.0,136.0,130.0,ceda_agmarknet
2023-07-13,madanapalle,tomato,965.54,117.0,133.0,129.0,ceda_agmarknet
2023-07-14,madanapalle,tomato,884.75,105.0,120.0,114.5,ceda_agmarknet
2023-07-15,madanapalle,tomato,107.75,,,,ceda_agmarknet
2023-07-16,madanapalle,tomato,401.53,,,,ceda_agmarknet
2023-07-17,madanapalle,tomato,956.49,117.0,131.0,127.3,ceda_agmarknet
2023-07-18,madanapalle,tomato,688.43,109.0,127.0,124.0,ceda_agmarknet
2023-07-19,madanapalle,tomato,805.5,108.0,124.0,118.5,ceda_agmarknet
2023-07-20,madanapalle,tomato,968.8,92.5,100.5,97.5,ceda_agmarknet
2023-07-21,madanapalle,tomato,988.48,101.0,113.0,109.0,ceda_agmarknet
2023-07-22,madanapalle,tomato,897.35,101.0,113.0,109.0,ceda_agmarknet
2023-07-23,madanapalle,tomato,1041.55,108.0,124.5,119.0,ceda_agmarknet
2023-07-24,madanapalle,tomato,953.0699999999999,103.5,119.5,114.0,ceda_agmarknet
2023-07-25,madanapalle,tomato,717.15,117.0,133.0,129.0,ceda_agmarknet
2023-07-26,madanapalle,tomato,734.28,129.0,153.0,144.0,ceda_agmarknet
2023-07-27,madanapalle,tomato,771.39,126.0,148.5,140.0,ceda_agmarknet
2023-07-28,madanapalle,tomato,619.02,128.0,151.5,143.0,ceda_agmarknet
2023-07-29,madanapalle,tomato,445.08000000000004,140.0,177.0,161.0,ceda_agmarknet
2023-07-30,madanapalle,tomato,517.25,140.0,176.0,160.0,ceda_agmarknet
2023-07-31,madanapalle,tomato,559.43,139.0,170.0,158.0,ceda_agmarknet
2023-08-01,madanapalle,tomato,697.34,,,,ceda_agmarknet
2023-08-02,madanapalle,tomato,713.37,,,,ceda_agmarknet
2023-08-03,madanapalle,tomato,698.1700000000001,,,,ceda_agmarknet
2023-08-04,madanapalle,tomato,914.3699999999999,,,,ceda_agmarknet
2023-08-05,madanapalle,tomato,469.36,,,,ceda_agmarknet
2023-08-06,madanapalle,tomato,599.5,,,,ceda_agmarknet
2023-08-07,madanapalle,tomato,339.5,,,,ceda_agmarknet
2023-08-08,madanapalle,tomato,759.13,,,,ceda_agmarknet
2023-08-09,madanapalle,tomato,871.6700000000001,,,,ceda_agmarknet
2023-08-10,madanapalle,tomato,954.55,,,,ceda_agmarknet
2023-08-11,madanapalle,tomato,1052,29.233333333333334,39.6,35.46666666666667,ceda_agmarknet
2023-08-12,madanapalle,tomato,444.55,39.333333333333336,53.66666666666667,45.33333333333333,ceda_agmarknet
2023-08-13,madanapalle,tomato,175.25,40.0,56.0,46.0,ceda_agmarknet
2023-08-14,madanapalle,tomato,335.08,,,,ceda_agmarknet
2023-08-15,madanapalle,tomato,155.15,,,,ceda_agmarknet
2023-08-16,madanapalle,tomato,115.2,33.4,46.7,40.0,ceda_agmarknet
2023-08-17,madanapalle,tomato,146.27999999999997,34.0,45.35,39.7,ceda_agmarknet
2023-08-18,madanapalle,tomato,529.01,30.1,40.25,36.175,ceda_agmarknet
2023-08-19,madanapalle,tomato,338.5,29.133333333333336,37.0,34.233333333333334,ceda_agmarknet
2023-08-20,madanapalle,tomato,397.5,25.15,34.425,31.35,ceda_agmarknet
2023-08-21,madanapalle,tomato,199.1,23.1,34.666666666666664,29.566666666666666,ceda_agmarknet
2023-08-22,madanapalle,tomato,172.03000000000003,23.133333333333336,34.666666666666664,29.566666666666666,ceda_agmarknet
2023-08-23,madanapalle,tomato,157.25,17.666666666666668,30.333333333333336,24.333333333333336,ceda_agmarknet
2023-08-24,madanapalle,tomato,73.8,13.0,23.5,17.9,ceda_agmarknet
2023-08-25,madanapalle,tomato,81.83,13.6,25.9,20.0,ceda_agmarknet
2023-08-26,madanapalle,tomato,97.5,20.0,24.0,22.0,ceda_agmarknet
2023-08-27,madanapalle,tomato,120.8,19.5,28.35,24.7,ceda_agmarknet
2023-08-28,madanapalle,tomato,128.8,16.35,26.7,22.0,ceda_agmarknet
2023-08-29,madanapalle,tomato,81.2,13.35,22.0,18.5,ceda_agmarknet
2023-08-30,madanapalle,tomato,371.29999999999995,12.5,18.875,16.425,ceda_agmarknet
2023-08-31,madanapalle,tomato,314.1,11.333333333333332,18.266666666666666,15.866666666666667,ceda_agmarknet
2023-09-01,madanapalle,tomato,279.3,12.1,17.625,15.5,ceda_agmarknet
2023-09-02,madanapalle,tomato,284.2,12.8,17.166666666666668,16.0,ceda_agmarknet
2023-09-03,madanapalle,tomato,295.6,12.0,17.3,15.35,ceda_agmarknet
2023-09-04,madanapalle,tomato,323.6,11.75,16.6,15.0,ceda_agmarknet
2023-09-05,madanapalle,tomato,322,10.666666666666668,16.266666666666666,14.666666666666668,ceda_agmarknet
2023-09-06,madanapalle,tomato,28.27,8.0,13.0,10.6,ceda_agmarknet
2023-09-07,madanapalle,tomato,135.78,7.7,10.4,9.0,ceda_agmarknet
2023-09-08,madanapalle,tomato,89.65,7.1,9.6,8.2,ceda_agmarknet
2023-09-09,madanapalle,tomato,99.10000000000001,8.95,12.3,10.4,ceda_agmarknet
2023-09-10,madanapalle,tomato,95.97999999999999,8.333333333333334,12.833333333333332,10.533333333333333,ceda_agmarknet
2023-09-11,madanapalle,tomato,133.60000000000002,8.766666666666666,13.033333333333333,10.966666666666667,ceda_agmarknet
2023-09-12,madanapalle,tomato,125.19,7.733333333333333,10.966666666666667,9.266666666666666,ceda_agmarknet
2023-09-13,madanapalle,tomato,120.54,7.833333333333334,10.633333333333333,8.933333333333334,ceda_agmarknet
2023-09-14,madanapalle,tomato,64.75,8.2,9.85,9.0,ceda_agmarknet
2023-09-15,madanapalle,tomato,35.78,8.25,10.35,9.35,ceda_agmarknet
2023-09-16,madanapalle,tomato,36.9,9.7,11.0,10.4,ceda_agmarknet
2023-09-17,madanapalle,tomato,26.9,9.4,10.7,10.0,ceda_agmarknet
2023-09-18,madanapalle,tomato,41.6,7.85,10.0,8.95,ceda_agmarknet
2023-09-19,madanapalle,tomato,79.05000000000001,7.666666666666666,10.7,9.166666666666666,ceda_agmarknet
2023-09-20,madanapalle,tomato,488.83,8.28,11.64,10.24,ceda_agmarknet
2023-09-21,madanapalle,tomato,516.69,7.84,10.9,9.44,ceda_agmarknet
2023-09-22,madanapalle,tomato,1108.3600000000001,7.7,10.56,9.02,ceda_agmarknet
2023-09-23,madanapalle,tomato,656.35,6.9,10.35,8.0,ceda_agmarknet
2023-09-24,madanapalle,tomato,64.47,7.05,10.4,8.6,ceda_agmarknet
2023-09-25,madanapalle,tomato,618.51,7.7,10.5,9.2,ceda_agmarknet
2023-09-26,madanapalle,tomato,896.3,7.78,10.96,9.52,ceda_agmarknet
2023-09-27,madanapalle,tomato,474.68,7.62,10.76,9.36,ceda_agmarknet
2023-09-28,madanapalle,tomato,514.23,7.84,10.84,9.44,ceda_agmarknet
2023-09-29,madanapalle,tomato,539.88,7.64,10.68,9.42,ceda_agmarknet
2023-09-30,madanapalle,tomato,105.9,8.15,10.4,9.3,ceda_agmarknet
2023-10-01,madanapalle,tomato,24.9,8.7,9.4,9.0,ceda_agmarknet
2023-10-02,madanapalle,tomato,115.47999999999999,7.166666666666666,9.3,8.333333333333334,ceda_agmarknet
2023-10-03,madanapalle,tomato,747.4,6.666666666666666,8.666666666666666,7.566666666666666,ceda_agmarknet
2023-10-04,madanapalle,tomato,733.65,6.533333333333334,8.666666666666666,7.566666666666666,ceda_agmarknet
2023-10-05,madanapalle,tomato,486.33,6.78,9.24,8.3,ceda_agmarknet
2023-10-06,madanapalle,tomato,1105.6,7.075,9.55,8.575,ceda_agmarknet
2023-10-07,madanapalle,tomato,696.5,9.0,10.4,9.7,ceda_agmarknet
2023-10-08,madanapalle,tomato,42.32,7.35,9.5,8.85,ceda_agmarknet
2023-10-09,madanapalle,tomato,113.05,7.533333333333334,10.333333333333332,9.2,ceda_agmarknet
2023-10-10,madanapalle,tomato,120.18,7.533333333333334,11.166666666666668,9.433333333333334,ceda_agmarknet
2023-10-11,madanapalle,tomato,104.37,7.833333333333334,11.6,9.266666666666666,ceda_agmarknet
2023-10-12,madanapalle,tomato,315.65,8.14,11.42,9.82,ceda_agmarknet
2023-10-13,madanapalle,tomato,317.7,7.72,11.52,9.76,ceda_agmarknet
2023-10-14,madanapalle,tomato,319.35,7.78,11.02,9.8,ceda_agmarknet
2023-10-15,madanapalle,tomato,299.03,8.04,11.56,9.96,ceda_agmarknet
2023-10-16,madanapalle,tomato,408.32,7.966666666666666,11.366666666666667,9.866666666666667,ceda_agmarknet
2023-10-17,madanapalle,tomato,379.33,8.3,11.5,10.16,ceda_agmarknet
2023-10-18,madanapalle,tomato,448.68,8.266666666666666,11.883333333333333,10.466666666666667,ceda_agmarknet
2023-10-19,madanapalle,tomato,378.40999999999997,7.96,11.36,9.92,ceda_agmarknet
2023-10-20,madanapalle,tomato,493.78,7.8,11.416666666666668,9.666666666666666,ceda_agmarknet
2023-10-21,madanapalle,tomato,138.39000000000001,8.0,12.366666666666667,10.0,ceda_agmarknet
2023-10-22,madanapalle,tomato,26.7,8.7,10.0,9.4,ceda_agmarknet
2023-10-23,madanapalle,tomato,16.3,10.0,11.4,10.7,ceda_agmarknet
2023-10-24,madanapalle,tomato,156.52,7.475,12.25,9.775,ceda_agmarknet
2023-10-25,madanapalle,tomato,464,10.416666666666668,18.266666666666666,14.4,ceda_agmarknet
2023-10-26,madanapalle,tomato,467.75,12.4,23.36,18.68,ceda_agmarknet
2023-10-27,madanapalle,tomato,510.13,13.833333333333332,26.8,21.283333333333335,ceda_agmarknet
2023-10-28,madanapalle,tomato,422.7,15.45,28.175,22.45,ceda_agmarknet
2023-10-29,madanapalle,tomato,519.8100000000001,14.3,26.616666666666664,21.15,ceda_agmarknet
2023-10-30,madanapalle,tomato,568.44,14.166666666666668,25.783333333333335,20.5,ceda_agmarknet
2023-10-31,madanapalle,tomato,523.4,15.35,26.25,22.175,ceda_agmarknet
2023-11-01,madanapalle,tomato,443.25,13.566666666666668,25.066666666666666,19.683333333333334,ceda_agmarknet
2023-11-02,madanapalle,tomato,383.38,13.25,25.366666666666664,18.766666666666666,ceda_agmarknet
2023-11-03,madanapalle,tomato,353.1,14.975,27.7,22.15,ceda_agmarknet
2023-11-04,madanapalle,tomato,312.77,15.55,27.6,21.925,ceda_agmarknet
2023-11-05,madanapalle,tomato,356.15,16.8,26.7,22.48,ceda_agmarknet
2023-11-06,madanapalle,tomato,144.04,12.25,25.85,19.675,ceda_agmarknet
2023-11-07,madanapalle,tomato,330.69,15.8,30.916666666666664,24.133333333333336,ceda_agmarknet
2023-11-08,madanapalle,tomato,336.26,17.08,29.24,23.88,ceda_agmarknet
2023-11-09,madanapalle,tomato,95.85,11.533333333333333,28.433333333333334,20.0,ceda_agmarknet
2023-11-10,madanapalle,tomato,95.78,11.133333333333333,27.866666666666664,20.9,ceda_agmarknet
2023-11-11,madanapalle,tomato,19.7,13.4,24.0,18.7,ceda_agmarknet
2023-11-12,madanapalle,tomato,66.67999999999999,10.7,25.95,18.2,ceda_agmarknet
2023-11-13,madanapalle,tomato,213.23,15.36,28.92,22.72,ceda_agmarknet
2023-11-14,madanapalle,tomato,415.9,15.48,26.96,22.14,ceda_agmarknet
2023-11-15,madanapalle,tomato,569.58,11.3,22.75,17.46666666666667,ceda_agmarknet
2023-11-16,madanapalle,tomato,601.0800000000002,9.933333333333334,19.75,15.333333333333332,ceda_agmarknet
2023-11-17,madanapalle,tomato,584.19,12.6,23.866666666666664,18.883333333333333,ceda_agmarknet
2023-11-18,madanapalle,tomato,485.06,16.68,30.7,24.8,ceda_agmarknet
2023-11-19,madanapalle,tomato,357.32,16.84,32.1,25.28,ceda_agmarknet
2023-11-20,madanapalle,tomato,472.98,12.88,28.28,21.54,ceda_agmarknet
2023-11-21,madanapalle,tomato,431.33,15.54,27.3,23.34,ceda_agmarknet
2023-11-22,madanapalle,tomato,497.22,15.45,29.75,23.416666666666664,ceda_agmarknet
2023-11-23,madanapalle,tomato,404.24,16.46666666666667,34.61666666666667,26.5,ceda_agmarknet
2023-11-24,madanapalle,tomato,471.54999999999995,16.983333333333334,34.46666666666667,26.733333333333334,ceda_agmarknet
2023-11-25,madanapalle,tomato,477.01000000000005,15.58,31.9,24.34,ceda_agmarknet
2023-11-26,madanapalle,tomato,515.16,16.425,26.2,22.1,ceda_agmarknet
2023-11-27,madanapalle,tomato,498.54,15.8,27.76,22.4,ceda_agmarknet
2023-11-28,madanapalle,tomato,365.20000000000005,16.0,29.76,23.8,ceda_agmarknet
2023-11-29,madanapalle,tomato,515.1,14.14,27.76,21.7,ceda_agmarknet
2023-11-30,madanapalle,tomato,613.33,11.95,24.833333333333336,19.4,ceda_agmarknet
2023-12-01,madanapalle,tomato,,9.433333333333334,22.866666666666664,16.4,ceda_agmarknet
2023-12-02,madanapalle,tomato,,10.0,25.733333333333334,18.633333333333333,ceda_agmarknet
2023-12-03,madanapalle,tomato,,10.0,27.0,18.5,ceda_agmarknet
2023-12-04,madanapalle,tomato,,10.075,25.9,18.35,ceda_agmarknet
2023-12-05,madanapalle,tomato,,10.666666666666668,25.0,18.566666666666666,ceda_agmarknet
2023-12-06,madanapalle,tomato,,10.0,27.35,18.7,ceda_agmarknet
2023-12-07,madanapalle,tomato,,9.5,24.233333333333334,15.866666666666667,ceda_agmarknet
2023-12-08,madanapalle,tomato,,11.92,23.06,18.4,ceda_agmarknet
2023-12-09,madanapalle,tomato,,11.26,21.64,17.0,ceda_agmarknet
2023-12-10,madanapalle,tomato,,11.283333333333333,22.383333333333336,17.35,ceda_agmarknet
2023-12-11,madanapalle,tomato,,10.266666666666667,20.5,16.066666666666666,ceda_agmarknet
2023-12-12,madanapalle,tomato,,9.68,16.86,13.68,ceda_agmarknet
2023-12-13,madanapalle,tomato,,8.8,14.8,12.06,ceda_agmarknet
2023-12-14,madanapalle,tomato,,9.366666666666667,15.966666666666667,13.05,ceda_agmarknet
2023-12-15,madanapalle,tomato,546.0699999999999,9.25,16.0,12.983333333333333,ceda_agmarknet
2023-12-16,madanapalle,tomato,479.11,9.64,17.9,14.2,ceda_agmarknet
2023-12-17,madanapalle,tomato,341.5,9.483333333333334,17.416666666666668,13.816666666666668,ceda_agmarknet
2023-12-18,madanapalle,tomato,390.55,9.716666666666667,18.75,14.716666666666667,ceda_agmarknet
2023-12-19,madanapalle,tomato,321.04,10.8,18.96,15.4,ceda_agmarknet
2023-12-20,madanapalle,tomato,344.92,11.12,19.88,16.06,ceda_agmarknet
2023-12-21,madanapalle,tomato,347.33,10.86,18.88,15.34,ceda_agmarknet
2023-12-22,madanapalle,tomato,306.89,10.34,18.82,15.8,ceda_agmarknet
2023-12-23,madanapalle,tomato,235.6,12.9,19.933333333333334,17.133333333333333,ceda_agmarknet
2023-12-24,madanapalle,tomato,274.8,12.666666666666668,20.6,17.333333333333332,ceda_agmarknet
2023-12-25,madanapalle,tomato,234.6,11.566666666666668,19.1,16.03333333333333,ceda_agmarknet
2023-12-26,madanapalle,tomato,362.18999999999994,10.433333333333332,20.633333333333336,16.766666666666666,ceda_agmarknet
2023-12-27,madanapalle,tomato,389.71,11.0,20.883333333333336,16.333333333333332,ceda_agmarknet
2023-12-28,madanapalle,tomato,289.13,11.54,20.5,16.6,ceda_agmarknet
2023-12-29,madanapalle,tomato,301.12,11.6,20.56,16.8,ceda_agmarknet
2023-12-30,madanapalle,tomato,283.03,12.0,21.45,17.0,ceda_agmarknet
2023-12-31,madanapalle,tomato,45.5,9.8,21.0,15.5,ceda_agmarknet
2024-01-01,madanapalle,tomato,196.85000000000002,13.5,24.0,20.25,ceda_agmarknet
2024-01-02,madanapalle,tomato,113,19.333333333333332,27.933333333333334,24.666666666666664,ceda_agmarknet
2024-01-03,madanapalle,tomato,152.95,12.35,25.8,19.75,ceda_agmarknet
2024-01-04,madanapalle,tomato,164.4,11.25,21.45,17.25,ceda_agmarknet
2024-01-05,madanapalle,tomato,187.05,11.3,21.7,17.1,ceda_agmarknet
2024-01-06,madanapalle,tomato,150.48,11.866666666666667,21.266666666666666,17.266666666666666,ceda_agmarknet
2024-01-07,madanapalle,tomato,27.25,8.8,23.5,16.3,ceda_agmarknet
2024-01-08,madanapalle,tomato,152.03,9.333333333333334,23.666666666666664,17.0,ceda_agmarknet
2024-01-09,madanapalle,tomato,133,9.2,25.1,18.9,ceda_agmarknet
2024-01-10,madanapalle,tomato,155.48,9.333333333333334,24.9,19.4,ceda_agmarknet
2024-01-11,madanapalle,tomato,37.900000000000006,9.0,22.5,16.3,ceda_agmarknet
2024-01-12,madanapalle,tomato,37.730000000000004,9.4,23.5,16.9,ceda_agmarknet
2024-01-15,madanapalle,tomato,8.3,9.0,20.0,16.0,ceda_agmarknet
2024-01-17,madanapalle,tomato,96,12.4,24.0,24.0,ceda_agmarknet
2024-01-18,madanapalle,tomato,2.4,10.0,20.0,15.0,ceda_agmarknet
2024-01-19,madanapalle,tomato,159.1,9.8,23.0,13.0,ceda_agmarknet
2024-01-20,madanapalle,tomato,124,11.0,26.0,12.0,ceda_agmarknet
2024-01-21,madanapalle,tomato,141.6,9.5,23.0,13.5,ceda_agmarknet
2024-01-22,madanapalle,tomato,8.3,0.0,16.0,12.6,ceda_agmarknet
2024-01-23,madanapalle,tomato,134.3,9.0,22.0,12.0,ceda_agmarknet
2024-01-24,madanapalle,tomato,129.8,10.0,24.0,17.5,ceda_agmarknet
2024-01-25,madanapalle,tomato,147,10.0,24.0,13.0,ceda_agmarknet
2024-01-26,madanapalle,tomato,168.9,10.0,24.0,17.5,ceda_agmarknet
2024-01-27,madanapalle,tomato,175.9,10.0,24.0,17.5,ceda_agmarknet
2024-01-28,madanapalle,tomato,205.1,10.0,25.0,16.5,ceda_agmarknet
2024-01-29,madanapalle,tomato,9.6,10.0,22.0,16.0,ceda_agmarknet
2024-01-30,madanapalle,tomato,4.5,10.0,22.0,16.0,ceda_agmarknet
2024-01-31,madanapalle,tomato,196.1,10.0,24.0,17.5,ceda_agmarknet
2024-02-01,madanapalle,tomato,227.98,10.0,24.0,18.75,ceda_agmarknet
2024-02-02,madanapalle,tomato,177.84,11.5,26.5,20.0,ceda_agmarknet
2024-02-03,madanapalle,tomato,188,13.5,28.0,20.0,ceda_agmarknet
2024-02-04,madanapalle,tomato,198.44,15.0,30.333333333333336,22.333333333333336,ceda_agmarknet
2024-02-05,madanapalle,tomato,6.5,12.0,28.0,20.0,ceda_agmarknet
2024-02-06,madanapalle,tomato,182.49,14.0,30.0,21.233333333333334,ceda_agmarknet
2024-02-07,madanapalle,tomato,92.59,11.0,23.0,17.0,ceda_agmarknet
2024-02-08,madanapalle,tomato,171.14,11.333333333333332,26.0,16.666666666666668,ceda_agmarknet
2024-02-09,madanapalle,tomato,17.799999999999997,11.0,24.0,18.0,ceda_agmarknet
2024-02-10,madanapalle,tomato,13.2,10.7,21.4,16.0,ceda_agmarknet
2024-02-11,madanapalle,tomato,18.9,10.35,20.7,16.0,ceda_agmarknet
2024-02-12,madanapalle,tomato,117.1,10.0,20.9,15.0,ceda_agmarknet
2024-02-13,madanapalle,tomato,128.7,9.333333333333334,18.9,14.8,ceda_agmarknet
2024-02-14,madanapalle,tomato,144.70000000000002,8.9,16.0,12.9,ceda_agmarknet
2024-02-15,madanapalle,tomato,123.4,8.5,13.7,11.35,ceda_agmarknet
2024-02-16,madanapalle,tomato,124.9,8.533333333333333,14.066666666666668,12.0,ceda_agmarknet
2024-02-17,madanapalle,tomato,210.97,8.466666666666667,13.9,11.333333333333332,ceda_agmarknet
2024-02-18,madanapalle,tomato,203.92999999999998,8.5,14.25,11.1,ceda_agmarknet
2024-02-19,madanapalle,tomato,81.80000000000001,9.233333333333334,14.8,11.666666666666668,ceda_agmarknet
2024-02-20,madanapalle,tomato,119,8.0,20.0,9.5,ceda_agmarknet
2024-02-21,madanapalle,tomato,85.83,9.0,17.133333333333333,13.766666666666667,ceda_agmarknet
2024-02-22,madanapalle,tomato,76.63,9.233333333333334,16.9,13.433333333333332,ceda_agmarknet
2024-02-23,madanapalle,tomato,222.82000000000002,7.68,16.28,12.86,ceda_agmarknet
2024-02-24,madanapalle,tomato,206.02999999999997,7.525,14.65,9.95,ceda_agmarknet
2024-02-25,madanapalle,tomato,21.73,8.8,13.35,11.1,ceda_agmarknet
2024-02-26,madanapalle,tomato,227.04000000000002,7.72,14.84,10.08,ceda_agmarknet
2024-02-27,madanapalle,tomato,210.34,8.16,14.14,11.58,ceda_agmarknet
2024-02-28,madanapalle,tomato,109,7.8,12.975,10.55,ceda_agmarknet
2024-02-29,madanapalle,tomato,7.2,7.0,13.0,10.0,ceda_agmarknet
2024-03-01,madanapalle,tomato,176.57,6.8,12.333333333333332,8.466666666666667,ceda_agmarknet
2024-03-02,madanapalle,tomato,169.17,7.85,13.6,9.475,ceda_agmarknet
2024-03-03,madanapalle,tomato,97.58,7.8,17.0,10.05,ceda_agmarknet
2024-03-04,madanapalle,tomato,99.5,9.0,19.0,11.0,ceda_agmarknet
2024-03-05,madanapalle,tomato,69.07000000000001,8.666666666666666,17.233333333333334,13.133333333333333,ceda_agmarknet
2024-03-06,madanapalle,tomato,94.21000000000001,8.466666666666667,16.333333333333332,12.666666666666668,ceda_agmarknet
2024-03-07,madanapalle,tomato,99.02000000000001,8.666666666666666,15.433333333333332,12.533333333333333,ceda_agmarknet
2024-03-08,madanapalle,tomato,18,8.5,13.2,11.15,ceda_agmarknet
2024-03-09,madanapalle,tomato,7.5,10.0,12.0,11.0,ceda_agmarknet
2024-03-10,madanapalle,tomato,70.32,11.0,22.0,16.5,ceda_agmarknet
2024-03-11,madanapalle,tomato,81.03,9.666666666666666,18.53333333333333,14.333333333333332,ceda_agmarknet
2024-03-12,madanapalle,tomato,77.96,8.666666666666666,16.233333333333334,12.666666666666668,ceda_agmarknet
2024-03-13,madanapalle,tomato,64.02,10.35,18.5,14.5,ceda_agmarknet
2024-03-14,madanapalle,tomato,82.53,10.133333333333333,17.9,14.333333333333332,ceda_agmarknet
2024-03-15,madanapalle,tomato,82.45,10.0,20.333333333333332,15.533333333333333,ceda_agmarknet
2024-03-16,madanapalle,tomato,44.25,11.85,18.85,15.85,ceda_agmarknet
2024-03-17,madanapalle,tomato,61.14,10.666666666666668,19.233333333333334,15.8,ceda_agmarknet
2024-03-18,madanapalle,tomato,54.959999999999994,12.0,18.666666666666668,15.533333333333333,ceda_agmarknet
2024-03-19,madanapalle,tomato,50.4,10.0,20.7,15.75,ceda_agmarknet
2024-03-20,madanapalle,tomato,79.13,10.0,18.566666666666666,16.46666666666667,ceda_agmarknet
2024-03-21,madanapalle,tomato,91.12,9.5,16.1,13.175,ceda_agmarknet
2024-03-22,madanapalle,tomato,73.6,11.666666666666668,16.333333333333332,13.866666666666667,ceda_agmarknet
2024-03-23,madanapalle,tomato,40.55,12.0,16.7,14.35,ceda_agmarknet
2024-03-24,madanapalle,tomato,20.5,10.0,16.7,11.7,ceda_agmarknet
2024-03-25,madanapalle,tomato,88.2,10.0,17.0,13.533333333333333,ceda_agmarknet
2024-03-26,madanapalle,tomato,48.1,9.5,16.85,13.5,ceda_agmarknet
2024-03-27,madanapalle,tomato,119.19999999999999,12.875,19.175,16.425,ceda_agmarknet
2024-03-28,madanapalle,tomato,78.14,10.9,17.0,14.133333333333333,ceda_agmarknet
2024-03-29,madanapalle,tomato,150.45,13.333333333333332,19.333333333333332,15.933333333333332,ceda_agmarknet
2024-03-30,madanapalle,tomato,150.6,12.666666666666668,19.933333333333334,17.933333333333334,ceda_agmarknet
2024-03-31,madanapalle,tomato,120.4,10.35,20.7,19.0,ceda_agmarknet
2024-04-01,madanapalle,tomato,,11.4,23.4,17.4,ceda_agmarknet
2024-04-03,madanapalle,tomato,,12.0,28.0,21.0,ceda_agmarknet
2024-04-04,madanapalle,tomato,56.4,11.85,26.35,20.85,ceda_agmarknet
2024-04-05,madanapalle,tomato,64,10.7,23.5,18.35,ceda_agmarknet
2024-04-06,madanapalle,tomato,65.72999999999999,16.0,23.7,19.85,ceda_agmarknet
2024-04-07,madanapalle,tomato,50.7,11.7,23.0,17.65,ceda_agmarknet
2024-04-08,madanapalle,tomato,68.1,11.35,21.35,16.65,ceda_agmarknet
2024-04-09,madanapalle,tomato,19.2,13.0,30.0,22.0,ceda_agmarknet
2024-04-10,madanapalle,tomato,64.69999999999999,11.7,23.7,18.7,ceda_agmarknet
2024-04-11,madanapalle,tomato,245.5,13.233333333333333,21.333333333333336,17.8,ceda_agmarknet
2024-04-12,madanapalle,tomato,312.1,9.566666666666666,18.46666666666667,13.0,ceda_agmarknet
2024-04-13,madanapalle,tomato,312.2,9.7,14.35,10.5,ceda_agmarknet
2024-04-14,madanapalle,tomato,387,9.333333333333334,17.46666666666667,13.9,ceda_agmarknet
2024-04-15,madanapalle,tomato,211.9,9.65,13.0,11.2,ceda_agmarknet
2024-04-16,madanapalle,tomato,402,11.333333333333332,16.166666666666668,14.0,ceda_agmarknet
2024-04-17,madanapalle,tomato,330.59999999999997,11.0,15.35,13.2,ceda_agmarknet
2024-04-18,madanapalle,tomato,433.1,10.433333333333332,15.666666666666668,12.566666666666668,ceda_agmarknet
2024-04-19,madanapalle,tomato,284.1,13.4,15.4,14.4,ceda_agmarknet
2024-04-20,madanapalle,tomato,324.6,11.2,15.85,13.65,ceda_agmarknet
2024-04-21,madanapalle,tomato,332.79999999999995,12.7,22.0,17.65,ceda_agmarknet
2024-04-22,madanapalle,tomato,370.09999999999997,12.0,20.0,16.65,ceda_agmarknet
2024-04-23,madanapalle,tomato,458,11.5,16.5,14.15,ceda_agmarknet
2024-04-24,madanapalle,tomato,710.7,11.333333333333332,18.333333333333332,14.6,ceda_agmarknet
2024-04-25,madanapalle,tomato,562.3,10.5,17.0,13.35,ceda_agmarknet
2024-04-26,madanapalle,tomato,580.1,10.8,16.35,14.2,ceda_agmarknet
2024-04-27,madanapalle,tomato,578.2,10.7,16.0,13.5,ceda_agmarknet
2024-04-28,madanapalle,tomato,597.4,10.5,15.85,13.35,ceda_agmarknet
2024-04-29,madanapalle,tomato,599.9,10.35,15.85,13.0,ceda_agmarknet
2024-04-30,madanapalle,tomato,791.7,10.9,17.46666666666667,12.833333333333332,ceda_agmarknet
2024-05-01,madanapalle,tomato,990.96,10.5,16.5,13.875,ceda_agmarknet
2024-05-02,madanapalle,tomato,1028.73,9.925,16.425,14.675,ceda_agmarknet
2024-05-03,madanapalle,tomato,1196.3700000000001,10.74,16.8,15.14,ceda_agmarknet
2024-05-04,madanapalle,tomato,1132.19,10.14,16.08,14.4,ceda_agmarknet
2024-05-05,madanapalle,tomato,1261.5,10.74,16.88,15.0,ceda_agmarknet
2024-05-06,madanapalle,tomato,787.7,10.466666666666667,15.0,12.9,ceda_agmarknet
2024-05-07,madanapalle,tomato,1339.69,10.425,16.5,13.825,ceda_agmarknet
2024-05-08,madanapalle,tomato,1196.99,11.14,17.4,13.4,ceda_agmarknet
2024-05-09,madanapalle,tomato,1109.6699999999998,12.4,20.14,16.48,ceda_agmarknet
2024-05-10,madanapalle,tomato,1671.3,10.75,16.825,13.925,ceda_agmarknet
2024-05-11,madanapalle,tomato,1427.5,9.35,14.35,11.35,ceda_agmarknet
2024-05-12,madanapalle,tomato,101,7.0,18.0,16.0,ceda_agmarknet
2024-05-13,madanapalle,tomato,155.35,11.0,16.8,14.5,ceda_agmarknet
2024-05-14,madanapalle,tomato,1350.88,10.625,16.925,13.925,ceda_agmarknet
2024-05-15,madanapalle,tomato,669.91,12.333333333333332,22.0,14.833333333333332,ceda_agmarknet
2024-05-16,madanapalle,tomato,1711.0800000000002,10.25,16.35,12.175,ceda_agmarknet
2024-05-17,madanapalle,tomato,1784.28,10.675,17.0,12.6,ceda_agmarknet
2024-05-18,madanapalle,tomato,1482.3500000000001,13.85,23.1,18.85,ceda_agmarknet
2024-05-19,madanapalle,tomato,1330.87,17.8,28.9,20.766666666666666,ceda_agmarknet
2024-05-20,madanapalle,tomato,1445.23,16.9,28.0,22.8,ceda_agmarknet
2024-05-21,madanapalle,tomato,1503.5,17.175,29.5,23.85,ceda_agmarknet
2024-05-22,madanapalle,tomato,1448,21.0,31.25,27.175,ceda_agmarknet
2024-05-23,madanapalle,tomato,872.8199999999999,24.333333333333336,35.333333333333336,29.866666666666664,ceda_agmarknet
2024-05-24,madanapalle,tomato,1164.1999999999998,21.133333333333336,35.56666666666666,29.333333333333336,ceda_agmarknet
2024-05-25,madanapalle,tomato,1081.8,24.9,42.0,33.46666666666667,ceda_agmarknet
2024-05-26,madanapalle,tomato,1405.71,25.85,41.375,33.925,ceda_agmarknet
2024-05-27,madanapalle,tomato,1401.3,24.48,37.48,31.2,ceda_agmarknet
2024-05-28,madanapalle,tomato,1613.23,22.4,33.1,28.6,ceda_agmarknet
2024-05-29,madanapalle,tomato,1713.52,19.95,31.216666666666665,25.783333333333335,ceda_agmarknet
2024-05-30,madanapalle,tomato,1541.6800000000003,16.24,30.2,25.0,ceda_agmarknet
2024-05-31,madanapalle,tomato,1393.75,19.175,31.5,25.775,ceda_agmarknet
2024-06-01,madanapalle,tomato,,19.2,30.66,23.5,ceda_agmarknet
2024-06-02,madanapalle,tomato,,23.466666666666665,36.233333333333334,26.966666666666665,ceda_agmarknet
2024-06-03,madanapalle,tomato,,28.0,41.15,34.925,ceda_agmarknet
2024-06-04,madanapalle,tomato,,34.0,49.54,41.92,ceda_agmarknet
2024-06-05,madanapalle,tomato,,29.833333333333336,49.33333333333333,40.11666666666667,ceda_agmarknet
2024-06-06,madanapalle,tomato,,25.2,40.8,32.76,ceda_agmarknet
2024-06-07,madanapalle,tomato,,26.7,40.53333333333333,33.483333333333334,ceda_agmarknet
2024-06-08,madanapalle,tomato,,24.64,39.2,32.32,ceda_agmarknet
2024-06-09,madanapalle,tomato,,27.76,47.28,38.24,ceda_agmarknet
2024-06-10,madanapalle,tomato,,29.64,51.8,40.86,ceda_agmarknet
2024-06-11,madanapalle,tomato,,33.74,56.14,45.28,ceda_agmarknet
2024-06-12,madanapalle,tomato,,33.333333333333336,53.16666666666667,43.38333333333333,ceda_agmarknet
2024-06-13,madanapalle,tomato,,29.733333333333334,47.9,39.8,ceda_agmarknet
2024-06-14,madanapalle,tomato,,30.6,51.0,42.9,ceda_agmarknet
2024-06-15,madanapalle,tomato,,33.38,53.94,44.8,ceda_agmarknet
2024-06-16,madanapalle,tomato,,36.0,56.46666666666667,47.13333333333333,ceda_agmarknet
2024-06-17,madanapalle,tomato,,39.56666666666666,60.45,50.56666666666667,ceda_agmarknet
2024-06-18,madanapalle,tomato,,40.333333333333336,64.0,52.83333333333333,ceda_agmarknet
2024-06-19,madanapalle,tomato,,45.18333333333333,67.28333333333333,55.98333333333333,ceda_agmarknet
2024-06-20,madanapalle,tomato,,48.9,73.74,61.98,ceda_agmarknet
2024-06-21,madanapalle,tomato,,57.23333333333333,70.33333333333333,64.0,ceda_agmarknet
2024-06-22,madanapalle,tomato,,53.84,66.72,60.8,ceda_agmarknet
2024-06-23,madanapalle,tomato,,54.0,66.32,60.44,ceda_agmarknet
2024-06-24,madanapalle,tomato,,46.8,58.12,53.4,ceda_agmarknet
2024-06-25,madanapalle,tomato,,39.8,51.54,45.4,ceda_agmarknet
2024-06-26,madanapalle,tomato,,32.6,44.68,38.68,ceda_agmarknet
2024-06-27,madanapalle,tomato,,32.5,42.51666666666667,37.11666666666667,ceda_agmarknet
2024-06-28,madanapalle,tomato,,31.2,41.46,36.82,ceda_agmarknet
2024-06-29,madanapalle,tomato,,28.1,39.85,34.5,ceda_agmarknet
2024-06-30,madanapalle,tomato,,26.0,38.233333333333334,32.333333333333336,ceda_agmarknet
2024-07-01,madanapalle,tomato,,26.75,37.425,31.85,ceda_agmarknet
2024-07-02,madanapalle,tomato,,29.233333333333334,38.31666666666666,33.06666666666666,ceda_agmarknet
2024-07-03,madanapalle,tomato,,28.616666666666664,37.333333333333336,32.666666666666664,ceda_agmarknet
2024-07-04,madanapalle,tomato,,27.2,35.2,31.8,ceda_agmarknet
2024-07-05,madanapalle,tomato,,26.166666666666664,34.61666666666667,29.1,ceda_agmarknet
2024-07-06,madanapalle,tomato,,28.166666666666664,37.333333333333336,33.233333333333334,ceda_agmarknet
2024-07-07,madanapalle,tomato,,30.5,41.9,36.25,ceda_agmarknet
2024-07-08,madanapalle,tomato,,29.333333333333336,38.233333333333334,34.03333333333333,ceda_agmarknet
2024-07-09,madanapalle,tomato,,33.2,40.66,37.28,ceda_agmarknet
2024-07-10,madanapalle,tomato,,37.08,48.88,43.6,ceda_agmarknet
2024-07-11,madanapalle,tomato,,42.28,53.94,48.74,ceda_agmarknet
2024-07-12,madanapalle,tomato,,45.25,57.0,51.75,ceda_agmarknet
2024-07-13,madanapalle,tomato,,44.0,55.85,51.0,ceda_agmarknet
2024-07-14,madanapalle,tomato,,48.1125,61.785,56.725,ceda_agmarknet
2024-07-15,madanapalle,tomato,,51.33333333333333,65.89166666666667,58.78333333333333,ceda_agmarknet
2024-07-16,madanapalle,tomato,,58.23333333333333,74.28333333333333,66.71666666666667,ceda_agmarknet
2024-07-17,madanapalle,tomato,,53.76666666666667,66.66666666666667,60.9,ceda_agmarknet
2024-07-18,madanapalle,tomato,,53.825,65.0,58.75,ceda_agmarknet
2024-07-19,madanapalle,tomato,,50.5,61.2,55.94,ceda_agmarknet
2024-07-20,madanapalle,tomato,,52.65,62.7,58.325,ceda_agmarknet
2024-07-21,madanapalle,tomato,,53.0,63.25,58.25,ceda_agmarknet
2024-07-22,madanapalle,tomato,,47.5,60.0,54.25,ceda_agmarknet
2024-07-23,madanapalle,tomato,,41.06,50.2,45.2,ceda_agmarknet
2024-07-24,madanapalle,tomato,,33.2,42.26,37.92,ceda_agmarknet
2024-07-25,madanapalle,tomato,,23.2,32.0,27.666666666666664,ceda_agmarknet
2024-07-26,madanapalle,tomato,,22.0,32.0,27.533333333333335,ceda_agmarknet
2024-07-27,madanapalle,tomato,,23.566666666666666,31.766666666666666,28.433333333333334,ceda_agmarknet
2024-07-28,madanapalle,tomato,,26.0,35.0,31.7,ceda_agmarknet
2024-07-29,madanapalle,tomato,,22.0,34.7,30.85,ceda_agmarknet
2024-07-30,madanapalle,tomato,,25.0,32.3,29.0,ceda_agmarknet
2024-07-31,madanapalle,tomato,,18.666666666666668,28.8,24.233333333333334,ceda_agmarknet
2024-08-04,madanapalle,tomato,,19.175,26.5,23.075,ceda_agmarknet
2024-08-05,madanapalle,tomato,1365.08,19.68,27.146,23.8,ceda_agmarknet
2024-08-06,madanapalle,tomato,1230.75,19.72,27.66,24.08,ceda_agmarknet
2024-08-07,madanapalle,tomato,847.47,23.1,31.933333333333334,26.866666666666664,ceda_agmarknet
2024-08-08,madanapalle,tomato,539.94,19.53333333333333,25.566666666666666,22.8,ceda_agmarknet
2024-08-09,madanapalle,tomato,540.4,19.0,30.3,25.65,ceda_agmarknet
2024-08-10,madanapalle,tomato,625.6,20.46666666666667,28.533333333333335,24.8,ceda_agmarknet
2024-08-11,madanapalle,tomato,643.7,22.666666666666664,28.433333333333334,25.666666666666664,ceda_agmarknet
2024-08-12,madanapalle,tomato,1127.6299999999999,19.4,27.54,23.92,ceda_agmarknet
2024-08-13,madanapalle,tomato,1219.33,18.45,25.616666666666664,22.716666666666665,ceda_agmarknet
2024-08-14,madanapalle,tomato,1221.52,17.916666666666668,25.233333333333334,22.0,ceda_agmarknet
2024-08-15,madanapalle,tomato,28.3,18.3,26.6,22.0,ceda_agmarknet
2024-08-16,madanapalle,tomato,774.8199999999999,22.0,28.0,25.34,ceda_agmarknet
2024-08-17,madanapalle,tomato,698.71,22.12,28.32,25.54,ceda_agmarknet
2024-08-18,madanapalle,tomato,584.14,21.575,28.0,25.65,ceda_agmarknet
2024-08-19,madanapalle,tomato,748.39,17.74,23.08,20.94,ceda_agmarknet
2024-08-20,madanapalle,tomato,1132.07,18.675,23.85,21.75,ceda_agmarknet
2024-08-21,madanapalle,tomato,1308.89,18.26,23.6,21.4,ceda_agmarknet
2024-08-22,madanapalle,tomato,1676.3100000000002,18.733333333333334,24.116666666666664,22.166666666666664,ceda_agmarknet
2024-08-23,madanapalle,tomato,1665.5899999999997,19.616666666666667,26.5,23.333333333333336,ceda_agmarknet
2024-08-24,madanapalle,tomato,1590.53,17.6,24.6,21.4,ceda_agmarknet
2024-08-25,madanapalle,tomato,603.4,15.35,25.7,20.5,ceda_agmarknet
2024-08-26,madanapalle,tomato,817.3000000000001,15.75,23.825,19.85,ceda_agmarknet
2024-08-27,madanapalle,tomato,1963.4299999999998,15.333333333333332,21.433333333333334,18.666666666666668,ceda_agmarknet
2024-08-28,madanapalle,tomato,1684.55,15.48,21.96,19.0,ceda_agmarknet
2024-08-29,madanapalle,tomato,1414.35,15.2,21.56,18.64,ceda_agmarknet
2024-08-30,madanapalle,tomato,1333.38,15.0,21.6,18.58,ceda_agmarknet
2024-08-31,madanapalle,tomato,555.95,13.466666666666667,20.46666666666667,17.566666666666666,ceda_agmarknet
2024-09-01,madanapalle,tomato,529.1,15.075,22.5,18.725,ceda_agmarknet
2024-09-02,madanapalle,tomato,630.04,19.0,26.34,22.76,ceda_agmarknet
2024-09-03,madanapalle,tomato,1334.67,20.21666666666667,27.716666666666665,24.033333333333335,ceda_agmarknet
2024-09-04,madanapalle,tomato,1197.98,22.58,28.64,25.66,ceda_agmarknet
2024-09-05,madanapalle,tomato,965.6,19.075,27.575,23.75,ceda_agmarknet
2024-09-06,madanapalle,tomato,1020.8000000000001,18.325,27.0,23.25,ceda_agmarknet
2024-09-07,madanapalle,tomato,134.1,16.233333333333334,24.666666666666664,21.133333333333336,ceda_agmarknet
2024-09-08,madanapalle,tomato,231.9,19.9,28.466666666666665,24.133333333333336,ceda_agmarknet
2024-09-09,madanapalle,tomato,1031.28,19.86,27.32,24.14,ceda_agmarknet
2024-09-10,madanapalle,tomato,891.75,18.34,25.88,22.08,ceda_agmarknet
2024-09-11,madanapalle,tomato,349.28999999999996,18.48,25.34,22.4,ceda_agmarknet
2024-09-12,madanapalle,tomato,229.04999999999998,22.9,31.566666666666666,28.466666666666665,ceda_agmarknet
2024-09-13,madanapalle,tomato,178.29000000000002,22.0,30.666666666666664,27.666666666666664,ceda_agmarknet
2024-09-14,madanapalle,tomato,115.6,25.5,36.0,30.5,ceda_agmarknet
2024-09-15,madanapalle,tomato,134.2,25.2,34.7,30.35,ceda_agmarknet
2024-09-16,madanapalle,tomato,301.09999999999997,29.3,36.4,32.28,ceda_agmarknet
2024-09-17,madanapalle,tomato,280.11,28.06,36.06,31.92,ceda_agmarknet
2024-09-18,madanapalle,tomato,183.74,29.925,36.1,33.0,ceda_agmarknet
2024-09-19,madanapalle,tomato,737.91,31.08,38.4,34.34,ceda_agmarknet
2024-09-20,madanapalle,tomato,706.27,32.8,43.54,38.66,ceda_agmarknet
2024-09-21,madanapalle,tomato,788.79,33.166666666666664,42.83333333333333,37.88333333333333,ceda_agmarknet
2024-09-22,madanapalle,tomato,658.27,37.5,47.65,43.0,ceda_agmarknet
2024-09-23,madanapalle,tomato,704.8,36.66,45.26,41.4,ceda_agmarknet
2024-09-24,madanapalle,tomato,869.5000000000001,36.166666666666664,44.66666666666667,40.833333333333336,ceda_agmarknet
2024-09-25,madanapalle,tomato,794.3100000000001,34.08,41.88,38.52,ceda_agmarknet
2024-09-26,madanapalle,tomato,875.1400000000001,35.93333333333334,42.83333333333333,39.4,ceda_agmarknet
2024-09-27,madanapalle,tomato,789.9,35.6,44.4,40.32,ceda_agmarknet
2024-09-28,madanapalle,tomato,809.33,36.68,45.48,41.54,ceda_agmarknet
2024-09-29,madanapalle,tomato,822.7700000000001,38.9,47.83333333333333,44.05,ceda_agmarknet
2024-09-30,madanapalle,tomato,819.61,44.92,56.0,50.66,ceda_agmarknet
2024-10-01,madanapalle,tomato,728.3000000000001,43.52,55.06,49.4,ceda_agmarknet
2024-10-02,madanapalle,tomato,633.86,58.26,68.2,63.72,ceda_agmarknet
2024-10-03,madanapalle,tomato,703.1299999999999,65.0,76.61666666666667,71.5,ceda_agmarknet
2024-10-04,madanapalle,tomato,773.3,64.88,76.8,71.8,ceda_agmarknet
2024-10-05,madanapalle,tomato,601.1,64.66666666666667,78.23333333333333,73.0,ceda_agmarknet
2024-10-06,madanapalle,tomato,669.02,63.6,75.4,70.6,ceda_agmarknet
2024-10-07,madanapalle,tomato,657.7,60.4,73.6,69.0,ceda_agmarknet
2024-10-08,madanapalle,tomato,665.2,58.18,71.46,66.9,ceda_agmarknet
2024-10-09,madanapalle,tomato,640.6999999999999,48.25,61.25,56.625,ceda_agmarknet
2024-10-10,madanapalle,tomato,673.51,40.14,52.6,48.0,ceda_agmarknet
2024-10-11,madanapalle,tomato,801.4000000000001,41.85,51.5,46.175,ceda_agmarknet
2024-10-12,madanapalle,tomato,721.21,40.8,53.08,47.28,ceda_agmarknet
2024-10-13,madanapalle,tomato,673.9599999999999,50.94,64.2,56.48,ceda_agmarknet
2024-10-14,madanapalle,tomato,739.2,46.425,55.425,51.675,ceda_agmarknet
2024-10-15,madanapalle,tomato,562.64,49.48,62.14,56.92,ceda_agmarknet
2024-10-16,madanapalle,tomato,819.76,38.48,49.8,44.46,ceda_agmarknet
2024-10-17,madanapalle,tomato,420.4,41.88,54.0,48.4,ceda_agmarknet
2024-10-18,madanapalle,tomato,797.61,42.68,54.8,50.0,ceda_agmarknet
2024-10-19,madanapalle,tomato,682.36,36.48,47.88,43.14,ceda_agmarknet
2024-10-20,madanapalle,tomato,541.3,35.666666666666664,47.33333333333333,42.0,ceda_agmarknet
2024-10-21,madanapalle,tomato,787.84,37.25,48.0,42.65,ceda_agmarknet
2024-10-22,madanapalle,tomato,837.67,37.25,48.5,43.5,ceda_agmarknet
2024-10-23,madanapalle,tomato,591.3499999999999,39.333333333333336,46.0,41.86666666666667,ceda_agmarknet
2024-10-24,madanapalle,tomato,859.5,28.675,38.25,34.25,ceda_agmarknet
2024-10-25,madanapalle,tomato,833.1,29.1,39.86666666666667,34.333333333333336,ceda_agmarknet
2024-10-26,madanapalle,tomato,862.2,30.6,39.0,34.925,ceda_agmarknet
2024-10-27,madanapalle,tomato,649.7,32.0,39.175,35.6,ceda_agmarknet
2024-10-28,madanapalle,tomato,936.2200000000001,28.88,37.72,32.94,ceda_agmarknet
2024-10-29,madanapalle,tomato,426.6,27.675,35.25,31.75,ceda_agmarknet
2024-10-30,madanapalle,tomato,476.2,22.9,32.56666666666666,28.466666666666665,ceda_agmarknet
2024-10-31,madanapalle,tomato,429.9,23.333333333333336,30.0,26.333333333333336,ceda_agmarknet
2024-11-01,madanapalle,tomato,310.33000000000004,24.85,31.75,28.675,ceda_agmarknet
2024-11-02,madanapalle,tomato,368.48,25.25,32.675,28.85,ceda_agmarknet
2024-11-03,madanapalle,tomato,593.22,26.675,34.0,29.85,ceda_agmarknet
2024-11-04,madanapalle,tomato,580.27,24.0,29.175,26.25,ceda_agmarknet
2024-11-05,madanapalle,tomato,549.6,23.133333333333336,28.666666666666664,26.0,ceda_agmarknet
2024-11-06,madanapalle,tomato,624.17,23.35,29.4,26.25,ceda_agmarknet
2024-11-07,madanapalle,tomato,857.69,20.8,28.48,25.06,ceda_agmarknet
2024-11-08,madanapalle,tomato,1062.05,17.54,24.4,20.86,ceda_agmarknet
2024-11-09,madanapalle,tomato,846.7,15.1,22.5,18.85,ceda_agmarknet
2024-11-10,madanapalle,tomato,958.4,14.14,21.92,18.6,ceda_agmarknet
2024-11-11,madanapalle,tomato,969.2,16.06,22.8,20.0,ceda_agmarknet
2024-11-12,madanapalle,tomato,793.0500000000001,16.9,24.825,21.25,ceda_agmarknet
2024-11-13,madanapalle,tomato,950.8299999999999,17.66,25.06,21.34,ceda_agmarknet
2024-11-14,madanapalle,tomato,928.63,16.86,24.2,21.06,ceda_agmarknet
2024-11-15,madanapalle,tomato,797.3499999999999,17.15,25.325,21.25,ceda_agmarknet
2024-11-16,madanapalle,tomato,213,14.0,30.0,23.0,ceda_agmarknet
2024-11-17,madanapalle,tomato,231,20.0,34.0,29.0,ceda_agmarknet
2024-11-18,madanapalle,tomato,683.5,21.25,29.325,25.5,ceda_agmarknet
2024-11-19,madanapalle,tomato,648.46,24.34,33.54,29.66,ceda_agmarknet
2024-11-20,madanapalle,tomato,550.78,26.75,34.35,30.5,ceda_agmarknet
2024-11-21,madanapalle,tomato,779.1,24.34,32.2,28.08,ceda_agmarknet
2024-11-22,madanapalle,tomato,825.13,24.54,32.8,29.4,ceda_agmarknet
2024-11-23,madanapalle,tomato,610,25.0,35.0,30.333333333333336,ceda_agmarknet
2024-11-24,madanapalle,tomato,614.8,27.425,37.0,32.5,ceda_agmarknet
2024-11-25,madanapalle,tomato,593.03,30.8,40.66,36.28,ceda_agmarknet
2024-11-26,madanapalle,tomato,600.12,38.11666666666667,48.9,44.21666666666667,ceda_agmarknet
2024-11-27,madanapalle,tomato,373.26,37.4,48.2,43.46,ceda_agmarknet
2024-11-28,madanapalle,tomato,477.85,39.68,47.0,43.86,ceda_agmarknet
2024-11-29,madanapalle,tomato,484.21,39.2,50.46,45.8,ceda_agmarknet
2024-11-30,madanapalle,tomato,526.02,33.48,43.06,38.94,ceda_agmarknet
2024-12-01,madanapalle,tomato,138.2,37.56666666666666,46.66666666666667,42.23333333333333,ceda_agmarknet
2024-12-02,madanapalle,tomato,169.37,40.14,56.06,51.68,ceda_agmarknet
2024-12-03,madanapalle,tomato,341.34000000000003,42.83333333333333,51.55,47.11666666666667,ceda_agmarknet
2024-12-04,madanapalle,tomato,500.85999999999996,36.95,45.0,40.833333333333336,ceda_agmarknet
2024-12-05,madanapalle,tomato,326.51,38.4,48.86,44.34,ceda_agmarknet
2024-12-06,madanapalle,tomato,271.3,43.12,53.14,49.08,ceda_agmarknet
2024-12-07,madanapalle,tomato,230.6,36.34,47.0,41.48,ceda_agmarknet
2024-12-08,madanapalle,tomato,339.48,26.06,32.8,29.54,ceda_agmarknet
2024-12-09,madanapalle,tomato,420.71999999999997,16.733333333333334,23.283333333333335,19.733333333333334,ceda_agmarknet
2024-12-10,madanapalle,tomato,477,11.1,18.5,15.233333333333333,ceda_agmarknet
2024-12-11,madanapalle,tomato,291.65,13.6,21.12,17.34,ceda_agmarknet
2024-12-12,madanapalle,tomato,357.53999999999996,14.716666666666667,21.616666666666664,18.383333333333333,ceda_agmarknet
2024-12-13,madanapalle,tomato,219.3,12.133333333333333,18.0,14.9,ceda_agmarknet
2024-12-14,madanapalle,tomato,341.8,,,,ceda_agmarknet
2024-12-15,madanapalle,tomato,185.95,,,,ceda_agmarknet
2024-12-16,madanapalle,tomato,466,,,,ceda_agmarknet
2024-12-17,madanapalle,tomato,478.96,,,,ceda_agmarknet
2024-12-18,madanapalle,tomato,511.4,,,,ceda_agmarknet
2024-12-19,madanapalle,tomato,468.18,,,,ceda_agmarknet
2024-12-20,madanapalle,tomato,444.43,,,,ceda_agmarknet
2024-12-21,madanapalle,tomato,273.13,,,,ceda_agmarknet
2024-12-22,madanapalle,tomato,479.68,,,,ceda_agmarknet
2024-12-23,madanapalle,tomato,554.48,,,,ceda_agmarknet
2024-12-24,madanapalle,tomato,463.72,13.48,20.04,16.58,ceda_agmarknet
2024-12-25,madanapalle,tomato,337.95000000000005,12.8,18.94,16.04,ceda_agmarknet
2024-12-26,madanapalle,tomato,294.3,11.25,17.75,14.8,ceda_agmarknet
2024-12-27,madanapalle,tomato,229.54999999999998,14.4,20.95,18.0,ceda_agmarknet
2024-12-28,madanapalle,tomato,213.64999999999998,16.6,23.605999999999998,20.88,ceda_agmarknet
2024-12-29,madanapalle,tomato,354.9,12.725,16.9,15.15,ceda_agmarknet
2024-12-30,madanapalle,tomato,367.85,7.86,11.6,9.88,ceda_agmarknet
2024-12-31,madanapalle,tomato,259.63,9.15,16.325,12.45,ceda_agmarknet
2025-01-01,madanapalle,tomato,223.35,10.575,18.325,15.5,ceda_agmarknet
2025-01-02,madanapalle,tomato,241.68,9.9,15.5,12.75,ceda_agmarknet
2025-01-03,madanapalle,tomato,207.97,8.825,15.325,12.65,ceda_agmarknet
2025-01-04,madanapalle,tomato,233.43,8.666666666666666,13.333333333333332,11.0,ceda_agmarknet
2025-01-05,madanapalle,tomato,218.2,8.666666666666666,12.666666666666668,11.2,ceda_agmarknet
2025-01-06,madanapalle,tomato,245.85,8.8,14.55,11.575,ceda_agmarknet
2025-01-07,madanapalle,tomato,288.21999999999997,9.15,13.45,11.075,ceda_agmarknet
2025-01-08,madanapalle,tomato,264.85,8.85,13.3,11.4,ceda_agmarknet
2025-01-09,madanapalle,tomato,230.32999999999998,9.325,13.275,11.25,ceda_agmarknet
2025-01-10,madanapalle,tomato,249.67000000000002,9.075,13.325,11.0,ceda_agmarknet
2025-01-11,madanapalle,tomato,138,11.0,22.0,17.0,ceda_agmarknet
2025-01-14,madanapalle,tomato,145,8.0,14.0,11.0,ceda_agmarknet
2025-01-15,madanapalle,tomato,77,8.5,14.0,11.5,ceda_agmarknet
2025-01-16,madanapalle,tomato,62.1,9.333333333333334,15.666666666666668,12.866666666666667,ceda_agmarknet
2025-01-17,madanapalle,tomato,152.7,12.825,19.0,15.875,ceda_agmarknet
2025-01-18,madanapalle,tomato,209.13,11.85,16.75,14.25,ceda_agmarknet
2025-01-19,madanapalle,tomato,138.32,11.0,15.333333333333332,13.533333333333333,ceda_agmarknet
2025-01-20,madanapalle,tomato,173.87,10.0,14.825,12.5,ceda_agmarknet
2025-01-21,madanapalle,tomato,136.22,10.5,15.75,13.5,ceda_agmarknet
2025-01-22,madanapalle,tomato,220.04,11.383333333333333,16.516666666666666,14.066666666666668,ceda_agmarknet
2025-01-23,madanapalle,tomato,254.79999999999998,12.433333333333332,17.366666666666667,15.283333333333333,ceda_agmarknet
2025-01-24,madanapalle,tomato,185.68,11.616666666666667,16.4,14.333333333333332,ceda_agmarknet
2025-01-25,madanapalle,tomato,226.89000000000001,11.65,16.933333333333334,14.333333333333332,ceda_agmarknet
2025-01-26,madanapalle,tomato,181.2,11.45,16.233333333333334,14.0,ceda_agmarknet
2025-01-27,madanapalle,tomato,180.69,13.283333333333333,19.0,16.316666666666666,ceda_agmarknet
2025-01-28,madanapalle,tomato,171.82,13.2,19.55,16.366666666666667,ceda_agmarknet
2025-01-29,madanapalle,tomato,168.39999999999998,14.316666666666668,19.833333333333332,17.1,ceda_agmarknet
2025-01-30,madanapalle,tomato,213.64000000000001,14.0,19.28333333333333,16.78333333333333,ceda_agmarknet
2025-01-31,madanapalle,tomato,196.77,13.583333333333332,19.5,16.78333333333333,ceda_agmarknet
2025-02-01,madanapalle,tomato,163.73999999999998,12.616666666666667,18.766666666666666,15.783333333333333,ceda_agmarknet
2025-02-02,madanapalle,tomato,167.18,14.666666666666668,20.45,17.78333333333333,ceda_agmarknet
2025-02-03,madanapalle,tomato,192.98,13.366666666666667,19.333333333333332,16.45,ceda_agmarknet
2025-02-04,madanapalle,tomato,177.82999999999998,13.5,19.183333333333334,16.483333333333334,ceda_agmarknet
2025-02-05,madanapalle,tomato,186.96999999999997,13.616666666666667,19.333333333333332,16.666666666666668,ceda_agmarknet
2025-02-06,madanapalle,tomato,188.85,14.5,20.35,17.633333333333333,ceda_agmarknet
2025-02-07,madanapalle,tomato,189.05,15.116666666666667,21.283333333333335,18.2,ceda_agmarknet
2025-02-08,madanapalle,tomato,168.69,14.116666666666667,19.55,17.083333333333332,ceda_agmarknet
2025-02-09,madanapalle,tomato,180.58999999999997,13.833333333333332,19.166666666666668,16.816666666666666,ceda_agmarknet
2025-02-10,madanapalle,tomato,167.69,13.616666666666667,18.983333333333334,16.5,ceda_agmarknet
2025-02-11,madanapalle,tomato,200.34,13.45,18.65,16.166666666666668,ceda_agmarknet
2025-02-12,madanapalle,tomato,210.13,11.55,16.21666666666667,14.116666666666667,ceda_agmarknet
2025-02-13,madanapalle,tomato,194.01,10.166666666666666,14.066666666666668,12.333333333333332,ceda_agmarknet
2025-02-14,madanapalle,tomato,204.09,9.716666666666667,14.333333333333332,12.116666666666667,ceda_agmarknet
2025-02-15,madanapalle,tomato,217.32,9.883333333333333,14.5,12.5,ceda_agmarknet
2025-02-16,madanapalle,tomato,196.28000000000003,11.666666666666668,16.35,14.283333333333333,ceda_agmarknet
2025-02-17,madanapalle,tomato,220.26000000000002,11.616666666666667,16.416666666666668,14.116666666666667,ceda_agmarknet
2025-02-18,madanapalle,tomato,247.10000000000002,11.266666666666667,15.7,13.683333333333332,ceda_agmarknet
2025-02-19,madanapalle,tomato,228.77999999999997,10.26,14.7,12.72,ceda_agmarknet
2025-02-20,madanapalle,tomato,271.83,9.416666666666666,13.133333333333333,11.35,ceda_agmarknet
2025-02-21,madanapalle,tomato,201.08,9.083333333333334,12.066666666666668,10.866666666666667,ceda_agmarknet
2025-02-22,madanapalle,tomato,193.23,9.28,12.76,11.52,ceda_agmarknet
2025-02-23,madanapalle,tomato,197.65,9.483333333333334,12.9,11.1,ceda_agmarknet
2025-02-24,madanapalle,tomato,216.6,9.6,12.783333333333333,10.9,ceda_agmarknet
2025-02-25,madanapalle,tomato,243.47,9.4,12.233333333333333,10.766666666666667,ceda_agmarknet
2025-02-26,madanapalle,tomato,205.76,8.9,11.666666666666668,10.366666666666667,ceda_agmarknet
2025-02-27,madanapalle,tomato,191.85,8.5,11.633333333333333,10.0,ceda_agmarknet
2025-02-28,madanapalle,tomato,198.13000000000002,9.216666666666667,12.266666666666667,10.616666666666667,ceda_agmarknet
2025-03-01,madanapalle,tomato,194.61,9.4,12.25,10.833333333333332,ceda_agmarknet
2025-03-02,madanapalle,tomato,153.7,9.2,12.44,10.8,ceda_agmarknet
2025-03-03,madanapalle,tomato,211.97,9.233333333333334,12.383333333333333,10.766666666666667,ceda_agmarknet
2025-03-04,madanapalle,tomato,186.64999999999998,9.12,12.4,10.68,ceda_agmarknet
2025-03-05,madanapalle,tomato,231.32,9.1,11.783333333333333,10.366666666666667,ceda_agmarknet
2025-03-06,madanapalle,tomato,200.01,9.1,11.84,10.56,ceda_agmarknet
2025-03-07,madanapalle,tomato,210.33,7.8,10.85,9.5,ceda_agmarknet
2025-03-08,madanapalle,tomato,196.07,8.95,11.55,10.35,ceda_agmarknet
2025-03-09,madanapalle,tomato,206.05,8.683333333333334,11.266666666666667,10.183333333333334,ceda_agmarknet
2025-03-10,madanapalle,tomato,236.62,8.533333333333333,11.083333333333332,9.983333333333334,ceda_agmarknet
2025-03-11,madanapalle,tomato,244.05,8.866666666666667,11.983333333333333,10.516666666666667,ceda_agmarknet
2025-03-12,madanapalle,tomato,255.47,8.65,11.45,10.266666666666667,ceda_agmarknet
2025-03-13,madanapalle,tomato,259.81,8.516666666666666,10.833333333333332,9.85,ceda_agmarknet
2025-03-14,madanapalle,tomato,276.4,8.433333333333334,10.866666666666667,9.883333333333333,ceda_agmarknet
2025-03-15,madanapalle,tomato,244.38,8.683333333333334,10.933333333333332,9.866666666666667,ceda_agmarknet
2025-03-16,madanapalle,tomato,263.22999999999996,8.766666666666666,11.316666666666668,10.05,ceda_agmarknet
2025-03-17,madanapalle,tomato,286.71,8.766666666666666,11.333333333333332,10.25,ceda_agmarknet
2025-03-18,madanapalle,tomato,311.13,8.65,11.183333333333332,10.1,ceda_agmarknet
2025-03-19,madanapalle,tomato,295.21,8.466666666666667,10.816666666666668,9.8,ceda_agmarknet
2025-03-20,madanapalle,tomato,280.42,8.666666666666666,11.05,9.833333333333334,ceda_agmarknet
2025-03-21,madanapalle,tomato,315.59999999999997,8.191666666666666,10.475,9.366666666666667,ceda_agmarknet
2025-03-22,madanapalle,tomato,264.03,8.6,11.0,9.9,ceda_agmarknet
2025-03-23,madanapalle,tomato,291.65,8.4,10.72,9.74,ceda_agmarknet
2025-03-24,madanapalle,tomato,345.18,8.033333333333333,10.566666666666668,9.583333333333334,ceda_agmarknet
2025-03-25,madanapalle,tomato,313.38,8.2,10.416666666666668,9.45,ceda_agmarknet
2025-03-26,madanapalle,tomato,328.41,8.166666666666666,10.7,9.7,ceda_agmarknet
2025-03-27,madanapalle,tomato,341.99000000000007,7.933333333333334,10.283333333333333,9.3,ceda_agmarknet
2025-03-28,madanapalle,tomato,373.40000000000003,8.033333333333333,10.483333333333333,9.483333333333334,ceda_agmarknet
2025-03-29,madanapalle,tomato,287.98,8.24,10.44,9.54,ceda_agmarknet
2025-03-30,madanapalle,tomato,89.88000000000001,9.6,13.833333333333332,11.733333333333333,ceda_agmarknet
2025-03-31,madanapalle,tomato,229.57999999999998,11.433333333333332,16.616666666666667,14.333333333333332,ceda_agmarknet
2025-04-01,madanapalle,tomato,326.41999999999996,10.4,14.38,12.52,ceda_agmarknet
2025-04-02,madanapalle,tomato,381.34999999999997,9.283333333333333,11.433333333333332,10.416666666666668,ceda_agmarknet
2025-04-03,madanapalle,tomato,439.47999999999996,9.048333333333334,11.366666666666667,10.233333333333334,ceda_agmarknet
2025-04-04,madanapalle,tomato,509.33,8.8,11.32857142857143,10.1,ceda_agmarknet
2025-04-05,madanapalle,tomato,441.22,8.957142857142857,11.242857142857142,10.2,ceda_agmarknet
2025-04-06,madanapalle,tomato,473.13,9.2,11.428571428571429,10.285714285714286,ceda_agmarknet
2025-04-07,madanapalle,tomato,526.39,8.8,11.628571428571428,10.357142857142858,ceda_agmarknet
2025-04-08,madanapalle,tomato,546.22,9.257142857142856,11.385714285714286,10.385714285714286,ceda_agmarknet
2025-04-09,madanapalle,tomato,446.28000000000003,9.814285714285715,12.32857142857143,11.3,ceda_agmarknet
2025-04-10,madanapalle,tomato,644.87,10.27142857142857,13.057142857142857,12.028571428571428,ceda_agmarknet
2025-04-11,madanapalle,tomato,706.71,10.257142857142858,13.128571428571428,11.842857142857142,ceda_agmarknet
2025-04-12,madanapalle,tomato,568.4100000000001,10.34,13.08,11.88,ceda_agmarknet
2025-04-13,madanapalle,tomato,656.91,9.86,12.34,11.28,ceda_agmarknet
2025-04-14,madanapalle,tomato,736.58,9.885714285714286,12.342857142857142,11.157142857142858,ceda_agmarknet
2025-04-15,madanapalle,tomato,929.34,9.514285714285714,11.757142857142858,10.6,ceda_agmarknet
2025-04-16,madanapalle,tomato,952.26,9.22857142857143,11.214285714285714,10.385714285714286,ceda_agmarknet
2025-04-17,madanapalle,tomato,922.89,8.9,10.857142857142858,10.014285714285714,ceda_agmarknet
2025-04-18,madanapalle,tomato,1019.7,8.5,10.8,9.685714285714285,ceda_agmarknet
2025-04-19,madanapalle,tomato,937.87,8.842857142857143,11.142857142857142,10.028571428571428,ceda_agmarknet
2025-04-20,madanapalle,tomato,855.0500000000001,9.8,11.633333333333333,10.75,ceda_agmarknet
2025-04-21,madanapalle,tomato,1143.46,9.114285714285714,11.514285714285712,10.32857142857143,ceda_agmarknet
2025-04-22,madanapalle,tomato,1335.7299999999998,9.071428571428571,11.357142857142858,10.185714285714285,ceda_agmarknet
2025-04-23,madanapalle,tomato,1358.9099999999999,8.785714285714285,11.028571428571428,10.028571428571428,ceda_agmarknet
2025-04-24,madanapalle,tomato,1555.95,8.528571428571428,10.72857142857143,9.77142857142857,ceda_agmarknet
2025-04-25,madanapalle,tomato,1521.17,8.414285714285715,10.457142857142857,9.5,ceda_agmarknet
2025-04-26,madanapalle,tomato,1428.67,8.385714285714286,10.342857142857142,9.428571428571429,ceda_agmarknet
2025-04-27,madanapalle,tomato,1002.9100000000001,8.3,10.22857142857143,9.32857142857143,ceda_agmarknet
2025-04-28,madanapalle,tomato,1074.72,8.6,10.571428571428571,9.685714285714285,ceda_agmarknet
2025-04-29,madanapalle,tomato,1822.56,8.471428571428572,10.657142857142858,9.67142857142857,ceda_agmarknet
2025-04-30,madanapalle,tomato,1853.1499999999999,8.471428571428572,10.414285714285713,9.485714285714286,ceda_agmarknet
2025-05-01,madanapalle,tomato,1920.57,7.8,9.685714285714285,8.82857142857143,ceda_agmarknet
2025-05-02,madanapalle,tomato,1945.01,7.885714285714285,9.6,8.785714285714285,ceda_agmarknet
2025-05-03,madanapalle,tomato,1840.21,7.8,9.471428571428572,8.642857142857144,ceda_agmarknet
2025-05-04,madanapalle,tomato,1449.58,8.0,9.38,8.78,ceda_agmarknet
2025-05-05,madanapalle,tomato,1510.68,7.766666666666667,9.116666666666667,8.516666666666666,ceda_agmarknet
2025-05-06,madanapalle,tomato,1337.37,7.942857142857143,9.6,8.82857142857143,ceda_agmarknet
2025-05-07,madanapalle,tomato,2118.8999999999996,7.857142857142857,9.32857142857143,8.585714285714285,ceda_agmarknet
2025-05-08,madanapalle,tomato,2265.8399999999997,7.142857142857143,8.77142857142857,7.914285714285715,ceda_agmarknet
2025-05-09,madanapalle,tomato,2236.22,7.5,9.085714285714285,8.32857142857143,ceda_agmarknet
2025-05-10,madanapalle,tomato,1535.33,7.6,9.5,8.633333333333333,ceda_agmarknet
2025-05-11,madanapalle,tomato,2110.36,7.271428571428571,9.17142857142857,8.342857142857143,ceda_agmarknet
2025-05-12,madanapalle,tomato,2205.23,7.542857142857144,9.4,8.485714285714286,ceda_agmarknet
2025-05-13,madanapalle,tomato,2634.3999999999996,7.514285714285714,9.32857142857143,8.514285714285714,ceda_agmarknet
2025-05-14,madanapalle,tomato,2623.37,7.5285714285714285,9.342857142857143,8.485714285714286,ceda_agmarknet
2025-05-15,madanapalle,tomato,2575.0299999999997,7.128571428571429,8.814285714285715,7.9714285714285715,ceda_agmarknet
2025-05-16,madanapalle,tomato,2479.42,6.928571428571429,8.7,7.9,ceda_agmarknet
2025-05-17,madanapalle,tomato,2710.48,7.342857142857143,8.957142857142857,8.142857142857144,ceda_agmarknet
2025-05-18,madanapalle,tomato,2535.15,7.428571428571429,8.82857142857143,8.1,ceda_agmarknet
2025-05-19,madanapalle,tomato,1758.52,8.514285714285714,10.414285714285713,9.442857142857143,ceda_agmarknet
2025-05-20,madanapalle,tomato,2709.3100000000004,8.4,10.571428571428571,9.614285714285714,ceda_agmarknet
2025-05-21,madanapalle,tomato,2989.27,8.185714285714285,10.042857142857143,9.157142857142857,ceda_agmarknet
2025-05-22,madanapalle,tomato,2936.05,7.585714285714285,9.414285714285715,8.514285714285714,ceda_agmarknet
2025-05-23,madanapalle,tomato,3026.1499999999996,7.914285714285715,9.971428571428572,9.242857142857144,ceda_agmarknet
2025-05-24,madanapalle,tomato,1805.08,7.55,9.966666666666667,8.866666666666667,ceda_agmarknet
2025-05-25,madanapalle,tomato,1839.0800000000002,8.466666666666667,10.533333333333333,9.583333333333334,ceda_agmarknet
2025-05-26,madanapalle,tomato,3874.37,8.428571428571429,10.385714285714286,9.557142857142857,ceda_agmarknet
2025-05-27,madanapalle,tomato,4113.68,8.114285714285714,10.0,9.214285714285715,ceda_agmarknet
2025-05-28,madanapalle,tomato,4173.62,7.785714285714286,9.442857142857143,8.657142857142857,ceda_agmarknet
2025-05-29,madanapalle,tomato,2891.93,7.9714285714285715,9.685714285714285,8.9,ceda_agmarknet
2025-05-30,madanapalle,tomato,4124.4,7.914285714285715,9.957142857142857,9.157142857142857,ceda_agmarknet
2025-05-31,madanapalle,tomato,4144.4,7.671428571428571,9.657142857142857,8.714285714285715,ceda_agmarknet
2025-06-01,madanapalle,tomato,3587.83,8.14,10.24,9.48,ceda_agmarknet
2025-06-02,madanapalle,tomato,4560.6,9.757142857142856,12.685714285714287,11.214285714285714,ceda_agmarknet
2025-06-03,madanapalle,tomato,4380.65,11.857142857142858,16.014285714285712,13.657142857142858,ceda_agmarknet
2025-06-04,madanapalle,tomato,4230.5,12.814285714285713,16.5,14.642857142857142,ceda_agmarknet
2025-06-05,madanapalle,tomato,3725.9800000000005,11.142857142857142,15.9,14.128571428571428,ceda_agmarknet
2025-06-06,madanapalle,tomato,3872.3300000000004,11.1,14.385714285714286,12.885714285714286,ceda_agmarknet
2025-06-07,madanapalle,tomato,1854.5,10.457142857142857,13.928571428571429,12.428571428571429,ceda_agmarknet
2025-06-08,madanapalle,tomato,745.97,10.5,14.7,12.6,ceda_agmarknet
2025-06-09,madanapalle,tomato,2709.4700000000003,16.142857142857142,20.334285714285713,18.42857142857143,ceda_agmarknet
2025-06-10,madanapalle,tomato,2953,18.083333333333332,23.083333333333336,20.723333333333336,ceda_agmarknet
2025-06-11,madanapalle,tomato,3540.75,18.42857142857143,23.085714285714285,20.971428571428575,ceda_agmarknet
2025-06-12,madanapalle,tomato,3373.0499999999997,16.242857142857144,20.12,18.52857142857143,ceda_agmarknet
2025-06-13,madanapalle,tomato,3510.1,16.67142857142857,20.771428571428572,19.185714285714287,ceda_agmarknet
2025-06-14,madanapalle,tomato,2843.48,15.416666666666668,19.833333333333332,17.933333333333334,ceda_agmarknet
2025-06-15,madanapalle,tomato,3442.94,14.971428571428572,19.257142857142856,17.32857142857143,ceda_agmarknet
2025-06-16,madanapalle,tomato,2503.25,13.4,18.76,16.4,ceda_agmarknet
2025-06-17,madanapalle,tomato,2952.8500000000004,15.17142857142857,20.257142857142856,17.95714285714286,ceda_agmarknet
2025-06-18,madanapalle,tomato,3261.48,14.385714285714286,19.17142857142857,17.442857142857143,ceda_agmarknet
2025-06-19,madanapalle,tomato,3594.8,11.82857142857143,16.332857142857144,14.642857142857142,ceda_agmarknet
2025-06-20,madanapalle,tomato,3226.8,11.042857142857143,15.257142857142858,13.471428571428572,ceda_agmarknet
2025-06-21,madanapalle,tomato,3131.38,11.0,15.042857142857143,13.414285714285713,ceda_agmarknet
2025-06-22,madanapalle,tomato,1851.15,12.25,17.3,15.25,ceda_agmarknet
2025-06-23,madanapalle,tomato,3259.8199999999997,13.342857142857142,18.514285714285712,16.442857142857143,ceda_agmarknet
2025-06-24,madanapalle,tomato,2297.2799999999997,16.733333333333334,23.5,20.533333333333335,ceda_agmarknet
2025-06-25,madanapalle,tomato,2768.6499999999996,18.266666666666666,23.616666666666664,20.856666666666666,ceda_agmarknet
2025-06-26,madanapalle,tomato,2932.45,16.28571428571429,22.385714285714286,19.614285714285714,ceda_agmarknet
2025-06-27,madanapalle,tomato,3119.73,16.5,22.428571428571427,19.95714285714286,ceda_agmarknet
2025-06-28,madanapalle,tomato,3034.48,16.4,22.533333333333335,20.0,ceda_agmarknet
2025-06-29,madanapalle,tomato,2491.7,17.25,24.5,21.125,ceda_agmarknet
2025-06-30,madanapalle,tomato,2803.6,19.6,27.2,23.5,ceda_agmarknet
